"点击这里以选择指标，然后再点击""更新""或""下载编辑""按钮更新或新增及移除数列",单位,1980,1981,1982,1983,1984,1985,1986,1987,1988,1989,1990,1991,1992,1993,1994,1995,1996,1997,1998,1999,2000,2001,2002,2003,2004,2005,2006,2007,2008,2009,2010,2011,2012,2013,2014,2015,2016,2017,2018
存款:地级市合计,百万人民币,,,,,,,,,,,,,,,,,,,,,,,,19988027.92,23303662.77,27918787.00,31626115.73,36504051.10,44054590.02,56687964.45,67784861.75,75959489.59,87019409.22,99399005.17,108249837.30,,,,
存款:北京,百万人民币,,,,,,,,,,,,,,,,352719.16,437887.12,522800.01,666683.68,826716.15,1152600.00,1410920.00,1743840.00,2047600.00,2378130.00,2896990.00,3379331.45,3770025.46,4398070.41,5696011.88,6658459.50,7500191.48,8483730.99,9166053.65,10009553.90,12857296.50,13840885.46,14408595.64,15709223.25
存款:天津,百万人民币,,,,,,,,,,,,,,,,,,,,,,,,403351.00,475028.00,568440.00,653194.00,824207.00,995416.00,1388711.00,1649925.00,1758691.00,2029379.00,2331655.86,2477775.00,2814937.00,3006703.00,3094081.00,3098317.00
存款:河北:石家庄,百万人民币,,,,,,,,,,,,,,,,,,,,,,,,193228.01,220886.68,257415.36,196842.19,333132.30,411156.26,516305.61,611580.28,671530.00,764070.00,860780.00,912461.25,980010.00,1107790.00,1170300.00,
存款:河北:唐山,百万人民币,,,,,,,,,,,,,,,,,,,,,,,,107641.49,130974.94,157929.03,188768.41,224641.18,289685.54,365785.37,418824.83,474832.00,543746.00,612362.00,676685.36,745680.00,827990.00,874840.00,936980.00
存款:河北:秦皇岛市,百万人民币,,,,,,,,,,,,,,,,,,,,,,,,46915.04,54399.84,62501.04,70989.31,83213.14,101383.36,128822.64,150406.36,168678.31,192649.95,212259.73,227826.76,243146.09,262180.75,288434.89,326063.10
存款:河北:邯郸市,百万人民币,,,,,,,,,,,,,,,,,,,,,,,,70638.64,84621.21,101620.70,116954.69,124525.71,147475.02,184868.92,213149.76,249099.64,292450.00,343150.00,374757.42,413950.00,462110.00,503990.00,
存款:河北:邢台市,百万人民币,,,,,,,,,,,,,,,,,,,,,,,,52922.13,62176.46,69829.17,79710.59,90072.51,111132.59,138417.44,157902.62,182466.69,205938.00,239720.00,266930.46,293690.00,333530.00,,
存款:河北:保定市,百万人民币,,,,,,,,,,,,,,,,,,,,,,,,93561.63,105504.84,121558.23,143484.72,161424.28,196522.54,243415.36,285644.07,324837.93,377490.00,410690.00,500861.79,511300.00,586000.00,642460.00,
存款:河北:张家口市,百万人民币,,,,,,,,,,,,,,,,,,,,,,,,37563.26,44894.17,52841.24,61067.21,71345.52,86312.05,113306.60,130029.18,145921.08,167390.00,191359.00,211379.47,,,,
存款:河北:承德市,百万人民币,,,,,,,,,,,,,,,,,,,,,,,,25820.21,31571.80,37660.47,45263.18,55990.68,68659.93,89698.76,108757.52,119339.18,135910.00,160125.58,175550.81,,,,
存款:河北:沧州市,百万人民币,,,,,,,,,,,,,,,,,,,,,,,,69396.45,77301.85,89503.75,100866.84,110161.54,139339.31,176548.54,202658.89,230009.14,268990.00,310548.00,343889.60,382379.00,429871.00,,
存款:河北:廊坊市,百万人民币,,,,,,,,,,,,,,,,,,,,,,,,51196.06,58298.24,68928.54,82543.60,102033.31,126772.85,160509.10,198192.16,228556.11,271239.02,327660.00,393346.70,501107.76,617988.24,617060.00,
存款:河北:衡水市,百万人民币,,,,,,,,,,,,,,,,,,,,,,,,40516.30,45561.23,51674.21,58609.41,64306.52,78441.91,98397.29,115438.75,132888.71,157110.00,185460.00,210667.73,243580.00,256655.00,280100.00,
存款:山西:太原市,百万人民币,,,,,,,,,,,,,,,,,,,,,,,,153459.00,222506.81,253925.07,309656.72,358420.28,448077.46,589214.56,696519.16,764103.00,897690.00,994851.00,1001125.94,1083005.00,1107004.00,1162128.00,
存款:山西:大同市,百万人民币,,,,,,,,,,,,,,,,,,,,,,,,43257.37,55762.76,76663.09,91091.69,105034.74,129258.07,148638.92,165846.37,187625.00,201792.00,225847.00,228236.64,242695.01,263817.79,270470.13,
存款:山西:阳泉市,百万人民币,,,,,,,,,,,,,,,,,,,,,,,,17653.42,22984.04,30531.59,36527.35,42493.87,55341.32,69858.51,87722.56,97551.00,109837.00,115100.00,115285.78,135271.72,136798.82,148457.47,157850.00
存款:山西:长治市,百万人民币,,,,,,,,,,,,,,,,,,,,,,,,31589.01,39993.90,47908.17,61072.32,71556.41,93029.92,113152.01,136763.09,157420.00,172405.00,184798.00,194593.99,204416.83,212217.71,239044.26,268300.00
存款:山西:晋城市,百万人民币,,,,,,,,,,,,,,,,,,,,,,,,30925.47,39829.29,50445.81,62349.19,71961.51,95799.88,110704.26,132492.93,150113.00,172958.00,175951.00,180407.81,180010.00,193460.00,,
存款:山西:朔州市,百万人民币,,,,,,,,,,,,,,,,,,,,,,,,13595.00,17666.65,23732.05,30600.00,37712.82,52783.45,64181.08,76931.72,91484.00,105210.00,109418.00,112004.56,119169.57,129294.63,137795.59,
存款:山西:晋中市,百万人民币,,,,,,,,,,,,,,,,,,,,,,,,31416.91,38605.68,47545.93,56715.43,67747.02,88372.80,106425.51,124557.23,144907.00,168180.00,183669.00,190979.68,205016.84,236609.51,257159.93,281550.00
存款:山西:运城市,百万人民币,,,,,,,,,,,,,,,,,,,,,,,,32636.08,36622.69,43510.00,52656.30,59520.00,71840.00,82788.37,95162.09,111815.00,132056.00,151028.00,159500.00,172090.15,188783.08,202735.09,
存款:山西:忻州市,百万人民币,,,,,,,,,,,,,,,,,,,,,,,,23982.88,28858.05,36112.03,43959.93,53982.79,68409.50,80391.81,96422.64,113561.00,131132.00,146490.00,154334.94,164175.08,178506.12,196190.13,213730.00
存款:山西:临汾市,百万人民币,,,,,,,,,,,,,,,,,,,,,,,,41186.41,50780.31,61289.03,70169.26,77831.40,92079.98,109706.52,132541.75,145902.00,165688.00,179396.00,185362.02,196644.71,213901.02,231372.38,250161.00
存款:山西:吕梁市,百万人民币,,,,,,,,,,,,,,,,,,,,,,,,22361.00,28174.89,35437.64,42509.65,55388.58,78253.97,91654.40,113427.97,135843.00,158746.00,160355.00,157845.00,161642.23,181110.51,201856.86,228510.00
存款:内蒙古:呼和浩特市,百万人民币,,,,,,,,,,,,,,,,,,,,,,,,47800.90,63561.99,80389.94,97528.01,131775.68,164983.03,212571.39,267892.00,312446.08,380576.00,428905.00,472375.18,,,,
存款:内蒙古:包头市,百万人民币,,,,,,,,,,,,,,,,,,,,,,,,43083.00,52831.94,67892.13,85569.75,102101.39,120197.65,149620.84,170561.50,199296.80,207980.00,232659.00,249359.56,,,,
存款:内蒙古:乌海市,百万人民币,,,,,,,,,,,,,,,,,,,,,,,,7506.61,9484.49,12201.22,13565.00,16194.00,24853.00,33123.86,41197.97,49413.33,55995.00,58733.00,60043.30,,,,
存款:内蒙古:赤峰市,百万人民币,,,,,,,,,,,,,,,,,,,,,,,,21551.07,25427.29,31986.86,38634.23,49535.54,58411.00,72041.97,87941.97,103700.02,115862.00,126764.00,136647.21,,,,
存款:内蒙古:通辽市,百万人民币,,,,,,,,,,,,,,,,,,,,,,,,12900.00,14854.01,18150.14,20372.61,23116.27,28924.59,38075.75,47937.72,56400.42,62782.00,69935.00,71111.56,81419.00,,,
存款:内蒙古:鄂尔多斯市,百万人民币,,,,,,,,,,,,,,,,,,,,,,,,14003.59,18836.83,30592.24,39188.87,48216.28,78667.29,139420.00,176090.00,201260.04,219492.00,232569.00,249430.00,270090.00,311820.00,337430.00,
存款:内蒙古:呼伦贝尔市,百万人民币,,,,,,,,,,,,,,,,,,,,,,,,22944.07,26053.00,32613.00,38318.00,42589.00,51517.00,65024.19,76231.32,87528.62,99583.00,111107.00,115653.50,126885.00,,,
存款:内蒙古:巴彦淖尔市,百万人民币,,,,,,,,,,,,,,,,,,,,,,,,12291.38,14520.70,17723.49,21741.30,25045.00,31510.15,39436.00,45928.00,52085.80,60550.00,58918.00,74582.42,81480.00,,,
存款:内蒙古:乌兰察布市,百万人民币,,,,,,,,,,,,,,,,,,,,,,,,11132.07,13128.36,15421.42,18527.17,21569.72,27461.90,35090.33,42630.34,50139.79,59762.00,65467.00,72021.00,87190.00,,,
存款:辽宁:沈阳市,百万人民币,,,,,,,,,,,,,,,,,,,,,,,,269174.21,320642.75,369661.53,410089.33,454971.17,527591.89,665744.55,809198.86,904067.79,1044155.03,1157658.16,1245800.00,1403540.00,1444630.00,1575290.00,1774620.00
存款:辽宁:大连市,百万人民币,,,,,,,,,,,,,,,,,,,,,,,,252064.32,293576.29,345102.67,397483.78,418242.65,530367.05,687477.90,850351.92,939507.97,1076777.79,1195364.66,1215300.00,1386450.00,1470200.00,1414290.00,1399910.00
存款:辽宁:鞍山市,百万人民币,,,,,,,,,,,,,,,,,,,,,,,,64971.12,75629.43,90310.00,102280.16,115211.37,139759.39,167497.34,190264.24,206396.97,226943.49,253008.89,286090.00,310940.00,323510.00,347080.00,
存款:辽宁:抚顺市,百万人民币,,,,,,,,,,,,,,,,,,,,,,,,36454.70,40789.93,47561.34,55445.03,56695.69,65723.13,80213.66,92769.19,104197.33,116170.16,128388.92,135042.18,150630.00,161510.00,173220.00,
存款:辽宁:本溪市,百万人民币,,,,,,,,,,,,,,,,,,,,,,,,28753.14,33518.21,37952.00,43516.90,45313.70,52700.55,62467.57,72751.14,85968.51,94440.47,102933.44,111630.00,119430.00,128440.00,139920.00,154350.00
存款:辽宁:丹东市,百万人民币,,,,,,,,,,,,,,,,,,,,,,,,34781.55,38909.19,45724.88,50674.25,52212.57,61594.21,76118.54,91940.74,106178.70,124483.75,136299.15,148831.39,167210.00,186820.00,202890.00,215250.00
存款:辽宁:锦州市,百万人民币,,,,,,,,,,,,,,,,,,,,,,,,39926.07,43963.64,50293.92,57468.75,60450.99,72239.53,84637.65,101140.16,113755.84,129558.39,151723.34,172550.00,208400.00,265530.00,319500.00,396120.00
存款:辽宁:营口市,百万人民币,,,,,,,,,,,,,,,,,,,,,,,,27999.22,33072.75,39463.62,45381.57,51140.08,62591.80,82758.75,94618.50,111208.31,129424.93,151067.31,174910.00,233660.00,259830.00,247270.00,288940.00
存款:辽宁:阜新市,百万人民币,,,,,,,,,,,,,,,,,,,,,,,,15865.42,18431.23,16121.15,25629.91,27949.58,34487.36,42194.11,50527.26,60706.27,68612.54,80425.87,83750.00,91243.33,100972.98,109910.50,115200.00
存款:辽宁:辽阳市,百万人民币,,,,,,,,,,,,,,,,,,,,,,,,26583.54,31545.69,36589.07,41305.23,43479.60,54125.19,69215.66,82943.17,97560.15,115505.23,132212.59,140818.56,166370.00,222970.00,256520.00,307730.00
存款:辽宁:盘锦市,百万人民币,,,,,,,,,,,,,,,,,,,,,,,,31974.20,35921.52,42467.84,48876.83,52179.89,59454.97,72735.84,83983.41,95263.52,110790.89,123762.47,130672.06,146660.00,167070.00,167580.00,178610.00
存款:辽宁:铁岭市,百万人民币,,,,,,,,,,,,,,,,,,,,,,,,20914.00,23823.13,30208.52,33797.41,35957.84,44855.92,56552.50,62492.88,73551.91,83648.31,92285.33,102481.35,,,,
存款:辽宁:朝阳市,百万人民币,,,,,,,,,,,,,,,,,,,,,,,,21370.33,25236.49,28931.40,34720.59,40120.72,49440.79,57954.58,70554.81,88320.94,102416.19,116087.98,124578.93,137750.00,157380.00,170380.00,184750.00
存款:辽宁:葫芦岛市,百万人民币,,,,,,,,,,,,,,,,,,,,,,,,27818.56,32435.02,37855.77,47698.80,48699.00,57693.11,68911.91,81117.07,93617.08,107419.71,120578.75,130350.00,,,,
存款:吉林:长春市,百万人民币,,,,,,,,,,,,,,,,,,,,,,,,161520.20,183455.85,200763.18,233636.21,255325.24,302446.51,430877.74,498590.29,556822.92,768860.00,780830.98,872338.97,995990.00,1112223.00,1154088.00,1155120.00
存款:吉林:吉林市,百万人民币,,,,,,,,,,,,,,,,,,,,,,,,51736.69,58787.17,69489.52,79950.26,84535.38,99060.65,118120.21,133495.05,148796.12,197119.00,197531.22,219570.00,249320.00,269590.00,267610.00,
存款:吉林:四平市,百万人民币,,,,,,,,,,,,,,,,,,,,,,,,19164.35,23242.65,27001.89,31109.45,32282.60,40688.57,47451.09,54368.94,63717.77,82089.00,83494.87,92790.00,106660.00,124480.00,132050.00,
存款:吉林:辽源市,百万人民币,,,,,,,,,,,,,,,,,,,,,,,,8862.48,11126.90,13637.99,15184.26,15551.04,17313.87,21616.94,25920.21,29674.61,32910.00,37167.75,40212.94,45816.00,,,
存款:吉林:通化市,百万人民币,,,,,,,,,,,,,,,,,,,,,,,,20695.52,23495.05,26962.86,30765.19,32029.16,38759.53,47709.16,56148.36,63760.42,80332.00,81596.19,91095.06,105027.00,128710.00,120890.00,
存款:吉林:白山市,百万人民币,,,,,,,,,,,,,,,,,,,,,,,,12978.66,14830.48,18164.08,21227.32,22294.97,27025.11,33225.75,37251.10,43339.71,52372.00,54010.58,57044.89,62320.00,87990.00,83515.00,73469.00
存款:吉林:松原市,百万人民币,,,,,,,,,,,,,,,,,,,,,,,,13117.64,14733.42,19266.66,24540.83,27478.91,33733.19,40546.78,48197.50,55332.57,72671.00,74580.35,83097.48,,,,
存款:吉林:白城市,百万人民币,,,,,,,,,,,,,,,,,,,,,,,,9338.71,11863.80,13879.58,15817.69,16333.82,20832.07,26491.81,30599.79,35796.23,42660.00,50364.16,57443.54,65086.00,73719.00,79960.00,
存款:黑龙江:哈尔滨市,百万人民币,,,,,,,,,,,,,,,,,,,,,,,,201522.39,226070.89,263022.69,303694.41,333951.16,397475.09,503114.99,595635.51,661250.06,736033.37,858883.52,901210.00,968860.00,996170.00,1064010.00,1161600.00
存款:黑龙江:齐齐哈尔市,百万人民币,,,,,,,,,,,,,,,,,,,,,,,,35885.85,36900.59,42032.76,47358.87,51611.37,63529.14,76720.16,87696.58,98146.19,115171.91,129330.48,143474.47,,,,
存款:黑龙江:鸡西市,百万人民币,,,,,,,,,,,,,,,,,,,,,,,,19411.14,22361.93,27630.16,30069.54,31749.14,40531.29,48315.20,55672.16,63710.38,73739.17,79875.08,85570.48,93590.00,103277.13,108310.00,111680.00
存款:黑龙江:鹤岗市,百万人民币,,,,,,,,,,,,,,,,,,,,,,,,12048.62,13415.13,14831.67,16174.26,17499.14,21987.11,29037.69,32589.32,38418.43,42410.80,47187.12,48713.43,56580.00,59500.00,,
存款:黑龙江:双鸭山市,百万人民币,,,,,,,,,,,,,,,,,,,,,,,,9216.20,13378.83,16522.26,17926.44,20092.39,25358.77,36620.98,42330.14,47909.35,53365.47,56396.22,62270.36,,,,
存款:黑龙江:大庆市,百万人民币,,,,,,,,,,,,,,,,,,,,,,,,68469.46,75863.65,90533.00,101705.24,111791.87,120206.38,135642.78,156091.98,171218.45,197055.63,203305.25,204655.64,220960.00,225680.00,230680.00,250360.00
存款:黑龙江:伊春市,百万人民币,,,,,,,,,,,,,,,,,,,,,,,,14764.40,15756.34,16987.37,18692.45,19890.59,23709.42,28341.71,33667.49,38562.97,45304.71,48658.77,52172.42,,,,
存款:黑龙江:佳木斯市,百万人民币,,,,,,,,,,,,,,,,,,,,,,,,23327.20,25823.16,30748.03,32703.56,36066.53,45333.53,54396.54,63105.40,70412.32,80585.52,92513.54,102292.08,,,,
存款:黑龙江:七台河市,百万人民币,,,,,,,,,,,,,,,,,,,,,,,,7966.38,9348.97,11274.32,12872.18,14038.28,18255.84,22145.96,25775.80,29525.71,33820.47,34733.09,35321.26,37296.00,41061.00,44686.00,
存款:黑龙江:牡丹江市,百万人民币,,,,,,,,,,,,,,,,,,,,,,,,36560.40,40085.72,45178.40,50411.68,52879.27,61379.46,71527.62,81751.23,93215.11,103420.62,112004.73,120541.64,130400.00,,,
存款:黑龙江:黑河市,百万人民币,,,,,,,,,,,,,,,,,,,,,,,,13044.63,14029.51,13928.14,19583.19,22345.28,27601.06,33395.95,38300.21,44454.83,50083.35,54422.38,59611.93,,,,
存款:黑龙江:绥化市,百万人民币,,,,,,,,,,,,,,,,,,,,,,,,21890.02,23475.88,26778.47,29243.50,31394.41,40255.00,47154.84,55429.36,64493.67,76389.17,85342.35,104392.00,,,,
存款:上海,百万人民币,,,,,,,,,,,,,,,,467509.00,574598.00,721945.00,748520.00,848006.00,934983.00,1124790.00,1403577.00,1731838.00,1999405.00,2332086.00,2645488.00,3031553.00,3558907.00,4462027.00,5219004.00,5818648.07,6355525.11,6925632.05,7388245.14,10376060.00,11051096.00,11246174.00,12111232.95
存款:江苏:南京市,百万人民币,,,,,,,,,,,,,,,,,,,,,,,,362255.19,423401.12,508331.72,580221.00,699599.58,839288.12,1088691.94,1264952.00,1424199.00,1654043.46,1841789.78,2073339.00,2647169.00,2835589.00,3076463.00,3452486.00
存款:江苏:无锡市,百万人民币,,,,,,,,,,,,,,,,,,,,,,,,215685.00,258516.00,322239.00,377206.00,427659.16,532181.45,721669.15,854505.15,972244.00,1074037.77,1164195.61,1231501.00,1318125.00,1461200.00,1514130.00,1605679.00
存款:江苏:徐州市,百万人民币,,,,,,,,,,,,,,,,,,,,,,,,72772.02,84145.73,101089.40,119372.00,140382.44,171914.38,217262.38,263218.73,300376.00,340300.38,392049.74,428646.17,474701.00,549531.00,639638.00,710739.00
存款:江苏:常州市,百万人民币,,,,,,,,,,,,,,,,,,,,,,,,117056.00,136222.00,164961.00,197401.00,226384.00,281942.00,376591.00,455047.39,502088.00,578988.43,653833.42,675857.45,743868.00,854082.00,987337.00,979855.00
存款:江苏:苏州市,百万人民币,,,,,,,,,,,,,,,,,,,,,,,,314978.94,381452.81,473005.32,579795.00,706883.13,834079.21,1095024.60,1357034.95,1600417.00,1879605.74,2123758.75,2142819.58,2365900.00,2772755.00,2854777.00,
存款:江苏:南通市,百万人民币,,,,,,,,,,,,,,,,,,,,,,,,127929.32,152339.91,180001.55,211395.00,238483.48,296612.82,392646.55,485784.64,561460.00,647800.65,754212.30,833953.77,984340.00,1133014.00,1171729.00,1221117.00
存款:江苏:连云港市,百万人民币,,,,,,,,,,,,,,,,,,,,,,,,29355.44,35791.96,42682.80,50611.00,63393.08,79683.93,100796.41,124380.78,138869.00,153803.61,170993.44,188731.00,216392.00,255548.00,297698.00,
存款:江苏:淮安市,百万人民币,,,,,,,,,,,,,,,,,,,,,,,,29731.27,35535.51,42726.73,51137.00,58997.59,69453.27,93331.39,119079.53,133501.23,152141.07,173707.01,203686.00,235691.00,312181.00,348522.00,
存款:江苏:盐城市,百万人民币,,,,,,,,,,,,,,,,,,,,,,,,62383.25,73504.16,85085.49,93973.00,107165.28,130210.38,164524.67,199598.00,233619.00,271687.34,321999.00,372100.00,441480.00,525395.00,598074.00,617728.00
存款:江苏:扬州市,百万人民币,,,,,,,,,,,,,,,,,,,,,,,,72097.90,83973.61,95269.88,108526.00,125384.40,155191.00,206713.00,243054.99,286065.00,336522.40,388839.01,429675.00,471940.00,536155.00,570087.00,599755.00
存款:江苏:镇江市,百万人民币,,,,,,,,,,,,,,,,,,,,,,,,58088.04,67650.71,80395.51,92820.00,102358.80,126271.23,178529.49,220321.68,247445.00,290348.15,334673.28,353627.27,405671.00,470599.00,487750.00,504297.00
存款:江苏:泰州市,百万人民币,,,,,,,,,,,,,,,,,,,,,,,,59633.40,70114.56,82490.12,95387.00,112694.00,140212.00,188539.43,232031.90,263269.00,307617.08,361256.33,395583.66,444170.00,527562.00,573230.00,611938.00
存款:江苏:宿迁市,百万人民币,,,,,,,,,,,,,,,,,,,,,,,,15868.42,19257.53,22936.27,28199.00,35570.70,44746.95,60709.47,81059.11,100323.00,124003.86,148898.98,159895.81,181981.00,220743.00,251496.00,274669.00
存款:浙江:杭州市,百万人民币,,,,,,,,,,,,,,,,,,,,,,,,443953.00,570720.00,674872.00,768302.00,915446.00,1114624.00,1428421.04,1708435.48,1824435.00,2014877.00,2217471.00,2395004.62,2986383.00,3311082.00,3648324.00,3981050.00
存款:浙江:宁波市,百万人民币,,,,,,,,,,,,,,,,,,,,,,,,262903.46,309179.54,379193.62,457348.11,530401.49,621046.91,824143.06,975551.58,1065926.54,1198049.84,1316460.45,1330740.57,1617530.00,1694229.00,1814915.00,1914997.00
存款:浙江:温州市,百万人民币,,,,,,,,,,,,,,,,,,,,,,,,175632.83,193508.65,226813.40,281881.37,337616.84,412178.55,535243.71,649759.17,754560.00,774494.00,777116.00,793715.57,957746.00,1021331.00,1087549.00,1173666.00
存款:浙江:嘉兴市,百万人民币,,,,,,,,,,,,,,,,,,,,,,,,102794.78,116604.32,134174.70,158327.90,179609.30,218624.00,290421.25,359082.26,407517.83,459734.00,507269.00,551386.54,595700.00,663022.00,734470.81,810432.26
存款:浙江:湖州市,百万人民币,,,,,,,,,,,,,,,,,,,,,,,,48641.62,52738.67,59859.09,70620.91,80128.36,100180.04,139768.68,180561.48,210205.00,228566.00,257793.00,281371.00,308970.00,355242.00,404535.00,458941.00
存款:浙江:绍兴市,百万人民币,,,,,,,,,,,,,,,,,,,,,,,,128017.78,152349.95,186488.62,226716.25,263926.86,323221.92,413954.07,494832.17,551014.00,592360.00,646173.00,666673.00,694891.00,743353.00,783728.00,843653.00
存款:浙江:金华市,百万人民币,,,,,,,,,,,,,,,,,,,,,,,,111990.13,133716.19,153698.64,175649.93,205970.89,255209.28,322083.01,398699.00,474669.00,532439.00,616156.00,663834.00,689080.00,761892.00,794757.00,869628.00
存款:浙江:衢州市,百万人民币,,,,,,,,,,,,,,,,,,,,,,,,30857.08,32579.32,37323.57,42995.60,48945.85,57452.98,75508.94,95311.87,115722.80,129951.67,149271.40,163561.66,173809.00,193883.00,213504.00,244022.00
存款:浙江:舟山市,百万人民币,,,,,,,,,,,,,,,,,,,,,,,,25936.58,30982.07,36348.79,45150.15,56171.42,73083.82,94393.28,114325.35,131497.00,138997.12,149711.00,162405.23,179108.00,191584.00,200848.00,203410.00
存款:浙江:台州市,百万人民币,,,,,,,,,,,,,,,,,,,,,,,,105618.50,116406.89,136944.16,164998.40,192130.38,235337.74,293560.51,358847.73,399890.00,450917.00,521972.00,567103.00,630594.00,706862.00,761841.00,851892.00
存款:浙江:丽水市,百万人民币,,,,,,,,,,,,,,,,,,,,,,,,29966.62,33257.77,37439.54,46846.58,52774.48,63235.84,93703.13,112822.62,129355.83,147523.17,168113.83,185836.40,196346.00,215105.00,230908.00,257233.00
存款:安徽:合肥市,百万人民币,,,,,,,,,,,,,,,,,,,,,,,,105962.21,129596.37,152185.29,186246.00,223133.09,272567.89,373530.91,454178.42,582205.88,704314.97,832936.99,926958.00,1119370.33,1347968.09,1423540.59,1567727.00
存款:安徽:芜湖市,百万人民币,,,,,,,,,,,,,,,,,,,,,,,,28401.10,32878.68,38239.62,46231.19,57407.57,71042.42,95339.74,121317.42,167717.88,187626.18,217596.38,232295.00,254868.08,291578.44,325456.82,374369.00
存款:安徽:蚌埠市,百万人民币,,,,,,,,,,,,,,,,,,,,,,,,25800.51,30045.16,33139.00,36780.95,41022.34,48240.06,57777.65,70765.00,83960.34,97954.93,126254.59,143345.60,162364.96,186906.14,196461.93,
存款:安徽:淮南市,百万人民币,,,,,,,,,,,,,,,,,,,,,,,,19904.92,25237.08,33345.00,40081.54,45078.80,55915.37,71906.34,86348.55,96129.12,111579.29,121249.30,122874.46,163045.92,177757.41,205756.98,
存款:安徽:马鞍山市,百万人民币,,,,,,,,,,,,,,,,,,,,,,,,20001.11,25693.16,30829.25,36755.06,43744.48,53606.66,67868.30,80043.30,109408.57,126918.86,144785.20,147562.15,160971.41,187196.52,199404.96,223705.00
存款:安徽:淮北市,百万人民币,,,,,,,,,,,,,,,,,,,,,,,,15116.95,18322.02,24393.36,27777.30,30079.73,37538.93,47109.64,56855.63,69685.00,78870.40,86497.05,94816.79,103580.00,132180.00,140060.00,147540.00
存款:安徽:铜陵市,百万人民币,,,,,,,,,,,,,,,,,,,,,,,,10510.28,13381.67,16108.03,19027.72,23053.42,26187.10,34765.29,40651.24,48566.32,57081.42,64440.52,67629.05,80990.00,121930.00,138770.00,144954.94
存款:安徽:安庆市,百万人民币,,,,,,,,,,,,,,,,,,,,,,,,29501.05,34892.10,42276.78,50319.42,60786.91,75280.33,94162.04,115241.41,140863.09,170337.02,198057.42,223762.59,225347.52,265043.48,294205.62,315880.00
存款:安徽:黄山市,百万人民币,,,,,,,,,,,,,,,,,,,,,,,,13471.58,16091.00,18570.79,21417.76,24978.13,29994.28,37298.09,47237.97,56154.77,66049.65,74307.68,82147.77,91630.00,102580.00,115560.00,126674.00
存款:安徽:滁州市,百万人民币,,,,,,,,,,,,,,,,,,,,,,,,18462.48,22469.14,27675.80,32502.14,37635.62,47017.71,61448.31,77643.92,91790.82,111702.44,128703.49,142182.78,167270.07,198997.64,229005.93,
存款:安徽:阜阳市,百万人民币,,,,,,,,,,,,,,,,,,,,,,,,30091.39,35974.01,42263.91,51654.01,60590.02,72699.15,86049.56,104266.37,125241.64,149140.70,175094.54,204752.73,245559.56,300304.63,350499.34,
存款:安徽:宿州市,百万人民币,,,,,,,,,,,,,,,,,,,,,,,,18833.29,22789.98,27663.31,32801.19,37832.88,47520.29,56556.83,69997.70,85423.57,101792.77,115845.94,131459.08,149030.30,175145.71,201435.67,
存款:安徽:巢湖市,百万人民币,,,,,,,,,,,,,,,,,,,,,,,,19100.85,22968.59,27286.98,32079.75,39135.49,47228.69,57493.71,69068.64,,,,,,,,
存款:安徽:六安市,百万人民币,,,,,,,,,,,,,,,,,,,,,,,,20334.96,24363.78,29246.34,35945.79,42590.27,53969.59,68049.25,84348.42,105489.77,127802.47,152523.30,171557.58,173537.86,207642.42,243221.53,
存款:安徽:亳州市,百万人民币,,,,,,,,,,,,,,,,,,,,,,,,14561.85,17064.13,19598.00,23319.90,28344.23,34591.01,43377.57,54474.96,67529.28,81349.13,92804.38,106079.77,126010.00,158990.00,184340.00,211270.00
存款:安徽:池州市,百万人民币,,,,,,,,,,,,,,,,,,,,,,,,8713.10,10736.19,12934.96,15853.32,18273.62,22640.32,28751.52,36566.93,43659.97,51894.63,59728.03,66857.70,74966.34,87705.28,95186.81,
存款:安徽:宣城市,百万人民币,,,,,,,,,,,,,,,,,,,,,,,,15350.13,17807.78,20475.31,24256.00,28790.66,34434.45,43684.18,57710.97,67962.01,81280.72,91950.54,103669.04,120469.05,146820.00,167540.00,
存款:福建:福州市,百万人民币,,,,,,,,,,,,,,,,,,,,,,,,169640.51,201887.30,237575.42,289624.92,329010.90,385875.90,477799.31,596106.64,677143.50,770728.00,895013.89,973102.94,1127096.06,1243230.81,1359768.00,1420430.00
存款:福建:厦门市,百万人民币,,,,,,,,,,,,,,,,,,,,,,,,100117.44,114022.53,148955.58,183069.65,246696.76,272713.67,348044.10,444060.23,469640.33,515140.00,638063.15,706461.24,887625.27,978826.84,1059832.00,1099500.00
存款:福建:莆田市,百万人民币,,,,,,,,,,,,,,,,,,,,,,,,22476.71,25358.54,29687.14,37783.64,39881.37,47416.86,59496.36,71626.65,85933.47,106299.00,129477.98,145018.13,160819.52,171239.36,180361.00,180312.00
存款:福建:三明市,百万人民币,,,,,,,,,,,,,,,,,,,,,,,,25192.38,28370.94,34556.00,40219.72,42550.97,51861.00,63723.82,76284.72,90328.53,106865.00,119747.12,121367.12,134318.34,150044.52,167437.00,174803.00
存款:福建:泉州市,百万人民币,,,,,,,,,,,,,,,,,,,,,,,,102321.48,116334.00,137484.77,164603.79,185128.26,220010.96,271837.42,327623.43,377966.92,451073.00,562612.90,606272.52,661231.00,679040.51,689180.00,694784.00
存款:福建:漳州市,百万人民币,,,,,,,,,,,,,,,,,,,,,,,,31517.15,38563.44,43028.58,51921.36,60315.09,71961.86,86812.23,110734.45,124783.41,150053.00,185104.42,209661.19,234621.00,255825.58,285490.00,298055.00
存款:福建:南平市,百万人民币,,,,,,,,,,,,,,,,,,,,,,,,25394.99,28161.97,34888.64,40646.19,42330.26,50221.00,62671.30,75690.83,86493.18,99161.00,114459.81,125747.00,141705.85,157789.66,176341.00,185830.00
存款:福建:龙岩市,百万人民币,,,,,,,,,,,,,,,,,,,,,,,,22437.95,25946.67,29588.39,35170.59,41069.59,52375.18,68674.80,78476.14,90842.57,109396.00,109395.92,137662.47,156284.88,175376.03,184444.94,
存款:福建:宁德市,百万人民币,,,,,,,,,,,,,,,,,,,,,,,,16491.18,19089.24,21884.88,27120.68,29203.44,36461.18,48562.64,66967.61,78691.01,91053.76,103281.18,107716.40,120604.27,134745.10,150464.27,
存款:江西:南昌市,百万人民币,,,,,,,,,,,,,,,,,,,,,,,,113134.54,131612.69,155664.74,179105.93,203733.75,247116.09,326390.25,416766.76,512013.00,576899.00,670180.00,743666.00,853434.00,962756.00,1013734.00,1073308.00
存款:江西:景德镇市,百万人民币,,,,,,,,,,,,,,,,,,,,,,,,13692.88,15724.87,17502.14,20433.86,21853.74,24965.99,31906.52,40092.10,49801.00,58390.00,67248.00,74424.51,81092.00,94047.00,107590.00,114065.00
存款:江西:萍乡市,百万人民币,,,,,,,,,,,,,,,,,,,,,,,,10490.66,12450.25,14751.68,17132.56,18570.28,23645.87,30252.88,39013.89,46939.00,54291.00,62342.00,68392.00,79302.00,94580.00,112137.00,
存款:江西:九江市,百万人民币,,,,,,,,,,,,,,,,,,,,,,,,26055.15,30025.94,36945.14,43757.03,50601.79,63047.00,85906.00,108642.19,125513.00,150247.00,176485.00,187857.88,217334.00,259381.00,291618.00,337137.00
存款:江西:新余市,百万人民币,,,,,,,,,,,,,,,,,,,,,,,,11563.74,13686.35,15905.00,18882.00,22260.00,29825.27,37074.47,43049.71,52772.00,60354.00,65811.00,70308.00,90601.00,96886.00,108272.00,115959.00
存款:江西:鹰潭市,百万人民币,,,,,,,,,,,,,,,,,,,,,,,,8939.15,10200.63,12369.84,14422.67,17788.36,22696.00,25973.78,36470.39,36877.00,45852.00,51673.00,57812.00,59772.00,68478.00,72733.00,
存款:江西:赣州市,百万人民币,,,,,,,,,,,,,,,,,,,,,,,,37030.40,43065.33,51716.93,63403.99,72603.55,88219.40,112308.65,150607.78,185550.00,227756.00,263092.00,288176.59,335591.00,414184.00,475357.00,506257.00
存款:江西:吉安市,百万人民币,,,,,,,,,,,,,,,,,,,,,,,,24302.91,29262.30,34617.67,40836.87,45041.78,55130.84,69785.37,85872.23,105173.00,128919.00,149734.00,170183.00,194429.00,229980.00,262851.00,
存款:江西:宜春市,百万人民币,,,,,,,,,,,,,,,,,,,,,,,,26568.99,31994.60,37857.62,44556.66,50522.43,62314.96,78080.87,98912.49,121101.00,145399.00,171389.00,191958.00,214737.00,243874.00,288823.00,
存款:江西:抚州市,百万人民币,,,,,,,,,,,,,,,,,,,,,,,,21373.40,24128.69,28459.53,32089.75,35887.07,43209.27,53912.71,65606.85,78891.00,93959.00,111346.00,126702.00,143614.00,164564.00,190490.00,
存款:江西:上饶市,百万人民币,,,,,,,,,,,,,,,,,,,,,,,,27942.35,32303.48,38070.51,45376.73,51590.00,61077.04,78181.94,97644.90,116869.00,140866.00,166920.00,190636.49,225840.00,271624.00,321101.00,357356.00
存款:山东:济南市,百万人民币,,,,,,,,,,,,,,,,,,,,,,,,244948.35,313728.81,364455.00,402462.00,406243.30,503681.19,636329.94,751044.12,836406.00,989383.00,1092581.91,1201020.00,1417470.00,1553745.00,1656059.79,1706014.00
存款:山东:青岛市,百万人民币,,,,,,,,,,,,,,,,,,,,,,,,189208.68,224625.92,269753.52,324535.83,389158.82,473538.03,630197.64,765920.65,890127.00,981833.00,1141825.94,1190800.00,1315570.00,1467378.00,1512898.79,1612129.00
存款:山东:淄博市,百万人民币,,,,,,,,,,,,,,,,,,,,,,,,82425.57,94389.00,110496.00,122877.32,139484.15,167790.19,214521.66,247056.25,274488.00,319143.00,348462.07,359425.52,377130.00,420443.00,443575.29,461725.00
存款:山东:枣庄市,百万人民币,,,,,,,,,,,,,,,,,,,,,,,,25783.29,30772.39,36378.94,41969.99,48462.94,61794.12,80769.73,87704.16,97424.00,114672.00,124985.48,132611.00,143681.00,167273.00,182833.17,203772.00
存款:山东:东营市,百万人民币,,,,,,,,,,,,,,,,,,,,,,,,49578.02,55533.02,65163.35,76158.88,84443.24,103277.60,130097.27,156709.64,192774.00,239402.00,284800.36,330008.51,368347.47,398666.00,382240.80,372144.00
存款:山东:烟台市,百万人民币,,,,,,,,,,,,,,,,,,,,,,,,128658.01,141467.85,163614.02,186665.99,214889.98,257004.76,334226.26,402133.94,446785.00,528602.00,602053.27,641797.00,702982.00,758007.00,793264.18,821187.00
存款:山东:潍坊市,百万人民币,,,,,,,,,,,,,,,,,,,,,,,,90227.78,105536.33,124926.10,142554.79,163744.36,206004.81,273895.71,328125.34,374888.20,443780.81,505977.29,553620.34,621760.00,709481.00,761310.68,792983.00
存款:山东:济宁市,百万人民币,,,,,,,,,,,,,,,,,,,,,,,,66275.28,77888.99,93956.84,106567.51,116947.55,146029.26,189560.20,225631.33,263490.00,314615.00,356107.18,369159.00,409749.00,455810.00,496630.00,544470.00
存款:山东:泰安市,百万人民币,,,,,,,,,,,,,,,,,,,,,,,,44356.39,53683.31,63631.20,74997.80,81228.85,97413.62,121317.25,139953.37,157171.00,194798.00,227836.70,245839.47,,307571.00,334657.42,367227.00
存款:山东:威海市,百万人民币,,,,,,,,,,,,,,,,,,,,,,,,52868.52,60408.17,73111.98,82362.87,97321.09,112636.57,138079.95,160330.05,181019.00,206063.00,237925.38,263233.00,279042.00,311283.00,338016.24,368203.00
存款:山东:日照市,百万人民币,,,,,,,,,,,,,,,,,,,,,,,,22722.94,27084.00,34412.49,41454.71,52788.44,61214.80,81198.49,100316.44,116107.00,146914.00,178006.99,192149.00,187235.00,208062.00,230523.18,253060.00
存款:山东:莱芜市,百万人民币,,,,,,,,,,,,,,,,,,,,,,,,15006.60,18866.98,25017.52,31860.34,36511.96,44480.51,56243.96,58578.34,60685.00,72540.00,76097.07,78824.68,82935.00,90770.00,94820.00,102820.00
存款:山东:临沂市,百万人民币,,,,,,,,,,,,,,,,,,,,,,,,66802.06,78409.65,95544.18,101461.80,115613.10,140783.17,176233.51,211509.18,250710.00,304348.00,371077.40,422530.59,473420.00,530520.00,584630.00,634760.00
存款:山东:德州市,百万人民币,,,,,,,,,,,,,,,,,,,,,,,,43155.27,48791.00,58467.00,65010.93,72510.93,88443.16,108841.35,128690.67,142633.00,164685.00,193343.17,215278.31,247031.00,286863.00,311825.99,345599.00
存款:山东:聊城市,百万人民币,,,,,,,,,,,,,,,,,,,,,,,,41048.66,45904.26,52793.96,58235.54,67046.75,83663.95,107427.73,123242.56,136662.00,168769.00,194582.77,227042.75,257193.00,303248.00,327244.57,350581.00
存款:山东:滨州市,百万人民币,,,,,,,,,,,,,,,,,,,,,,,,29298.05,34180.14,39994.00,47608.11,56283.44,69669.18,91827.07,106101.25,130969.00,169766.00,192684.34,210595.00,237527.00,269792.00,276318.34,287512.00
存款:山东:菏泽市,百万人民币,,,,,,,,,,,,,,,,,,,,,,,,32673.84,36439.15,42594.57,49649.19,57000.19,70417.02,89831.33,108977.11,130968.93,160777.00,191886.15,222827.61,255047.00,302471.00,349480.15,390530.00
存款:河南:郑州市,百万人民币,,,,,,,,,,,,,,,,,,,,,,,,243410.09,272480.00,311606.51,355994.01,393817.58,491639.43,654026.63,799085.32,896486.57,1044829.06,1245045.72,1395558.91,1693627.00,1900074.00,2034955.92,
存款:河南:开封市,百万人民币,,,,,,,,,,,,,,,,,,,,,,,,25638.29,28386.08,31512.10,35900.75,38442.51,44268.54,56850.36,68188.75,78757.93,96123.07,113426.95,127408.08,,,,
存款:河南:洛阳市,百万人民币,,,,,,,,,,,,,,,,,,,,,,,,68680.95,78638.36,91482.87,105890.52,116488.97,139524.65,171974.38,209609.20,242859.56,290246.54,335027.33,374458.12,,,,
存款:河南:平顶山市,百万人民币,,,,,,,,,,,,,,,,,,,,,,,,31472.73,39019.68,49343.11,59834.61,64713.89,81276.35,97480.05,113785.16,122619.49,145738.00,166623.16,181532.19,201050.00,,,
存款:河南:安阳市,百万人民币,,,,,,,,,,,,,,,,,,,,,,,,43473.82,46230.87,52318.92,57472.46,62783.53,74807.47,88439.28,99550.71,116242.60,135297.57,158452.15,179394.28,,,,
存款:河南:鹤壁市,百万人民币,,,,,,,,,,,,,,,,,,,,,,,,9506.47,10880.00,12946.23,15790.10,17149.73,20611.66,26310.25,28540.18,30544.53,36665.30,42600.40,47769.67,,,,
存款:河南:新乡市,百万人民币,,,,,,,,,,,,,,,,,,,,,,,,43863.47,48947.15,56066.60,61917.12,65258.74,79597.11,94098.11,114415.96,130626.88,147661.23,172301.92,189846.93,,,,
存款:河南:焦作市,百万人民币,,,,,,,,,,,,,,,,,,,,,,,,31614.34,35063.92,40265.34,44877.79,46269.37,55469.08,66208.67,74856.50,89012.40,101263.91,115151.55,126432.17,144396.00,162962.00,,183280.00
存款:河南:濮阳市,百万人民币,,,,,,,,,,,,,,,,,,,,,,,,25106.09,27695.03,31446.61,34140.26,36402.91,44342.15,52564.73,58891.97,68094.81,83689.42,97148.57,105913.86,116531.00,133817.00,151219.00,168566.00
存款:河南:许昌市,百万人民币,,,,,,,,,,,,,,,,,,,,,,,,26239.69,30337.38,35474.34,40474.66,43934.16,52308.46,65947.22,83038.18,97194.37,118822.15,141051.68,153326.52,173310.00,,,
存款:河南:漯河市,百万人民币,,,,,,,,,,,,,,,,,,,,,,,,17897.65,19221.39,21110.03,23135.30,23737.37,28831.37,35372.19,42184.97,47178.17,59375.15,68736.66,75364.13,,,,
存款:河南:三门峡市,百万人民币,,,,,,,,,,,,,,,,,,,,,,,,19648.32,22545.07,27191.21,31764.05,35456.55,42185.54,50891.27,62551.53,68770.21,82506.95,93603.11,94232.50,103759.00,114323.00,124080.00,127663.00
存款:河南:南阳市,百万人民币,,,,,,,,,,,,,,,,,,,,,,,,46792.23,52485.71,62598.83,72015.73,78697.51,92117.72,114590.32,147121.93,177481.21,210467.50,247672.61,275677.50,,,,
存款:河南:商丘市,百万人民币,,,,,,,,,,,,,,,,,,,,,,,,25397.10,30506.40,37365.08,45383.18,50283.80,60273.11,72248.35,90115.87,109823.79,135382.95,155911.26,175987.79,,,,
存款:河南:信阳市,百万人民币,,,,,,,,,,,,,,,,,,,,,,,,32609.57,38589.74,44540.09,52661.80,60896.72,72817.21,88891.40,105476.40,126665.60,153644.40,183005.95,209495.76,197807.00,269233.00,304501.00,319914.00
存款:河南:周口市,百万人民币,,,,,,,,,,,,,,,,,,,,,,,,33828.67,36989.05,42227.07,50678.36,55840.30,66365.28,79249.73,93078.87,112604.00,140349.91,165562.35,188121.84,210990.00,,,
存款:河南:驻马店市,百万人民币,,,,,,,,,,,,,,,,,,,,,,,,29448.98,34014.24,40046.85,48009.31,55138.46,65734.17,79327.19,96931.96,117231.47,142950.03,171003.23,198289.06,,,,
存款:湖北:武汉市,百万人民币,,,,,,,,,,,,,,,,,,,,,,,,303206.55,351378.81,408494.65,468431.60,547138.17,649793.00,876162.26,1093076.63,1151958.24,1313159.00,1491569.00,1626870.73,1939316.00,2219621.00,2449941.00,2633162.00
存款:湖北:黄石市,百万人民币,,,,,,,,,,,,,,,,,,,,,,,,18481.34,23175.59,27835.30,32175.37,37599.91,47646.00,57617.00,70442.78,84070.70,101244.00,113890.00,124552.35,,,,
存款:湖北:十堰市,百万人民币,,,,,,,,,,,,,,,,,,,,,,,,29972.72,35769.45,40603.13,51052.46,47478.37,57829.33,69464.98,85764.45,101648.20,121984.00,143658.07,165180.30,183180.00,203480.00,226630.00,
存款:湖北:宜昌市,百万人民币,,,,,,,,,,,,,,,,,,,,,,,,46083.72,51729.22,59497.66,71320.18,88327.45,100240.23,160207.08,191741.15,178311.00,201464.00,237061.27,258324.55,282249.00,313003.00,349413.00,369073.00
存款:湖北:襄阳市,百万人民币,,,,,,,,,,,,,,,,,,,,,,,,41849.00,48770.40,55976.23,64540.11,68361.56,83167.03,105183.30,129411.56,152361.50,181512.00,218196.01,248395.96,270520.00,307310.00,334810.00,351600.00
存款:湖北:鄂州市,百万人民币,,,,,,,,,,,,,,,,,,,,,,,,9008.24,9517.85,9836.36,11451.00,12728.00,15797.75,20251.00,25664.21,29700.00,34742.00,39782.00,44920.00,50978.00,58154.00,65626.00,72629.00
存款:湖北:荆门市,百万人民币,,,,,,,,,,,,,,,,,,,,,,,,19897.45,22669.72,26705.03,30607.05,34445.79,42547.56,52550.80,68519.89,78636.24,93494.00,112125.47,125700.56,,,,
存款:湖北:孝感市,百万人民币,,,,,,,,,,,,,,,,,,,,,,,,23466.02,27594.40,31548.17,36742.04,40344.35,50307.34,62716.80,78518.81,96565.07,118013.00,140411.95,161354.50,185660.00,207273.00,228793.81,
存款:湖北:荆州市,百万人民币,,,,,,,,,,,,,,,,,,,,,,,,29078.34,38297.21,43936.80,52131.79,58679.00,72998.40,86521.02,103613.57,132263.00,146300.00,173891.23,196701.98,223407.00,254358.00,289770.00,
存款:湖北:黄冈市,百万人民币,,,,,,,,,,,,,,,,,,,,,,,,25913.00,31075.04,36845.00,44451.00,50336.00,63750.00,77345.00,96016.23,116823.71,143443.00,171943.02,199404.88,232387.00,268142.00,,
存款:湖北:咸宁市,百万人民币,,,,,,,,,,,,,,,,,,,,,,,,12025.82,14112.61,15658.16,19119.06,22526.17,27893.44,34719.36,43252.34,53748.29,64485.00,77661.51,89172.40,103544.00,,,
存款:湖北:随州市,百万人民币,,,,,,,,,,,,,,,,,,,,,,,,12264.96,14034.46,16358.43,20088.35,24806.83,27925.60,35039.49,43059.19,51280.88,60692.00,72441.39,84586.70,96800.00,110200.00,123600.00,
存款:湖南:长沙市,百万人民币,,,,,,,,,,,,,,,,,,,,,,,,159870.00,196023.14,232232.50,275680.00,326746.24,386921.17,532583.75,642795.41,729423.61,880066.42,1014876.50,1111948.66,1406566.00,1548877.35,1714183.06,1863360.00
存款:湖南:株洲市,百万人民币,,,,,,,,,,,,,,,,,,,,,,,,33911.37,40406.44,47241.40,55244.24,63802.27,75543.64,94496.78,112908.83,135111.78,158884.29,184438.75,205756.57,241190.00,282787.37,306882.77,
存款:湖南:湘潭市,百万人民币,,,,,,,,,,,,,,,,,,,,,,,,27381.98,27602.56,32524.00,38628.00,39785.64,56789.93,69088.45,78097.73,92359.06,112772.00,139680.00,153934.95,177770.00,202747.60,224588.51,
存款:湖南:衡阳市,百万人民币,,,,,,,,,,,,,,,,,,,,,,,,40736.00,48690.54,56721.65,67873.54,78578.60,92881.37,110864.29,129989.71,152216.08,179389.00,210452.79,239078.42,278726.91,328343.51,358978.16,370676.00
存款:湖南:邵阳市,百万人民币,,,,,,,,,,,,,,,,,,,,,,,,29573.99,33995.22,40998.33,48214.09,55889.58,66763.99,80303.56,94811.00,111309.79,152383.00,151068.00,173615.74,205846.00,244712.41,279504.78,285374.00
存款:湖南:岳阳市,百万人民币,,,,,,,,,,,,,,,,,,,,,,,,26922.60,29475.02,34095.93,39726.82,46622.16,55559.31,68284.34,78497.01,94650.33,113609.00,131272.00,147135.24,173347.00,217835.20,260016.65,272266.83
存款:湖南:常德市,百万人民币,,,,,,,,,,,,,,,,,,,,,,,,30505.43,32945.00,40212.98,45680.40,50926.69,61419.47,79212.64,96308.00,115222.75,139220.00,163130.00,192365.77,224700.00,271380.52,302034.08,308550.00
存款:湖南:张家界市,百万人民币,,,,,,,,,,,,,,,,,,,,,,,,6335.99,7281.15,8547.24,10601.32,12925.93,14908.84,19295.75,23478.41,29194.45,34377.09,40069.00,46189.87,54049.89,68311.57,79576.43,
存款:湖南:益阳市,百万人民币,,,,,,,,,,,,,,,,,,,,,,,,18923.81,21104.55,24674.67,29607.65,34125.11,42502.09,51557.08,60767.67,72773.40,87367.00,102323.00,115648.17,136373.00,166031.18,183664.14,193076.00
存款:湖南:郴州市,百万人民币,,,,,,,,,,,,,,,,,,,,,,,,26837.96,32358.77,39307.69,46509.85,55710.08,67698.71,79546.94,94453.32,111737.59,131437.34,151730.34,168036.71,193901.60,240496.13,249142.09,241850.00
存款:湖南:永州市,百万人民币,,,,,,,,,,,,,,,,,,,,,,,,22843.54,26200.81,30931.64,37369.73,43442.26,52689.98,63050.79,72592.11,84142.27,100023.00,117256.00,133656.80,157310.00,191484.09,224861.85,226830.00
存款:湖南:怀化市,百万人民币,,,,,,,,,,,,,,,,,,,,,,,,21331.32,24557.55,27959.96,33034.06,39818.50,46053.63,56010.87,67535.48,81231.70,97972.59,112838.00,124634.27,147837.65,175658.61,194633.96,
存款:湖南:娄底市,百万人民币,,,,,,,,,,,,,,,,,,,,,,,,20916.27,24211.00,28218.22,32802.60,33213.65,48696.20,58417.09,65575.12,77208.70,90703.26,102025.00,112610.46,128475.04,150842.38,171618.79,190958.23
存款:广东:广州市,百万人民币,,,,,,,,,,,,,,,,,,,,,616170.00,,,867672.09,961357.21,1173409.53,1335096.58,1478345.00,1692946.00,2094419.00,2395395.85,2646079.78,3018657.45,3383819.62,3546928.62,4284367.00,4753020.00,5136903.49,5478809.00
存款:广东:韶关市,百万人民币,,,,,,,,,,,,,,,,,,,,,26237.00,,,35609.06,38770.57,46835.40,53976.15,58522.00,67442.00,79440.00,90774.50,100535.35,111781.25,125575.89,139420.06,153290.00,166969.95,175498.17,184975.62
存款:广东:深圳市,百万人民币,,,,,,,,,,,36065.00,51795.00,80151.00,97706.00,141381.00,170594.00,214428.00,245525.00,288183.00,323566.00,397412.00,498820.00,594129.00,707194.00,813621.00,948671.00,1061601.00,1272968.00,1426094.00,1835747.00,2193789.00,2509578.00,2966240.00,3394315.00,4996999.00,5777890.00,6440781.00,6966831.01,7255036.00
存款:广东:珠海市,百万人民币,,,,,,,,,,,,,,,,,,,,,51903.00,,,67320.74,76970.77,101407.82,114871.38,138807.00,157536.38,210520.44,274869.65,298001.22,344970.15,412158.37,457067.00,538373.00,612426.00,692873.55,754291.00
存款:广东:汕头市,百万人民币,,,,,,,,,,,,,,,,,,,,,59713.00,,,74595.91,83843.18,99564.30,110945.47,116164.00,136585.62,162306.13,187302.80,198964.80,228535.67,253016.11,266446.09,285720.00,312519.70,334159.87,357940.00
存款:广东:佛山市,百万人民币,,,,,,,,,,,,,,,,,,,,,210792.00,,,294955.00,325885.00,390693.38,446380.67,488543.00,571395.23,721114.12,846232.93,911684.02,1016755.03,1138712.68,1127563.17,1186767.00,1328161.00,1404239.77,1537281.00
存款:广东:江门市,百万人民币,,,,,,,,,,,,,,,,,,,,,80104.00,,,91701.30,102993.75,127967.41,139108.03,146613.00,168339.00,199514.00,228575.11,255965.58,290549.97,333526.76,346122.16,376681.00,,,
存款:广东:湛江市,百万人民币,,,,,,,,,,,,,,,,,,,,,40680.00,,,54004.92,60522.89,71697.24,84355.37,92690.00,107580.00,131610.00,156518.54,172819.36,190234.99,217339.46,242175.83,268460.81,284729.09,306114.83,334359.00
存款:广东:茂名市,百万人民币,,,,,,,,,,,,,,,,,,,,,33084.00,,,44566.57,47991.76,52489.89,58244.86,62436.00,73644.00,85578.00,102866.96,118871.97,133242.23,157163.08,176629.03,197475.00,,,
存款:广东:肇庆市,百万人民币,,,,,,,,,,,,,,,,,,,,,28018.00,,,37436.93,41436.20,49323.10,56307.16,62942.00,72874.79,92063.00,107253.84,121067.15,135559.00,159443.11,167925.76,178500.75,,,
存款:广东:惠州市,百万人民币,,,,,,,,,,,,,,,,,,,,,39242.00,,,57190.88,66513.42,82395.66,98641.49,116947.00,133694.00,177895.00,209013.79,240104.61,269697.38,313879.25,314954.71,383610.00,497448.00,548555.43,617135.00
存款:广东:梅州市,百万人民币,,,,,,,,,,,,,,,,,,,,,21835.00,,,34894.00,38726.13,43870.97,48001.41,48995.00,60171.00,70569.00,83963.09,94624.06,106383.02,124520.57,141188.46,156528.00,181919.00,201478.50,213287.00
存款:广东:汕尾市,百万人民币,,,,,,,,,,,,,,,,,,,,,7779.00,,,10075.19,12488.51,14444.61,16797.78,19272.00,23351.00,27978.10,33269.99,37329.80,42270.83,48735.45,54574.10,63103.00,74428.00,83684.31,94046.00
存款:广东:河源市,百万人民币,,,,,,,,,,,,,,,,,,,,,9066.00,,,15391.95,17589.19,20594.20,23752.09,28655.00,33475.82,40958.68,50001.91,56136.49,63858.35,75423.92,87592.15,98890.00,113926.00,124800.09,137619.00
存款:广东:阳江市,百万人民币,,,,,,,,,,,,,,,,,,,,,14200.00,,,19267.59,21831.14,24875.45,28412.92,31832.00,39433.00,47787.00,57531.60,64928.78,72934.63,81684.28,90710.70,101133.68,,,
存款:广东:清远市,百万人民币,,,,,,,,,,,,,,,,,,,,,21276.00,,,29360.22,32968.31,39396.07,47872.99,56568.00,65126.00,83257.00,99535.70,111731.18,121533.91,140134.86,152266.48,169980.00,192613.26,216288.81,233634.28
存款:广东:东莞市,百万人民币,,,,,,,,,,,,,,,,,,,,,132097.00,,,212677.75,246286.93,303676.89,346436.31,384338.00,446025.00,509492.00,607786.67,675665.98,769124.23,887491.14,932328.01,996880.00,1154510.00,1249796.78,1415722.00
存款:广东:中山市,百万人民币,,,,,,,,,,,,,,,,,,,,,61626.00,,,84519.35,95971.81,118675.93,138325.00,156023.00,182311.00,221113.00,266534.71,299366.76,346971.05,402181.27,414969.00,437836.00,503100.00,541376.69,593049.00
存款:广东:潮州市,百万人民币,,,,,,,,,,,,,,,,,,,,,16187.00,,,23168.21,27532.79,32897.05,37432.02,39374.00,47678.13,55631.15,65327.17,74318.12,83651.30,91934.85,100429.61,107600.00,120356.98,126702.42,136972.07
存款:广东:揭阳市,百万人民币,,,,,,,,,,,,,,,,,,,,,23884.00,,,34383.11,40717.51,47360.23,54472.21,57267.00,72687.00,81618.00,96703.47,113076.61,131111.84,152969.36,170206.19,183787.00,201726.00,210704.60,227364.00
存款:广东:云浮市,百万人民币,,,,,,,,,,,,,,,,,,,,,11776.00,,,16698.15,18529.24,21740.06,25188.42,28197.00,33541.00,40534.64,48693.01,58165.64,65892.93,74490.04,82629.60,91588.00,102653.00,112085.94,119950.00
存款:广西:南宁市,百万人民币,,,,,,,,,,,,,,,,,,,,,,,,94340.21,109095.76,126363.47,158536.16,187151.01,232048.08,323136.24,402145.34,472814.00,568513.00,654898.00,706448.76,840873.00,905588.00,949218.00,
存款:广西:柳州市,百万人民币,,,,,,,,,,,,,,,,,,,,,,,,43367.68,50335.44,56489.54,63765.96,72528.39,85226.34,121251.70,148042.89,159413.00,192332.00,235409.00,255366.41,282267.00,332135.38,371464.48,380175.00
存款:广西:桂林市,百万人民币,,,,,,,,,,,,,,,,,,,,,,,,41477.53,47151.69,53018.68,62326.02,69794.90,82222.15,110987.91,137666.84,154633.00,182993.47,206701.00,226975.54,260711.15,297980.00,328451.22,348872.00
存款:广西:梧州市,百万人民币,,,,,,,,,,,,,,,,,,,,,,,,14459.24,16472.87,19031.17,22179.88,24902.52,29957.99,39689.57,49108.35,56588.00,66715.00,76147.00,85564.63,92140.50,104822.94,113618.00,
存款:广西:北海市,百万人民币,,,,,,,,,,,,,,,,,,,,,,,,14478.74,14806.33,16180.30,18727.90,21748.50,26957.53,37426.93,45212.77,50075.00,59347.00,65625.45,71755.13,75790.00,82511.35,94709.00,
存款:广西:防城港市,百万人民币,,,,,,,,,,,,,,,,,,,,,,,,5872.57,6935.89,7968.62,9736.91,12467.77,17075.37,23602.07,31113.82,35461.00,39623.50,44346.75,48206.00,52335.08,56786.75,62497.00,
存款:广西:钦州市,百万人民币,,,,,,,,,,,,,,,,,,,,,,,,9643.34,11517.79,13176.98,16157.38,20752.51,25744.25,37192.56,47386.36,53176.00,62272.00,70982.66,77386.00,82305.00,91254.00,97997.00,
存款:广西:贵港市,百万人民币,,,,,,,,,,,,,,,,,,,,,,,,15134.94,17582.94,19846.67,23255.62,26748.90,33702.72,42592.66,51336.44,60147.00,70611.00,82053.00,90574.92,97502.00,109100.00,126337.35,
存款:广西:玉林市,百万人民币,,,,,,,,,,,,,,,,,,,,,,,,25404.32,28064.37,31007.05,36308.33,40665.04,49252.39,63205.65,76957.00,89890.00,104279.00,118165.00,130245.48,144702.46,163799.00,187856.00,
存款:广西:百色市,百万人民币,,,,,,,,,,,,,,,,,,,,,,,,13361.88,14356.54,17654.71,20727.77,24754.89,30466.80,43000.61,51163.24,57720.00,67676.00,77089.00,88055.56,94897.00,111267.00,123680.00,
存款:广西:贺州市,百万人民币,,,,,,,,,,,,,,,,,,,,,,,,6617.65,7937.92,9387.82,12182.31,12788.70,15370.58,19556.33,25170.77,29890.00,34987.00,40539.00,45984.51,53577.00,61568.00,72531.18,
存款:广西:河池市,百万人民币,,,,,,,,,,,,,,,,,,,,,,,,13958.58,15869.95,17961.32,21803.88,25413.88,31059.28,39370.88,46604.16,53226.00,62838.00,73008.88,81438.76,88692.22,100241.88,112778.85,
存款:广西:来宾市,百万人民币,,,,,,,,,,,,,,,,,,,,,,,,7066.37,8841.65,10218.93,12205.13,14333.55,17363.22,23319.00,29745.39,35283.00,40738.96,44838.00,49483.74,52838.00,60711.00,70283.00,72457.00
存款:广西:崇左市,百万人民币,,,,,,,,,,,,,,,,,,,,,,,,8425.38,10128.29,11852.53,14736.96,16647.95,19799.27,24968.62,31231.62,37003.00,43738.00,50180.00,56154.76,60723.00,70013.00,78544.00,
存款:海南:海口市,百万人民币,,,,,,,,,,,,,,,,,,,,,,,,61855.05,70002.43,78919.12,92486.86,108790.79,135923.60,175006.70,223894.88,235961.34,263769.61,295518.64,315258.78,406971.00,498930.00,542027.11,
存款:海南:三亚市,百万人民币,,,,,,,,,,,,,,,,,,,,,,,,8948.11,10392.52,12268.69,16062.00,22288.35,28020.45,47823.88,61642.18,58687.30,67641.38,93088.66,97776.25,120942.00,149383.00,167666.21,152891.00
存款:重庆,百万人民币,2915.00,3398.00,3866.00,4522.00,7086.00,6238.00,8457.00,11037.00,12347.00,14671.00,19800.00,25357.00,31570.00,38686.00,51827.00,67670.00,88591.00,114792.00,135952.00,163821.00,198221.00,237799.00,290342.00,351282.00,410509.00,478476.00,558750.00,666236.00,810200.00,1108482.00,1361397.00,1612887.00,1942390.00,2278917.28,2450154.18,2877880.00,3216009.00,3485352.71,3688733.86
存款:四川:成都市,百万人民币,,,,,,,,,,,,,,,,,,,,,,,,324078.73,377154.42,447749.48,548534.32,639325.05,831708.49,1241593.16,1527724.64,1709802.21,2035400.00,2366200.00,2679750.23,3050762.02,3276106.09,3594638.97,3782570.00
存款:四川:自贡市,百万人民币,,,,,,,,,,,,,,,,,,,,,,,,19708.90,23182.54,26583.17,29623.99,34088.82,42004.93,48985.23,55932.45,67679.97,82151.00,97497.00,107520.04,132166.46,152726.00,172652.87,171180.00
存款:四川:攀枝花市,百万人民币,,,,,,,,,,,,,,,,,,,,,,,,17275.51,19600.31,23107.66,27287.08,31051.86,39230.35,49167.79,57071.53,66125.62,76569.00,78418.00,80398.63,85822.39,94119.67,98344.71,104380.00
存款:四川:泸州市,百万人民币,,,,,,,,,,,,,,,,,,,,,,,,23834.50,26495.08,30661.99,37090.25,42878.41,52124.64,67338.06,82722.52,100047.84,121384.00,141082.00,161298.04,183472.76,218271.00,247929.30,265370.00
存款:四川:德阳市,百万人民币,,,,,,,,,,,,,,,,,,,,,,,,33608.16,42310.29,48068.66,52140.79,58935.93,96090.67,121422.21,138803.09,150993.06,169110.00,179995.28,191854.17,208462.05,232767.00,248420.69,272010.00
存款:四川:绵阳市,百万人民币,,,,,,,,,,,,,,,,,,,,,,,,43337.26,49427.43,54462.11,62945.15,71098.76,115483.34,152465.70,178447.30,193265.61,212633.68,241030.00,262172.06,289691.77,319600.00,360892.74,386040.00
存款:四川:广元市,百万人民币,,,,,,,,,,,,,,,,,,,,,,,,12127.57,14100.00,16481.24,19673.57,23250.42,45276.51,61011.50,71715.00,75003.46,83331.69,93551.00,100664.38,113517.50,130333.00,141831.87,147980.00
存款:四川:遂宁市,百万人民币,,,,,,,,,,,,,,,,,,,,,,,,16509.73,18876.40,21472.45,24638.87,28901.37,37008.70,44519.79,52315.94,62586.69,74466.97,89329.00,98943.66,118938.63,138262.00,155759.41,157440.00
存款:四川:内江市,百万人民币,,,,,,,,,,,,,,,,,,,,,,,,19879.72,22122.28,25563.44,28951.31,32142.15,40685.09,50770.90,59986.26,72713.29,88977.00,107947.00,113435.51,120450.85,137029.00,151649.28,165200.00
存款:四川:乐山市,百万人民币,,,,,,,,,,,,,,,,,,,,,,,,24012.92,28227.95,31834.68,37710.09,41631.24,51835.29,66936.58,86740.57,103615.01,126689.29,152671.00,171347.40,172761.16,186482.00,208633.26,222350.00
存款:四川:南充市,百万人民币,,,,,,,,,,,,,,,,,,,,,,,,31164.37,36493.03,43078.08,50084.49,58995.42,76373.46,92139.67,110050.34,136235.84,167129.00,191656.00,215446.42,256782.24,305403.00,322713.69,331390.00
存款:四川:眉山市,百万人民币,,,,,,,,,,,,,,,,,,,,,,,,16428.57,19147.98,22202.55,26284.37,30921.05,41252.60,50893.50,61524.10,76190.40,93278.00,111601.00,125522.35,143493.04,167664.00,196528.50,209450.00
存款:四川:宜宾市,百万人民币,,,,,,,,,,,,,,,,,,,,,,,,26319.81,29354.65,34682.16,40429.90,47122.36,58424.88,74227.52,94607.00,119982.24,146639.97,157463.44,168522.77,191420.99,233105.00,265944.65,298560.00
存款:四川:广安市,百万人民币,,,,,,,,,,,,,,,,,,,,,,,,19319.18,22525.08,26195.82,30461.69,34907.33,42830.94,42440.83,63884.99,76969.29,93730.00,111390.00,126518.91,142532.68,166360.00,182983.75,186830.00
存款:四川:达州市,百万人民币,,,,,,,,,,,,,,,,,,,,,,,,26700.85,31957.66,37742.86,43779.32,50454.83,63435.11,76352.19,90107.73,109881.64,131720.00,158805.00,175237.38,208768.20,262702.00,280384.84,292890.00
存款:四川:雅安市,百万人民币,,,,,,,,,,,,,,,,,,,,,,,,11086.71,13139.76,14828.46,18128.40,21539.03,30754.23,39431.75,45434.00,51681.34,59292.00,84288.92,97424.67,100973.82,104333.00,110576.90,112690.00
存款:四川:巴中市,百万人民币,,,,,,,,,,,,,,,,,,,,,,,,7096.15,8842.25,10949.44,13628.57,17349.61,23777.00,29285.77,35499.00,46816.35,56860.00,67861.00,77726.88,92194.20,114638.00,124801.93,124790.00
存款:四川:资阳市,百万人民币,,,,,,,,,,,,,,,,,,,,,,,,18340.33,21107.81,24078.81,28573.55,33978.71,43738.61,55852.96,67498.69,78753.14,92980.00,108700.00,124584.01,137944.33,167528.00,135709.25,141970.00
存款:贵州:贵阳市,百万人民币,,,,,,,,,,,,,,,,,,,,,,,,89360.25,106802.69,126042.83,149417.07,166747.18,199477.56,245442.82,303530.89,360364.68,439437.00,574208.72,699219.60,877222.00,992830.00,1081451.06,1135744.00
存款:贵州:六盘水市,百万人民币,,,,,,,,,,,,,,,,,,,,,,,,12823.14,16858.84,19639.00,22683.16,27027.48,34188.70,42405.33,50080.69,57701.72,67621.15,75441.92,81709.12,97680.00,120775.00,135129.27,129514.00
存款:贵州:遵义市,百万人民币,,,,,,,,,,,,,,,,,,,,,,,,29415.00,35456.82,42413.76,49843.88,59077.95,74284.61,92059.23,115699.86,140297.55,171221.69,222259.14,256760.05,330446.00,430582.00,466121.87,481692.00
存款:贵州:安顺市,百万人民币,,,,,,,,,,,,,,,,,,,,,,,,9651.91,11651.17,13856.68,15625.33,16885.23,21188.77,27788.99,36218.57,42796.93,48428.00,60977.20,66027.75,,,,
存款:云南:昆明市,百万人民币,,,,,,,,,,,,,,,,,,,,,,,,177026.38,216237.11,254426.64,303270.83,363419.60,431361.00,584943.00,663951.00,755489.00,883946.00,1008536.00,1058221.57,,,,
存款:云南:曲靖市,百万人民币,,,,,,,,,,,,,,,,,,,,,,,,28670.00,34227.23,40107.95,47303.12,56811.19,68626.36,83592.35,101741.71,118038.00,140422.00,160384.00,170234.00,183333.00,,,
存款:云南:玉溪市,百万人民币,,,,,,,,,,,,,,,,,,,,,,,,33988.48,36666.89,40411.89,45830.00,49733.07,56448.67,69937.04,81600.64,91754.00,100171.00,112917.00,119559.01,,,,
存款:云南:保山市,百万人民币,,,,,,,,,,,,,,,,,,,,,,,,9113.00,10427.10,12125.86,14453.62,17618.90,20459.13,26037.12,34694.62,41583.00,48319.00,55575.00,63823.16,,,,
存款:云南:昭通市,百万人民币,,,,,,,,,,,,,,,,,,,,,,,,10162.74,12933.29,16491.45,20270.36,23834.91,29861.26,38617.75,52035.18,61970.34,76841.89,85859.31,104328.56,120902.88,139836.00,149696.62,156038.00
存款:云南:丽江市,百万人民币,,,,,,,,,,,,,,,,,,,,,,,,7530.13,8460.06,9704.01,11628.21,13804.99,17052.11,21870.73,29761.71,34880.00,41781.00,48362.00,51843.61,,,,
存款:云南:普洱市,百万人民币,,,,,,,,,,,,,,,,,,,,,,,,9262.79,10819.00,12762.00,16196.11,19842.08,21361.00,27260.00,36390.65,42373.00,49286.00,60074.00,66701.24,76055.00,87912.00,91416.00,
存款:云南:临沧市,百万人民币,,,,,,,,,,,,,,,,,,,,,,,,6117.96,6666.39,7646.59,9361.43,11488.82,13481.99,19525.46,24005.59,30041.00,34706.00,40477.00,44546.53,,,,
存款:西藏:拉萨,百万人民币,,,,,,,,,,,,,,,,,,,,,,,,,,,,43338.00,54960.00,68433.00,,110729.97,130800.00,155822.00,183753.00,213037.00,,,280506.00
存款:陕西:西安市,百万人民币,,,,,,,,,,,,,,,,,,,,,,,,266586.82,306165.78,359970.36,406615.79,456031.00,571127.00,752208.00,904415.00,1043026.97,1228596.00,1389277.00,1506409.69,1803690.00,1948838.00,2037811.00,2126672.00
存款:陕西:铜川市,百万人民币,,,,,,,,,,,,,,,,,,,,,,,,7204.75,9121.53,9855.00,11588.14,12637.73,16586.00,20662.06,25091.85,29644.82,35249.00,39282.00,41185.08,45178.00,,,
存款:陕西:宝鸡市,百万人民币,,,,,,,,,,,,,,,,,,,,,,,,34185.00,39239.10,45950.00,55291.53,61158.00,73710.96,91284.00,107677.00,122081.74,145084.00,164711.35,183413.69,209209.99,236440.64,260898.78,
存款:陕西:咸阳市,百万人民币,,,,,,,,,,,,,,,,,,,,,,,,36368.52,40281.59,47129.37,52270.40,59046.37,73364.93,93600.21,114246.12,133461.40,157048.00,181167.00,196530.92,225652.00,,,
存款:陕西:渭南市,百万人民币,,,,,,,,,,,,,,,,,,,,,,,,29593.98,34954.53,41122.81,47151.81,51980.06,65174.69,84723.34,99847.00,113163.62,134934.00,152240.00,166457.71,183737.00,,,
存款:陕西:延安市,百万人民币,,,,,,,,,,,,,,,,,,,,,,,,17607.03,22137.65,31099.00,39514.83,44205.41,54575.23,64536.12,72854.00,82673.15,98777.00,110447.00,123231.41,136095.00,145246.00,,
存款:陕西:汉中市,百万人民币,,,,,,,,,,,,,,,,,,,,,,,,23240.00,26763.03,30797.41,36998.00,40458.00,53407.26,67657.16,79811.27,93282.00,107421.00,124683.00,139066.65,,,,
存款:陕西:榆林市,百万人民币,,,,,,,,,,,,,,,,,,,,,,,,17094.78,22928.00,35723.95,48344.00,59465.43,88692.89,116866.94,145272.00,184450.77,225482.00,242870.00,261824.00,,303004.00,340944.00,385276.00
存款:陕西:安康市,百万人民币,,,,,,,,,,,,,,,,,,,,,,,,11498.99,13936.48,16358.29,19582.35,22543.95,30015.85,38312.91,47553.92,56737.59,67389.00,79035.00,88451.09,,,,
存款:陕西:商洛市,百万人民币,,,,,,,,,,,,,,,,,,,,,,,,9074.79,10692.00,13137.95,16695.00,20516.00,25632.00,31996.39,38300.00,44665.90,51930.00,58937.00,67144.00,80150.00,,,
存款:甘肃:兰州市,百万人民币,,,,,,,,,,,,,,,,,,,,,,,,106789.53,123900.52,142191.74,161551.38,179112.32,215629.00,262119.79,323584.48,383354.71,458925.64,549915.05,661751.46,794582.00,862311.21,851359.00,871644.00
存款:甘肃:嘉峪关市,百万人民币,,,,,,,,,,,,,,,,,,,,,,,,4993.42,5680.51,6758.61,8128.34,9445.73,12864.08,15443.85,17097.68,21451.34,26172.00,29530.24,33087.00,32195.00,31671.00,,
存款:甘肃:金昌市,百万人民币,,,,,,,,,,,,,,,,,,,,,,,,5662.35,8220.90,9961.00,11847.58,14477.13,13899.80,16052.28,17218.01,20219.83,22345.00,26639.09,29777.83,32572.00,32959.12,34637.41,37148.99
存款:甘肃:白银市,百万人民币,,,,,,,,,,,,,,,,,,,,,,,,9989.22,11894.98,14411.23,16823.15,19025.05,26937.43,31279.72,34844.34,39342.28,46700.00,52428.56,57897.35,63204.00,68324.00,70591.00,73916.00
存款:甘肃:天水市,百万人民币,,,,,,,,,,,,,,,,,,,,,,,,12493.00,14388.85,16744.00,19793.93,22088.26,28330.35,38607.47,46325.35,54182.84,65670.00,79135.16,89731.26,,,,
存款:甘肃:武威市,百万人民币,,,,,,,,,,,,,,,,,,,,,,,,9520.10,10550.12,12291.08,13891.34,15531.75,20008.42,26111.83,32348.27,39536.72,48698.00,60507.64,70433.75,81609.00,82739.00,79783.00,85277.00
存款:甘肃:张掖市,百万人民币,,,,,,,,,,,,,,,,,,,,,,,,7935.00,9138.00,10609.52,12103.02,13112.00,16051.00,21436.00,26303.87,31948.48,37331.00,43645.34,50050.79,56394.00,,,
存款:甘肃:平凉市,百万人民币,,,,,,,,,,,,,,,,,,,,,,,,8947.00,10413.68,11643.00,13324.00,15219.00,21639.00,27474.00,32659.00,39603.12,47272.00,59034.27,62403.00,70219.00,73606.00,80362.00,84441.00
存款:甘肃:酒泉市,百万人民币,,,,,,,,,,,,,,,,,,,,,,,,17863.00,20688.92,24920.00,26100.00,27660.94,32553.00,40578.00,48396.39,55887.46,65683.00,76435.01,84073.00,93830.00,92570.00,90420.00,94970.00
存款:甘肃:庆阳市,百万人民币,,,,,,,,,,,,,,,,,,,,,,,,10653.50,11464.36,13089.15,14784.19,17200.15,22045.79,28956.56,35417.62,41087.80,50649.00,59997.56,66930.94,81467.00,,,
存款:甘肃:定西市,百万人民币,,,,,,,,,,,,,,,,,,,,,,,,6179.50,7284.99,8468.81,9820.16,12233.88,15624.18,21326.51,26968.14,32401.76,41006.00,51798.88,59208.74,69763.00,76541.00,78496.00,
存款:甘肃:陇南市,百万人民币,,,,,,,,,,,,,,,,,,,,,,,,,8562.00,10407.36,13578.53,16259.89,28977.00,34178.00,39230.00,41023.77,47708.00,56895.78,62554.00,72324.00,78291.00,82096.00,89234.00
存款:青海:西宁市,百万人民币,,,,,,,,,,,,,,,,,,,,,,,,39103.91,43402.17,53190.09,64547.99,79151.95,99882.12,130063.26,162321.04,186487.87,,282247.28,310476.13,,,,
存款:宁夏:银川市,百万人民币,,,,,,,,,,,,,,,,,,,,,,,,46413.05,51394.63,61268.51,71822.99,80965.92,99390.64,127896.71,159796.13,181019.99,,234093.09,260896.85,,,,
存款:宁夏:石嘴山市,百万人民币,,,,,,,,,,,,,,,,,,,,,,,,10645.13,11784.25,14559.06,15567.05,16855.82,22163.42,29205.58,34103.41,41863.42,,50516.05,48185.80,,,,
存款:宁夏:吴忠市,百万人民币,,,,,,,,,,,,,,,,,,,,,,,,14008.70,10347.22,11686.70,12528.53,14533.41,17818.80,21364.26,26967.67,31961.68,,41744.15,47487.70,,,,
存款:宁夏:固原市,百万人民币,,,,,,,,,,,,,,,,,,,,,,,,3428.50,3456.96,4170.76,5067.24,6497.13,8328.66,11550.59,11550.59,18208.76,,27104.74,30418.36,34615.00,,,
存款:宁夏:中卫市,百万人民币,,,,,,,,,,,,,,,,,,,,,,,,,6014.30,6849.02,8157.04,8996.03,11356.14,15854.59,19844.88,23632.65,,33389.00,33917.65,,,,
存款:新疆:乌鲁木齐市,百万人民币,,,,,,,,,,,,,,,,,,,,,,,,108580.00,122717.00,140754.00,168554.00,205609.00,237196.00,293518.04,359642.98,408050.00,481766.00,561186.00,623397.00,698460.00,,,
存款:新疆:克拉玛依市,百万人民币,,,,,,,,,,,,,,,,,,,,,,,,17124.19,18463.77,23190.33,27268.71,28588.77,32048.25,49214.05,79249.33,86080.00,93672.00,110841.00,89067.88,,,,
