"点击这里以选择指标，然后再点击""更新""或""下载编辑""按钮更新或新增及移除数列",单位,平均,方差,标准差,偏度,峰度,变异系数,最小,最大,中位数,观测次数,1979,1980,1981,1982,1983,1984,1985,1986,1987,1988,1989,1990,1991,1992,1993,1994,1995,1996,1997,1998,1999,2000,2001,2002,2003,2004,2005,2006,2007,2008,2009,2010,2011,2012,2013,2014,2015,2016
企业存款:地级市合计,百万人民币,7966006,3.5114E+12,1873871.947,0.161708773,-0.630489335,0.23523356,5625240,10482690,7958240,5,,,,,,,,,,,,,,,,,,,,,,,,5625240.00,6828720.00,7958240.00,8935140.00,10482690.00,,,,,,,,,,
企业存款:北京,百万人民币,3131116.543,3.65434E+12,1911633.216,0.435893761,-1.415659528,0.610527647,856100,6339305.044,2574776.5,14,,,,,,,,,,,,,,,,,,,,,,,,856100.00,998640.00,1231020.00,1520690.00,1742690.00,2042104.04,2278375.00,2871178.00,3234910.00,4701576.22,5158080.83,5761162.47,6339305.04,,5099800.00
企业存款:天津,百万人民币,674519.2626,2.67136E+11,516852.0874,0.496179055,-1.550366419,0.766252524,111540,1470358,482305.5,14,,,,,,,,,,,,,,,,,,,,,,,,111540.00,154280.00,182300.00,218520.00,266200.00,361583.00,361714.00,602897.00,688760.00,1045846.00,1211078.00,1406313.68,1470358.00,,1361880.00
企业存款:河北:石家庄,百万人民币,97711.60909,1806763436,42506.03999,1.029572303,-0.253873925,0.435015249,55270,173426,81800,9,,,,,,,,,,,,,,,,,,,,,,,,55270.00,61740.00,67530.00,73680.00,81800.00,95798.48,111755.00,158405.00,173426.00,,,,,,
企业存款:河北:唐山,百万人民币,58492.53114,1193735835,34550.48242,0.646236998,-1.023778855,0.590681951,19660,110464,48660,9,,,,,,,,,,,,,,,,,,,,,,,,19660.00,24080.00,33880.00,39530.00,48660.00,61416.78,78378.00,110464.00,110364.00,,,,,,
企业存款:河北:秦皇岛市,百万人民币,24351.02787,173031479.4,13154.14305,0.852971867,-0.547294724,0.540188411,10580,47322,19830,9,,,,,,,,,,,,,,,,,,,,,,,,10580.00,12170.00,15350.00,15960.00,19830.00,26447.25,29330.00,42170.00,47322.00,,,,,,
企业存款:河北:邯郸市,百万人民币,23410.39197,119045585.1,10910.8013,0.671045902,-0.654395175,0.466066579,11120,41619,21560,9,,,,,,,,,,,,,,,,,,,,,,,,11120.00,11520.00,16470.00,17670.00,21560.00,24864.53,27445.00,38425.00,41619.00,,,,,,
企业存款:河北:邢台市,百万人民币,16168.56109,82096388.71,9060.705751,0.678759556,-0.925303304,0.560390359,6200,30960,13490,9,,,,,,,,,,,,,,,,,,,,,,,,6200.00,7290.00,9670.00,10640.00,13490.00,17970.05,20602.00,28695.00,30960.00,,,,,,
企业存款:河北:保定市,百万人民币,27865.13253,245330457.6,15663.02837,1.010222498,-0.136226816,0.562101341,12140,56331,23780,9,,,,,,,,,,,,,,,,,,,,,,,,12140.00,13990.00,16430.00,18410.00,23780.00,29790.19,30483.00,49432.00,56331.00,,,,,,
企业存款:河北:张家口市,百万人民币,14903.5284,95946566.86,9795.231843,1.01550756,-0.387443386,0.657242472,5380,31125,11000,9,,,,,,,,,,,,,,,,,,,,,,,,5380.00,6410.00,7990.00,9160.00,11000.00,15421.76,17257.00,30388.00,31125.00,,,,,,
企业存款:河北:承德市,百万人民币,11852.45931,62017981.73,7875.149632,1.108408867,0.18897552,0.664431695,4070,26820,9160,9,,,,,,,,,,,,,,,,,,,,,,,,4070.00,5120.00,6280.00,7320.00,9160.00,12531.13,13277.00,22094.00,26820.00,,,,,,
企业存款:河北:沧州市,百万人民币,20841.54891,153310250.2,12381.85165,0.968194192,-0.360022003,0.594094599,8240,42415,16350,9,,,,,,,,,,,,,,,,,,,,,,,,8240.00,9990.00,11240.00,15070.00,16350.00,20529.94,24959.00,38780.00,42415.00,,,,,,
企业存款:河北:廊坊市,百万人民币,26915.44734,341393864.7,18476.84672,1.067699635,0.253930521,0.686477415,8700,62618.29,21470,9,,,,,,,,,,,,,,,,,,,,,,,,8700.00,10900.00,12410.00,16300.00,21470.00,29798.74,30977.00,49065.00,62618.29,,,,,,
企业存款:河北:衡水市,百万人民币,11339.70629,13471068.18,3670.29538,0.126681427,-1.025348999,0.323667588,6150,16624,11926,9,,,,,,,,,,,,,,,,,,,,,,,,6150.00,7260.00,8700.00,9960.00,12390.00,12839.36,11926.00,16624.00,16208.00,,,,,,
企业存款:山西:太原市,百万人民币,254033.3846,41857644925,204591.4097,0.779974559,-1.163148601,0.805372136,52560,585520,162186,13,,,,,,,,,,,,,,,,,,,,,,,,52560.00,71300.00,83320.00,83750.00,110630.00,131695.00,162186.00,218475.00,256838.00,435678.00,537926.00,572556.00,585520.00,,
企业存款:山西:大同市,百万人民币,40260.61538,559743302.6,23658.89479,0.275521971,-1.427978788,0.587643645,9270,75729,34786,13,,,,,,,,,,,,,,,,,,,,,,,,9270.00,11360.00,15940.00,22660.00,26860.00,31600.00,34786.00,40746.00,49246.00,72047.00,67437.00,75729.00,65707.00,,
企业存款:山西:阳泉市,百万人民币,23131.21429,342703943.9,18512.26469,0.349056499,-1.900868308,0.800315299,3010,47496,14940,14,,,,,,,,,,,,,,,,,,,,,,,,3010.00,3720.00,5030.00,7020.00,8950.00,9479.00,12430.00,17450.00,29265.00,43071.00,47496.00,45968.00,44208.00,46740.00,
企业存款:山西:长治市,百万人民币,31052.61538,628771798.8,25075.32251,0.624888602,-1.510707132,0.807510807,5130,66094,19982,13,,,,,,,,,,,,,,,,,,,,,,,,5130.00,6380.00,8980.00,9560.00,15450.00,16800.00,19982.00,25436.00,34659.00,65338.00,65928.00,66094.00,63947.00,,
企业存款:山西:晋城市,百万人民币,41016.61538,974966104.6,31224.44723,0.599044586,-1.446523483,0.761263379,7630,87713,31881,13,,,,,,,,,,,,,,,,,,,,,,,,7630.00,9020.00,12670.00,16020.00,19360.00,23000.00,31881.00,35943.00,44438.00,76944.00,87713.00,84683.00,83914.00,,
企业存款:山西:朔州市,百万人民币,17282,208403653.7,14436.19249,0.665497502,-1.3578766,0.835331124,2570,40726,10969,13,,,,,,,,,,,,,,,,,,,,,,,,2570.00,3430.00,4340.00,5670.00,7320.00,8497.00,10969.00,14629.00,20064.00,35821.00,40726.00,38094.00,32536.00,,
企业存款:山西:晋中市,百万人民币,24027.84615,439844378.3,20972.46715,0.77047128,-1.304886467,0.87284008,3690,57827,14434,13,,,,,,,,,,,,,,,,,,,,,,,,3690.00,5150.00,6580.00,7570.00,9510.00,11585.00,14434.00,17995.00,23412.00,47575.00,52430.00,57827.00,54604.00,,
企业存款:山西:运城市,百万人民币,16585.38462,232560279.8,15249.9272,0.955384356,-0.980621976,0.919479865,3800,43306,7950,13,,,,,,,,,,,,,,,,,,,,,,,,3800.00,4200.00,4390.00,5400.00,7360.00,7500.00,7950.00,10306.00,13032.00,30654.00,37891.00,43306.00,39821.00,,
企业存款:山西:忻州市,百万人民币,16857.15385,235171611.3,15335.30604,0.781377173,-1.340882545,0.909720952,2540,40655,8766,13,,,,,,,,,,,,,,,,,,,,,,,,2540.00,3180.00,4030.00,4850.00,6310.00,8271.00,8766.00,12220.00,16050.00,34431.00,38967.00,40655.00,38873.00,,
企业存款:山西:临汾市,百万人民币,25269.71429,478212995,21868.08165,0.559949043,-1.698639582,0.865386977,3610,59304,13864.5,14,,,,,,,,,,,,,,,,,,,,,,,,3610.00,5110.00,6670.00,6700.00,7710.00,9416.00,11868.00,15861.00,23763.00,47242.00,51219.00,54432.00,50871.00,59304.00,
企业存款:山西:吕梁市,百万人民币,20739.69231,403919923.7,20097.75917,0.836037182,-1.02009495,0.969048088,2210,56749,11743,13,,,,,,,,,,,,,,,,,,,,,,,,2210.00,3100.00,3860.00,4730.00,6080.00,8213.00,11743.00,14888.00,22633.00,49072.00,56749.00,48421.00,37917.00,,
企业存款:内蒙古:呼和浩特市,百万人民币,99618.37633,9263188002,96245.45705,0.942242185,-0.622791441,0.966141595,13040,284721.3542,58334,13,,,,,,,,,,,,,,,,,,,,,,,,13040.00,15960.00,23290.00,22100.00,27560.00,38358.07,58334.00,82901.00,97313.00,174216.47,208848.00,248397.00,284721.35,,
企业存款:内蒙古:包头市,百万人民币,49464.74315,1169386154,34196.28859,0.51153614,-1.482122997,0.691326517,10560,101099,37277,13,,,,,,,,,,,,,,,,,,,,,,,,10560.00,14630.00,15700.00,21460.00,25970.00,32745.56,37277.00,51608.00,52854.00,93594.10,89564.00,101099.00,95980.00,,
企业存款:内蒙古:乌海市,百万人民币,12341.93618,120409031.6,10973.10492,0.548233763,-1.624132642,0.889091044,1080,27960,7481,13,,,,,,,,,,,,,,,,,,,,,,,,1080.00,2190.00,2800.00,3420.00,3150.00,4389.36,7481.00,12886.00,14873.00,26513.49,27960.00,27355.00,26347.32,,
企业存款:内蒙古:赤峰市,百万人民币,17064.5727,205818701,14346.38286,0.705434246,-1.403025364,0.84071152,2280,38253,10378.64,13,,,,,,,,,,,,,,,,,,,,,,,,2280.00,3510.00,4310.00,6080.00,7490.00,10378.64,10200.00,13508.00,16305.00,35066.81,36450.00,38008.00,38253.00,,
企业存款:内蒙古:通辽市,百万人民币,10761.94795,72399058.74,8508.763643,0.740958483,-1.418260999,0.790634157,2280,23960,5297,13,,,,,,,,,,,,,,,,,,,,,,,,2280.00,3750.00,4050.00,4560.00,4570.00,5182.19,5297.00,8778.00,11213.00,21045.53,22625.00,23960.00,22594.60,,
企业存款:内蒙古:鄂尔多斯市,百万人民币,49135.52363,2308013856,48041.7928,0.533517013,-1.668550181,0.977740528,2650,118160.5774,23130,13,,,,,,,,,,,,,,,,,,,,,,,,2650.00,3490.00,4760.00,9350.00,11990.00,14363.50,23130.00,52214.00,64711.95,118160.58,111879.00,107949.00,114113.78,,
企业存款:内蒙古:呼伦贝尔市,百万人民币,16535.79407,185817866.3,13631.50272,0.74489324,-1.305092204,0.824363357,3120,38101,9924,13,,,,,,,,,,,,,,,,,,,,,,,,3120.00,3780.00,4830.00,6090.00,7060.00,8822.34,9924.00,13611.00,16388.00,31931.98,33875.00,38101.00,37432.00,,
企业存款:内蒙古:巴彦淖尔市,百万人民币,10001.95002,73093239.92,8549.458458,0.665460249,-1.385578654,0.854779162,1740,24285.95104,5395,13,,,,,,,,,,,,,,,,,,,,,,,,1740.00,2120.00,2360.00,2880.00,3790.00,4573.02,5395.00,9291.00,11679.00,20208.38,21682.00,20021.00,24285.95,,
企业存款:内蒙古:乌兰察布市,百万人民币,7659.755792,51662609.45,7187.670656,0.752136192,-1.383668024,0.938368122,1050,18779.74397,3585,13,,,,,,,,,,,,,,,,,,,,,,,,1050.00,1580.00,1700.00,1830.00,2470.00,2780.77,3585.00,6509.00,7616.00,15852.31,17650.00,18174.00,18779.74,,
企业存款:辽宁:沈阳市,百万人民币,150698.4811,4946466290,70331.11893,0.58681627,-1.128341669,0.466700914,71540,259753.15,133300,9,,,,,,,,,,,,,,,,,,,,,,,,71540.00,82680.00,97780.00,104350.00,133300.00,171301.18,185328.00,250254.00,259753.15,,,,,,
企业存款:辽宁:大连市,百万人民币,154391.9644,7266952227,85246.42061,0.889816593,-0.563331034,0.552142859,68360,303062,123710,9,,,,,,,,,,,,,,,,,,,,,,,,68360.00,79040.00,89800.00,102020.00,123710.00,160579.68,191639.00,271317.00,303062.00,,,,,,
企业存款:辽宁:鞍山市,百万人民币,37420.33455,736173459.2,27132.51664,1.139194197,0.277887543,0.725074133,10010,89310,30739.68,11,,,,,,,,,,,,,,,,,,,,,,,,10010.00,13050.00,18400.00,18390.00,20390.00,30739.68,37862.00,43055.00,46647.00,,,83770.00,,89310.00,
企业存款:辽宁:抚顺市,百万人民币,10374.28,18685820.53,4322.709859,0.33058595,-1.085618522,0.41667565,5130,17090,10540,9,,,,,,,,,,,,,,,,,,,,,,,,5560.00,5130.00,6500.00,8740.00,10540.00,11990.52,11860.00,15958.00,17090.00,,,,,,
企业存款:辽宁:本溪市,百万人民币,13427.68273,146619418.9,12108.65058,1.700047896,1.733480897,0.901767701,3840,39990,8360,11,,,,,,,,,,,,,,,,,,,,,,,,3840.00,4740.00,6130.00,7660.00,8360.00,7767.51,8445.00,11529.00,15403.00,,,33840.00,39990.00,,
企业存款:辽宁:丹东市,百万人民币,8052.15,11186952.7,3344.690225,1.400326514,1.683161852,0.415378529,4360,15119,7420,9,,,,,,,,,,,,,,,,,,,,,,,,4360.00,5420.00,6330.00,6720.00,7420.00,7473.35,7901.00,11726.00,15119.00,,,,,,
企业存款:辽宁:锦州市,百万人民币,10447.50333,9808420.528,3131.839799,1.315590636,1.602605012,0.299769208,7330,17090,9940,9,,,,,,,,,,,,,,,,,,,,,,,,7330.00,7780.00,7880.00,9190.00,9940.00,10834.53,10549.00,13434.00,17090.00,,,,,,
企业存款:辽宁:营口市,百万人民币,19190.37182,370234702.2,19241.48389,1.465193159,0.906153025,1.002663423,4170,57510,10799.09,11,,,,,,,,,,,,,,,,,,,,,,,,4170.00,4570.00,5600.00,6850.00,8110.00,10799.09,13867.00,22250.00,23408.00,,,53960.00,57510.00,,
企业存款:辽宁:阜新市,百万人民币,8398.761,51427028.1,7171.264052,2.173678085,5.343560239,0.853847853,2650,26790,6157.305,10,,,,,,,,,,,,,,,,,,,,,,,,2650.00,2850.00,3700.00,5460.00,5610.00,6704.61,7684.00,10171.00,12368.00,,,26790.00,,,
企业存款:辽宁:辽阳市,百万人民币,8350.365556,25229229.88,5022.870681,1.289334574,0.530265204,0.601515065,3600,18019,7152.29,9,,,,,,,,,,,,,,,,,,,,,,,,3600.00,4130.00,5260.00,5760.00,7320.00,7152.29,8549.00,15363.00,18019.00,,,,,,
企业存款:辽宁:盘锦市,百万人民币,15255.381,123072589.2,11093.8086,2.098404696,5.163827972,0.727206262,5540,43540,12913.5,10,,,,,,,,,,,,,,,,,,,,,,,,5540.00,6540.00,8060.00,9500.00,11890.00,14470.81,13937.00,18531.00,20545.00,,,43540.00,,,
企业存款:辽宁:铁岭市,百万人民币,9357.139091,42934725.48,6552.459499,0.896972819,-0.347074125,0.700263129,2410,21240,7370.53,11,,,,,,,,,,,,,,,,,,,,,,,,2410.00,2880.00,3640.00,5280.00,6670.00,7370.53,8087.00,13447.00,11944.00,,,19960.00,21240.00,,
企业存款:辽宁:朝阳市,百万人民币,11756.23968,114062910.1,10680.02388,1.131519336,-0.35305644,0.90845578,2380,31040,7566.905,12,,,,,,,,,,,,,,,,,,,,,,,,2380.00,2610.00,3530.00,4100.00,5870.00,7506.81,7627.00,9805.00,11438.00,,25318.07,29850.00,31040.00,,
企业存款:辽宁:葫芦岛市,百万人民币,14709.23999,127215807.3,11278.99851,1.346201828,0.859257878,0.766796824,4320,37640,11633.73,11,,,,,,,,,,,,,,,,,,,,,,,,5180.00,4320.00,5650.00,6570.00,11420.00,11633.73,12639.00,16735.00,16104.00,,33909.91,37640.00,,,
企业存款:吉林:长春市,百万人民币,89090.55556,2545434259,50452.29686,1.279895995,0.388299293,0.566303539,46880,185958,68290,9,,,,,,,,,,,,,,,,,,,,,,,,46880.00,51080.00,52090.00,56650.00,68290.00,86347.00,95810.00,158710.00,185958.00,,,,,,
企业存款:吉林:吉林市,百万人民币,13284.66667,68542764.75,8279.055789,0.841970528,0.288152808,0.623203878,1700,28115,10840,9,,,,,,,,,,,,,,,,,,,,,,,,7650.00,9710.00,10590.00,10840.00,11710.00,14447.00,1700.00,24800.00,28115.00,,,,,,
企业存款:吉林:四平市,百万人民币,3895.777778,3127962.444,1768.60466,0.961262918,-0.537200369,0.453979863,2320,6984,3220,9,,,,,,,,,,,,,,,,,,,,,,,,2450.00,2360.00,2320.00,2780.00,3220.00,3848.00,4720.00,6380.00,6984.00,,,,,,
企业存款:吉林:辽源市,百万人民币,2675.888889,1748329.111,1322.243968,1.13403106,1.16375915,0.494132613,1210,5407,2280,9,,,,,,,,,,,,,,,,,,,,,,,,1450.00,1210.00,1780.00,2160.00,2280.00,2846.00,3060.00,3890.00,5407.00,,,,,,
企业存款:吉林:通化市,百万人民币,5274.777778,4932717.444,2220.972185,1.193970343,1.430569226,0.421055119,2850,9952,4560,9,,,,,,,,,,,,,,,,,,,,,,,,2850.00,3230.00,4060.00,4020.00,4560.00,5581.00,6220.00,7000.00,9952.00,,,,,,
企业存款:吉林:白山市,百万人民币,3263.888889,3749292.611,1936.309017,0.553642468,-1.138310337,0.593252124,1190,6189,3020,9,,,,,,,,,,,,,,,,,,,,,,,,1190.00,1200.00,1680.00,2140.00,3020.00,3566.00,4330.00,6060.00,6189.00,,,,,,
企业存款:吉林:松原市,百万人民币,4602.777778,6573827.944,2563.947727,0.741337812,-0.341272295,0.557043562,2140,9407,4220,9,,,,,,,,,,,,,,,,,,,,,,,,2140.00,2150.00,2170.00,2870.00,4220.00,5338.00,6320.00,6810.00,9407.00,,,,,,
企业存款:吉林:白城市,百万人民币,2874.444444,2578868.778,1605.885668,1.108474815,-0.063603453,0.558676885,1550,5908,1910,9,,,,,,,,,,,,,,,,,,,,,,,,1890.00,1630.00,1610.00,1550.00,1910.00,2892.00,3570.00,4910.00,5908.00,,,,,,
企业存款:黑龙江:哈尔滨市,百万人民币,197016.3285,18849472339,137293.3805,0.651624289,-1.380126495,0.696862953,56770,415643.5926,130061,13,,,,,,,,,,,,,,,,,,,,,,,,56770.00,67870.00,77930.00,82040.00,96040.00,115267.00,130061.00,180400.00,228692.00,337755.68,370768.51,415643.59,401974.49,,
企业存款:黑龙江:齐齐哈尔市,百万人民币,17143.87827,159453783.5,12627.50108,0.861268654,-1.003923518,0.736560356,6000,39188.4192,10421,13,,,,,,,,,,,,,,,,,,,,,,,,6000.00,6370.00,6730.00,6340.00,8410.00,9426.00,10421.00,14881.00,16726.00,27825.20,33854.66,36698.14,39188.42,,
企业存款:黑龙江:鸡西市,百万人民币,8895.701401,62522457.07,7907.114333,0.788039133,-1.233983603,0.888869126,1320,21800.38718,4943.25,13,,,,,,,,,,,,,,,,,,,,,,,,1320.00,1840.00,2200.00,2910.00,3470.00,3881.00,4943.25,7073.45,8829.71,16777.22,21800.39,20579.91,20019.19,,
企业存款:黑龙江:鹤岗市,百万人民币,5710.270128,21598527.12,4647.421556,0.714130769,-1.309035287,0.813870702,1230,13418.41831,3495,13,,,,,,,,,,,,,,,,,,,,,,,,1230.00,1330.00,1760.00,1840.00,2300.00,2912.00,3495.00,5497.00,5632.00,10725.90,11889.02,13418.42,12204.17,,
企业存款:黑龙江:双鸭山市,百万人民币,7069.270261,35657889.96,5971.422775,0.655615909,-1.477031316,0.844701441,1050,16335.66047,3737,13,,,,,,,,,,,,,,,,,,,,,,,,1050.00,1490.00,1880.00,2660.00,2580.00,3279.00,3737.00,6613.00,7712.00,14574.29,16335.66,14770.23,15219.34,,
企业存款:黑龙江:大庆市,百万人民币,42692.39752,468971785.3,21655.7564,0.748834292,-1.312498076,0.507250884,21290,77503.24274,33494,13,,,,,,,,,,,,,,,,,,,,,,,,23770.00,21290.00,23060.00,24800.00,32160.00,34586.00,28490.00,33494.00,42809.00,67284.71,77503.24,74323.69,71430.53,,
企业存款:黑龙江:伊春市,百万人民币,5459.868472,26571126.85,5154.718891,0.916864534,-1.166537931,0.944110452,1190,13454.99232,2127,13,,,,,,,,,,,,,,,,,,,,,,,,1190.00,1430.00,1840.00,1940.00,2040.00,1744.00,2127.00,3263.00,4533.00,10618.82,13445.42,13454.99,13352.05,,
企业存款:黑龙江:佳木斯市,百万人民币,10736.84195,94383412.99,9715.112608,0.935862773,-1.020721987,0.904838933,2860,27745.76471,5252,13,,,,,,,,,,,,,,,,,,,,,,,,2860.00,3070.00,3300.00,3280.00,3560.00,4893.00,5252.00,7110.00,9012.00,19943.53,24178.87,25373.78,27745.76,,
企业存款:黑龙江:七台河市,百万人民币,4273.998669,12853624.61,3585.195199,0.82203619,-1.27320138,0.838838633,840,9887.90945,2635,13,,,,,,,,,,,,,,,,,,,,,,,,840.00,1070.00,1450.00,1470.00,1900.00,2430.00,2635.00,3537.00,3025.00,8301.24,9887.91,9510.01,9505.83,,
企业存款:黑龙江:牡丹江市,百万人民币,12828.77107,90152925.61,9494.889447,0.715894631,-1.45331842,0.740124631,3620,26953.47878,7829,13,,,,,,,,,,,,,,,,,,,,,,,,3620.00,4180.00,5320.00,5060.00,5850.00,7132.00,7829.00,10756.90,13063.00,24938.56,25994.92,26076.17,26953.48,,
企业存款:黑龙江:黑河市,百万人民币,7315.000952,38886344.41,6235.891629,0.822021037,-1.241108115,0.852479948,1550,17356.26231,4230,13,,,,,,,,,,,,,,,,,,,,,,,,1550.00,1740.00,2130.00,2240.00,3530.00,3879.00,4230.00,5400.00,6288.00,14229.31,15711.40,16811.04,17356.26,,
企业存款:黑龙江:绥化市,百万人民币,7583.912401,46940675.57,6851.326556,0.938275655,-1.153359412,0.903402649,1920,18809.27336,3740,13,,,,,,,,,,,,,,,,,,,,,,,,1920.00,2220.00,2750.00,2580.00,3100.00,3271.00,3740.00,4334.00,5527.00,14776.31,17661.14,17902.14,18809.27,,
企业存款:上海,百万人民币,1885109.091,1.56584E+12,1251333.763,1.153694998,0.143990657,0.663799124,678230,4149155,1483031,11,,,,,,,,,,,,,,,,,,,,,,,,678230.00,811090.00,943950.00,1027030.00,1156560.00,1483031.00,1680361.00,2161454.00,2499139.00,,,4149155.00,,,4146200.00
企业存款:江苏:南京市,百万人民币,534520.3937,1.74208E+11,417381.9731,1.183380251,0.141001115,0.780853225,148040,1379264.386,370025.63,12,,,,,,,,,,,,,,,,,,,,,,,,148040.00,184050.00,214660.00,237170.00,276880.00,346386.26,393665.00,536940.00,549494.00,939354.00,,1208341.08,1379264.39,,
企业存款:江苏:无锡市,百万人民币,287235.751,62779119527,250557.6172,1.107165403,-0.436478644,0.872306516,59410,739724.7388,175106.6,12,,,,,,,,,,,,,,,,,,,,,,,,59410.00,83660.00,99660.00,114040.00,132760.00,168075.20,182138.00,279995.00,272225.00,615062.00,,700079.07,739724.74,,
企业存款:江苏:徐州市,百万人民币,67270.72448,3599210772,59993.42274,1.151917467,-0.329243948,0.891820672,15780,176717.7076,42837.57025,12,,,,,,,,,,,,,,,,,,,,,,,,15780.00,18950.00,21960.00,24720.00,29350.00,38820.14,46855.00,59481.00,62847.00,143358.00,,168409.85,176717.71,,
企业存款:江苏:常州市,百万人民币,133103.3486,15466736186,124365.3335,1.239137306,-0.029453559,0.934351651,29580,371769.9577,72644.5,12,,,,,,,,,,,,,,,,,,,,,,,,29580.00,39880.00,43400.00,47390.00,56380.00,67568.00,77721.00,116808.00,128602.00,270940.00,,347201.23,371769.96,,
企业存款:江苏:苏州市,百万人民币,509471.0728,2.28325E+11,477833.6437,1.204373836,0.02330791,0.937901422,80220,1438600.203,314439.405,12,,,,,,,,,,,,,,,,,,,,,,,,80220.00,122020.00,150930.00,173340.00,219830.00,300976.81,327902.00,472415.00,496815.00,1006726.00,,1323877.86,1438600.20,,
企业存款:江苏:南通市,百万人民币,133232.3986,14498137488,120408.2119,0.973236204,-0.666553859,0.903745734,24440,364387.3222,68780,13,,,,,,,,,,,,,,,,,,,,,,,,24440.00,31450.00,37650.00,42730.00,52060.00,62740.25,68780.00,105798.00,113604.00,242716.00,267917.37,317748.24,364387.32,,
企业存款:江苏:连云港市,百万人民币,35798.70117,954229037.1,30890.59788,0.849033546,-1.223954395,0.862897168,7600,87443.30901,21286,13,,,,,,,,,,,,,,,,,,,,,,,,7600.00,9120.00,11070.00,12450.00,14210.00,17829.14,21286.00,27058.00,28120.00,72338.00,75675.00,81183.67,87443.31,,
企业存款:江苏:淮安市,百万人民币,30980.01548,900187208.2,30003.11997,1.347438519,0.479489715,0.968466913,6390,94646.47519,16385.61,12,,,,,,,,,,,,,,,,,,,,,,,,6390.00,8380.00,9750.00,11110.00,13700.00,15593.22,17178.00,26976.00,28289.09,62353.00,,77394.40,94646.48,,
企业存款:江苏:盐城市,百万人民币,49586.63941,2656903091,51545.15585,1.434305418,0.609374636,1.039496858,10490,158611.7724,24960.71,12,,,,,,,,,,,,,,,,,,,,,,,,10490.00,13820.00,15740.00,16840.00,19090.00,23213.42,26708.00,36136.00,38614.00,101561.00,,134215.48,158611.77,,
企业存款:江苏:扬州市,百万人民币,71393.88579,4408142025,66393.84027,1.339783643,0.401118755,0.929965354,17650,207654.0997,41777.595,12,,,,,,,,,,,,,,,,,,,,,,,,17650.00,22010.00,25230.00,25260.00,29140.00,38541.19,45014.00,64471.00,62796.00,135655.00,,183305.34,207654.10,,
企业存款:江苏:镇江市,百万人民币,71998.99374,4112767497,64130.86229,0.934166035,-0.871986975,0.890718869,13630,188537.4971,36221,13,,,,,,,,,,,,,,,,,,,,,,,,13630.00,18740.00,22070.00,23690.00,27950.00,33894.74,36221.00,57286.00,60442.00,130746.00,150280.00,172499.68,188537.50,,
企业存款:江苏:泰州市,百万人民币,64165.04183,4170895158,64582.46789,1.326497836,0.357078437,1.006505506,11950,196551.8798,33986,12,,,,,,,,,,,,,,,,,,,,,,,,11950.00,15940.00,18250.00,19910.00,23970.00,31280.00,36692.00,57194.00,58321.00,127843.00,,172078.62,196551.88,,
企业存款:江苏:宿迁市,百万人民币,22412.27742,739544178.5,27194.56156,1.407115172,0.404037127,1.213377876,3140,76558.72817,8574.025,12,,,,,,,,,,,,,,,,,,,,,,,,3140.00,3780.00,4580.00,4800.00,5830.00,7779.05,9369.00,14510.00,17876.00,49552.00,,71172.55,76558.73,,
企业存款:浙江:杭州市,百万人民币,395713.2222,45950399761,214360.4436,0.994176003,-0.054605671,0.541706548,165280,793654,323920,9,,,,,,,,,,,,,,,,,,,,,,,,165280.00,217510.00,245400.00,270570.00,323920.00,415018.00,457168.00,672899.00,793654.00,,,,,,
企业存款:浙江:宁波市,百万人民币,183589.0678,6694101027,81817.48607,0.696865657,-0.381359099,0.445655545,78570,326210.78,167440,9,,,,,,,,,,,,,,,,,,,,,,,,78570.00,112620.00,129000.00,142510.00,167440.00,194090.00,211956.00,289904.83,326210.78,,,,,,
企业存款:浙江:温州市,百万人民币,91826.55556,2323258115,48200.18791,1.401062778,1.366922324,0.524904671,44740,192472,77450,9,,,,,,,,,,,,,,,,,,,,,,,,44740.00,54560.00,61720.00,65150.00,77450.00,86859.00,97136.00,146352.00,192472.00,,,,,,
企业存款:浙江:嘉兴市,百万人民币,56140.55556,841778960.8,29013.42725,1.029235791,0.021096563,0.516799789,23550,109598,46150,9,,,,,,,,,,,,,,,,,,,,,,,,23550.00,34040.00,37430.00,39370.00,46150.00,56813.00,62804.00,95510.00,109598.00,,,,,,
企业存款:浙江:湖州市,百万人民币,24957.75,213948574.6,14626.98105,1.404093056,1.020556651,0.5860697,11010,54687,18070,9,,,,,,,,,,,,,,,,,,,,,,,,11010.00,15750.00,16540.00,15820.00,18070.00,22791.75,26572.00,43379.00,54687.00,,,,,,
企业存款:浙江:绍兴市,百万人民币,103259.3,7850818693,88604.84576,1.866862527,3.455480174,0.858081023,31130,317385,69634.5,10,,,,,,,,,,,,,,,,,,,,,,,,31130.00,42410.00,50220.00,51270.00,61040.00,78229.00,79932.00,139480.00,181497.00,,317385.00,,,,
企业存款:浙江:金华市,百万人民币,56290.30094,669901243.8,25882.4505,1.136605289,0.664119751,0.459803022,26840,107562,48720,9,,,,,,,,,,,,,,,,,,,,,,,,26840.00,35700.00,41830.00,42500.00,48720.00,53177.71,63693.00,86590.00,107562.00,,,,,,
企业存款:浙江:衢州市,百万人民币,15756.78889,44075852.87,6638.964744,0.842047772,-0.153797218,0.421339956,7970,27858.66,16310,9,,,,,,,,,,,,,,,,,,,,,,,,7970.00,10430.00,10500.00,11620.00,16310.00,16511.00,16424.00,24187.44,27858.66,,,,,,
企业存款:浙江:舟山市,百万人民币,23784.22222,275784533.4,16606.76168,0.989568513,0.08286805,0.698225972,7350,56171,15880,9,,,,,,,,,,,,,,,,,,,,,,,,7350.00,9580.00,11570.00,13360.00,15880.00,56171.00,25987.00,35237.00,38923.00,,,,,,
企业存款:浙江:台州市,百万人民币,54999.22222,558976647.4,23642.68698,0.869488758,-0.066418478,0.429873115,26250,98270,49970,9,,,,,,,,,,,,,,,,,,,,,,,,26250.00,35740.00,39360.00,41540.00,49970.00,59132.00,59506.00,85225.00,98270.00,,,,,,
企业存款:浙江:丽水市,百万人民币,13878,37935921.25,6159.214337,1.194890008,0.833899395,0.44381138,7390,26256,12880,9,,,,,,,,,,,,,,,,,,,,,,,,7390.00,8680.00,9620.00,10630.00,12880.00,14357.00,14054.00,21035.00,26256.00,,,,,,
企业存款:安徽:合肥市,百万人民币,223813.34,38836063527,197068.6772,0.9469177,-0.569837188,0.880504608,38770,605752.5,132341,13,,,,,,,,,,,,,,,,,,,,,,,,38770.00,49260.00,60740.00,69920.00,85790.00,111187.37,132341.00,190903.00,218087.00,374604.62,443593.45,528624.48,605752.50,,
企业存款:安徽:芜湖市,百万人民币,46508.69077,1712243788,41379.26761,0.753311269,-1.308810696,0.889710438,7810,112444.53,25439,13,,,,,,,,,,,,,,,,,,,,,,,,7810.00,10960.00,11820.00,12170.00,15250.00,20572.98,25439.00,38184.00,48733.00,93215.86,97148.64,110864.97,112444.53,,
企业存款:安徽:蚌埠市,百万人民币,23362.46231,376782756.8,19410.89274,1.285809133,0.525845996,0.830858172,6400,65724.22,13602,13,,,,,,,,,,,,,,,,,,,,,,,,6400.00,8340.00,9780.00,9420.00,10390.00,12113.64,13602.00,16903.00,21653.00,34729.63,39520.13,55136.39,65724.22,,
企业存款:安徽:淮南市,百万人民币,24566.43538,362900549.2,19049.9488,0.536089146,-1.545100237,0.775446193,4560,52418.13,17048.22,13,,,,,,,,,,,,,,,,,,,,,,,,4560.00,5060.00,7020.00,8520.00,10920.00,12581.05,17048.22,24481.29,29488.23,45672.95,51420.28,52418.13,50173.51,,
企业存款:安徽:马鞍山市,百万人民币,27647.60769,544525107.6,23335.06177,0.827601912,-1.180093747,0.844017393,4550,65392.94,16753,13,,,,,,,,,,,,,,,,,,,,,,,,4550.00,6900.00,9160.00,10350.00,11960.00,13947.92,16753.00,21415.00,24104.00,51102.37,60265.18,65392.94,63518.49,,
企业存款:安徽:淮北市,百万人民币,17632.91077,184610428.2,13587.14202,0.688338489,-1.351265509,0.77055582,3490,39492.27,11561,13,,,,,,,,,,,,,,,,,,,,,,,,3490.00,4410.00,5700.00,7910.00,8710.00,8852.53,11561.00,15362.00,18318.77,33533.17,34704.28,37183.82,39492.27,,
企业存款:安徽:铜陵市,百万人民币,14116.46,125610641.1,11207.61532,0.755347569,-1.236122247,0.793939509,2660,32309.79,8878.9,13,,,,,,,,,,,,,,,,,,,,,,,,2660.00,3590.00,4790.00,5610.00,6170.00,8878.90,8244.00,11529.42,13987.57,25560.07,29154.53,31029.70,32309.79,,
企业存款:安徽:安庆市,百万人民币,27310.58923,636983089.2,25238.52391,0.953894864,-0.832700957,0.9241296,5950,73774.42,13670,13,,,,,,,,,,,,,,,,,,,,,,,,5950.00,6590.00,7620.00,8020.00,9030.00,11846.19,13670.00,19263.00,24646.26,49490.00,58698.00,66439.79,73774.42,,
企业存款:安徽:黄山市,百万人民币,12182.91538,110565365.2,10515.00667,0.883174041,-1.169807361,0.863094451,3400,29775.62,6498,13,,,,,,,,,,,,,,,,,,,,,,,,3530.00,3400.00,3940.00,3950.00,4430.00,6001.21,6498.00,8775.00,10127.00,23307.81,26637.06,28006.20,29775.62,,
企业存款:安徽:滁州市,百万人民币,22625.14,493156535.7,22207.12804,0.774786171,-1.19320128,0.981524447,2690,63350,11434.5,14,,,,,,,,,,,,,,,,,,,,,,,,2690.00,3320.00,4110.00,4840.00,5910.00,7156.74,8817.00,14052.00,15009.00,38272.12,45267.82,51059.49,52897.79,63350.00,
企业存款:安徽:阜阳市,百万人民币,19241.93077,361989911.8,19026.03248,1.063264371,-0.520420854,0.988779801,3540,56299.49,9305,13,,,,,,,,,,,,,,,,,,,,,,,,3540.00,4230.00,4580.00,4710.00,7590.00,8561.15,9305.00,10361.00,15489.00,35031.00,41251.87,49196.59,56299.49,,
企业存款:安徽:宿州市,百万人民币,13760.81923,178899340,13375.32579,0.931271974,-0.815480127,0.971986156,1810,38802.19,7156,13,,,,,,,,,,,,,,,,,,,,,,,,1810.00,2660.00,3230.00,3510.00,4310.00,4946.32,7156.00,9790.00,13079.00,25943.88,29629.95,34023.31,38802.19,,
企业存款:安徽:巢湖市,百万人民币,5811.708889,12211704.09,3494.524874,1.264455383,0.841469698,0.601290419,2510,12907,4390,9,,,,,,,,,,,,,,,,,,,,,,,,2510.00,3040.00,3680.00,3410.00,4390.00,5873.38,6737.00,9758.00,12907.00,,,,,,
企业存款:安徽:六安市,百万人民币,22336.94615,514978700.8,22693.14215,0.976796046,-0.811810538,1.015946495,3380,63815.46,9584,13,,,,,,,,,,,,,,,,,,,,,,,,3380.00,4320.00,5090.00,5130.00,6440.00,7825.16,9584.00,14560.00,19207.00,42323.17,50105.88,58599.63,63815.46,,
企业存款:安徽:亳州市,百万人民币,12184.52267,160450204,12666.89402,0.939802811,-0.604558694,1.039588859,1710,38160,5350.5,14,,,,,,,,,,,,,,,,,,,,,,,,1710.00,1820.00,1930.00,2210.00,2600.00,3435.70,3926.00,6775.00,8179.00,19884.78,23575.30,26440.78,29936.76,38160.00,
企业存款:安徽:池州市,百万人民币,9004.699231,64880639.78,8054.85194,0.736535206,-1.334709783,0.894516489,1590,22056.29,4799,13,,,,,,,,,,,,,,,,,,,,,,,,1590.00,1820.00,2150.00,2510.00,2960.00,3853.51,4799.00,7052.00,10265.00,17547.99,19405.98,21051.32,22056.29,,
企业存款:安徽:宣城市,百万人民币,14348.21077,184319702.9,13576.43926,0.883101546,-1.076120972,0.946211307,2540,37974,6437,13,,,,,,,,,,,,,,,,,,,,,,,,2540.00,3110.00,3590.00,3860.00,4880.00,6069.11,6437.00,9392.00,14049.00,27282.41,32515.48,34827.74,37974.00,,
企业存款:福建:福州市,百万人民币,183281.7342,21214165353,145650.8337,1.155870794,-0.114387736,0.794682756,50620,471549,122373.59,12,,,,,,,,,,,,,,,,,,,,,,,,50620.00,60370.00,73860.00,79150.00,101550.00,114039.18,130708.00,168463.00,184852.00,357523.63,406696.00,471549.00,,,
企业存款:福建:厦门市,百万人民币,149997.2392,13305252293,115348.3953,1.033422326,-0.306086236,0.769003456,38490,374179,110887.2,12,,,,,,,,,,,,,,,,,,,,,,,,38490.00,46460.00,51600.00,67510.00,82950.00,112772.40,109002.00,144533.00,161589.00,291138.47,319743.00,374179.00,,,
企业存款:福建:莆田市,百万人民币,13772.62833,216490724.3,14713.62377,1.432644403,0.757716382,1.068323592,2320,45772,6736.12,12,,,,,,,,,,,,,,,,,,,,,,,,2320.00,3030.00,3430.00,4080.00,6080.00,6193.87,7278.37,11203.70,10839.17,28468.43,36576.00,45772.00,,,
企业存款:福建:三明市,百万人民币,19234.24333,329190395.4,18143.60481,1.269903182,-0.086960232,0.94329704,4510,53989,10352.59,12,,,,,,,,,,,,,,,,,,,,,,,,4510.00,5450.00,6500.00,7550.00,9690.00,9742.18,10963.00,15344.00,15673.63,41861.11,49538.00,53989.00,,,
企业存款:福建:泉州市,百万人民币,76389.98583,5893686112,76770.34657,1.370287782,0.565764665,1.004979196,13450,241433,41068.325,12,,,,,,,,,,,,,,,,,,,,,,,,13450.00,18920.00,21910.00,24930.00,34190.00,38963.65,43173.00,59744.00,69381.00,158917.18,191668.00,241433.00,,,
企业存款:福建:漳州市,百万人民币,26119.63833,667008567.3,25826.509,1.448089102,0.828323484,0.988777435,5690,82884,14617.19,12,,,,,,,,,,,,,,,,,,,,,,,,5690.00,7270.00,8620.00,9520.00,11340.00,13979.38,15255.00,20459.00,20785.00,52576.28,65057.00,82884.00,,,
企业存款:福建:南平市,百万人民币,17028.51917,225757671.5,15025.23449,1.173098587,-0.241532979,0.882357082,3940,45933,10142.855,12,,,,,,,,,,,,,,,,,,,,,,,,3940.00,4740.00,5870.00,6890.00,8650.00,9294.71,10991.00,14939.08,16128.00,36751.44,40215.00,45933.00,,,
企业存款:福建:龙岩市,百万人民币,21455.45583,382913585.9,19568.17789,1.251244249,0.194390805,0.912037388,4350,61447,12681.135,12,,,,,,,,,,,,,,,,,,,,,,,,4350.00,6450.00,7470.00,7420.00,9410.00,11156.95,14205.32,20465.62,20415.80,42005.78,52669.00,61447.00,,,
企业存款:福建:宁德市,百万人民币,16625.71527,267850303.1,16366.13281,0.897877306,-1.221777081,0.984386689,2850,43265,7884.998516,13,,,,,,,,,,,,,,,,,,,,,,,,2850.00,3420.00,4210.00,4360.00,5670.00,6133.03,7885.00,10816.27,11665.39,35135.61,39503.00,41221.00,43265.00,,
企业存款:江西:南昌市,百万人民币,139924.9809,19960499163,141281.6307,1.684289383,1.565691502,1.009695551,36590,440166,80449.79,11,,,,,,,,,,,,,,,,,,,,,,,,36590.00,44520.00,51120.00,54510.00,65160.00,80449.79,93681.00,130644.00,151381.00,,,390953.00,440166.00,,
企业存款:江西:景德镇市,百万人民币,5409.185556,4930697.495,2220.517394,1.423924132,1.748769824,0.410508638,3170,10152,4880,9,,,,,,,,,,,,,,,,,,,,,,,,3170.00,3630.00,4310.00,3960.00,4880.00,5332.67,5569.00,7679.00,10152.00,,,,,,
企业存款:江西:萍乡市,百万人民币,3743.025556,4268639.546,2066.068621,1.213333001,0.181098708,0.55197823,1790,7606,2900,9,,,,,,,,,,,,,,,,,,,,,,,,1790.00,2170.00,2550.00,2360.00,2900.00,3435.23,4203.00,6673.00,7606.00,,,,,,
企业存款:江西:九江市,百万人民币,27400.35333,744301591.9,27281.89128,1.168332254,-0.366390324,0.995676623,5370,76003,13911.62,12,,,,,,,,,,,,,,,,,,,,,,,,5370.00,6430.00,7340.00,8520.00,9980.00,12335.24,15488.00,24035.00,26181.00,,62748.00,74374.00,76003.00,,
企业存款:江西:新余市,百万人民币,4824.82,11079385.18,3328.571042,0.804330584,-1.28209632,0.68988502,1590,10241,3130,9,,,,,,,,,,,,,,,,,,,,,,,,1590.00,2070.00,2680.00,2520.00,3130.00,4135.38,8003.00,10241.00,9054.00,,,,,,
企业存款:江西:鹰潭市,百万人民币,5090.346667,14257616.43,3775.925904,1.254552362,1.06012577,0.74178168,1800,12976,3100,9,,,,,,,,,,,,,,,,,,,,,,,,1800.00,2270.00,2330.00,2370.00,3100.00,5513.12,7855.00,7599.00,12976.00,,,,,,
企业存款:江西:赣州市,百万人民币,32652.2,1188560233,34475.50192,1.281914956,0.115821484,1.055840094,5590,101807,15146.2,12,,,,,,,,,,,,,,,,,,,,,,,,5590.00,7280.00,8270.00,9110.00,11470.00,13714.40,16578.00,24529.00,33758.00,,89264.00,101807.00,,70456.00,
企业存款:江西:吉安市,百万人民币,6751.328889,11731394,3425.112261,1.016390049,0.073487335,0.507324161,2960,13104,5750,9,,,,,,,,,,,,,,,,,,,,,,,,2960.00,3690.00,4710.00,5000.00,5750.00,6675.96,7553.00,11319.00,13104.00,,,,,,
企业存款:江西:宜春市,百万人民币,8842.551111,22557004.7,4749.421513,0.810058165,-0.487931862,0.537109874,3740,17371,7550,9,,,,,,,,,,,,,,,,,,,,,,,,3740.00,4500.00,5200.00,5930.00,7550.00,9574.96,11040.00,14677.00,17371.00,,,,,,
企业存款:江西:抚州市,百万人民币,5303.605556,4213310.786,2052.635083,0.979272033,-0.276181747,0.387026347,3070,8960,4390,9,,,,,,,,,,,,,,,,,,,,,,,,3070.00,3740.00,3940.00,4060.00,4390.00,5491.17,5902.00,8179.28,8960.00,,,,,,
企业存款:江西:上饶市,百万人民币,7888.642222,18356857.38,4284.490329,1.174929802,0.06033004,0.54312139,3730,15719.53,6030,9,,,,,,,,,,,,,,,,,,,,,,,,3730.00,4560.00,5180.00,5360.00,6030.00,7567.56,8700.19,14150.50,15719.53,,,,,,
企业存款:山东:济南市,百万人民币,158148,6247321958,79040.00226,0.865438332,-0.502212179,0.499785026,70400,295527,133300,9,,,,,,,,,,,,,,,,,,,,,,,,70400.00,89780.00,102130.00,114880.00,133300.00,156719.00,193618.00,266978.00,295527.00,,,,,,
企业存款:山东:青岛市,百万人民币,127916.4444,5192670351,72060.18561,1.214231206,0.702539842,0.563337935,58200,272720,101440,9,,,,,,,,,,,,,,,,,,,,,,,,58200.00,70270.00,79090.00,80960.00,101440.00,132136.00,146420.00,210012.00,272720.00,,,,,,
企业存款:山东:淄博市,百万人民币,46028.9,1376856433,37106.01613,2.128620678,4.829281241,0.806146055,18170,139960,29789,10,,,,,,,,,,,,,,,,,,,,,,,,18170.00,22300.00,25460.00,26200.00,26030.00,33378.00,37774.00,61892.00,69125.00,,,139960.00,,,
企业存款:山东:枣庄市,百万人民币,10631.77778,41270770.19,6424.233043,0.977313428,-0.669250639,0.604248243,4200,21038,7050,9,,,,,,,,,,,,,,,,,,,,,,,,4200.00,6140.00,7050.00,6040.00,6850.00,9751.00,13978.00,21038.00,20639.00,,,,,,
企业存款:山东:东营市,百万人民币,21998.77778,109393958.9,10459.1567,1.1430345,0.263573498,0.475442627,11490,42008,19090,9,,,,,,,,,,,,,,,,,,,,,,,,11490.00,14740.00,14680.00,14340.00,19090.00,21670.00,24360.00,35611.00,42008.00,,,,,,
企业存款:山东:烟台市,百万人民币,56246.22222,860090460.4,29327.29889,1.102027056,-0.001381571,0.521409221,28110,110977,44090,9,,,,,,,,,,,,,,,,,,,,,,,,28110.00,32560.00,36160.00,37230.00,44090.00,56641.00,64899.00,95549.00,110977.00,,,,,,
企业存款:山东:潍坊市,百万人民币,35961.79222,417025343.2,20421.19838,1.294082915,0.72937376,0.567858194,16420,76576.13,27450,9,,,,,,,,,,,,,,,,,,,,,,,,16420.00,19290.00,22820.00,26200.00,27450.00,33993.00,38997.00,61910.00,76576.13,,,,,,
企业存款:山东:济宁市,百万人民币,26259.33333,214979806.3,14662.18968,1.080152772,-0.183815411,0.558361079,11380,52257,20420,9,,,,,,,,,,,,,,,,,,,,,,,,11380.00,14550.00,16750.00,17860.00,20420.00,24460.00,30798.00,47859.00,52257.00,,,,,,
企业存款:山东:泰安市,百万人民币,15944.33333,52775305,7264.661382,0.825148303,-0.177041057,0.455626537,7090,28755,14770,9,,,,,,,,,,,,,,,,,,,,,,,,7090.00,8880.00,12280.00,12770.00,14770.00,14924.00,18132.00,25898.00,28755.00,,,,,,
企业存款:山东:威海市,百万人民币,20324.55556,79486278.53,8915.507755,0.471679018,-1.112671022,0.43865696,8860,33428,18060,9,,,,,,,,,,,,,,,,,,,,,,,,8860.00,12330.00,14230.00,14690.00,18060.00,23769.00,24301.00,33253.00,33428.00,,,,,,
企业存款:山东:日照市,百万人民币,11566,37470595.25,6121.322998,0.803575948,-0.170947002,0.529251513,4420,22806,9770,9,,,,,,,,,,,,,,,,,,,,,,,,4420.00,5770.00,7010.00,9120.00,9770.00,13397.00,12911.00,18890.00,22806.00,,,,,,
企业存款:山东:莱芜市,百万人民币,8590.333333,18362391,4285.136054,0.293697696,-1.526085347,0.498832337,3460,15329,7590,9,,,,,,,,,,,,,,,,,,,,,,,,3460.00,4040.00,5190.00,5940.00,7590.00,10896.00,12514.00,15329.00,12354.00,,,,,,
企业存款:山东:临沂市,百万人民币,17845.7,83554930.51,9140.838611,1.411830691,1.119981899,0.51221519,8950,36529.3,13720,9,,,,,,,,,,,,,,,,,,,,,,,,8950.00,11230.00,12980.00,13000.00,13720.00,16477.00,18477.00,29248.00,36529.30,,,,,,
企业存款:山东:德州市,百万人民币,20069.45455,300035356.3,17321.52869,1.600107415,1.430246033,0.863079196,6300,57694,11308,11,,,,,,,,,,,,,,,,,,,,,,,,6300.00,8800.00,9300.00,9780.00,10720.00,11308.00,12855.00,20669.00,24866.00,,48472.00,57694.00,,,
企业存款:山东:聊城市,百万人民币,10701.11111,34738554.86,5893.942217,1.37251052,0.318967958,0.550778527,5890,21356,8090,9,,,,,,,,,,,,,,,,,,,,,,,,5890.00,6840.00,7060.00,6720.00,8090.00,9493.00,10729.00,20132.00,21356.00,,,,,,
企业存款:山东:滨州市,百万人民币,12461.77778,66497547.19,8154.602823,1.293795379,0.443891527,0.654369141,4450,27934,9050,9,,,,,,,,,,,,,,,,,,,,,,,,4450.00,6600.00,7810.00,7730.00,9050.00,12383.00,11984.00,24215.00,27934.00,,,,,,
企业存款:山东:菏泽市,百万人民币,7796.333333,12032339.25,3468.766243,1.039821614,-0.145890802,0.444922773,3800,13611,6350,9,,,,,,,,,,,,,,,,,,,,,,,,3800.00,5210.00,5990.00,6130.00,6350.00,7101.00,8663.00,13611.00,13312.00,,,,,,
企业存款:河南:郑州市,百万人民币,245446.8392,48561972210,220367.8112,1.507840411,1.178412032,0.897822974,73690,715850.8219,151912.43,11,,,,,,,,,,,,,,,,,,,,,,,,73690.00,87350.00,89760.00,95710.00,122390.00,151912.43,177406.00,269482.00,310578.00,,605785.98,715850.82,,,
企业存款:河南:开封市,百万人民币,10446.21754,103708916.2,10183.75747,1.840507543,2.143710497,0.974875109,4220,33382.8614,5520.57,11,,,,,,,,,,,,,,,,,,,,,,,,4220.00,4380.00,4940.00,4440.00,5330.00,5520.57,5720.00,9030.00,10345.00,,27599.96,33382.86,,,
企业存款:河南:洛阳市,百万人民币,59088.4054,3364615364,58005.30462,1.326215485,0.118418003,0.981669826,15490,176040,30568.73,12,,,,,,,,,,,,,,,,,,,,,,,,15490.00,17900.00,19380.00,21080.00,24670.00,29699.46,31438.00,40461.00,51810.00,,129803.55,151288.85,176040.00,,
企业存款:河南:平顶山市,百万人民币,19042.78711,288180568.6,16975.88197,1.736555253,1.896991834,0.891459946,4890,56390.8873,13690,11,,,,,,,,,,,,,,,,,,,,,,,,4890.00,6350.00,8500.00,10600.00,13690.00,12515.57,15722.00,15681.00,17013.00,,48118.20,56390.89,,,
企业存款:河南:安阳市,百万人民币,17457.65373,201628556.6,14199.59706,1.599364854,1.286449923,0.813373737,6890,46764.11612,11238.47,11,,,,,,,,,,,,,,,,,,,,,,,,6890.00,7760.00,7910.00,8320.00,9780.00,11238.47,13144.00,17398.00,19770.00,,43059.60,46764.12,,,
企业存款:河南:鹤壁市,百万人民币,6369.225607,34820736.72,5900.909821,1.182889975,-0.278403556,0.9264721,1610,17498,3468.705,12,,,,,,,,,,,,,,,,,,,,,,,,1610.00,1950.00,1850.00,2000.00,3040.00,3181.41,3756.00,5822.00,5837.00,,13993.60,15892.70,17498.00,,
企业存款:河南:新乡市,百万人民币,19412.56514,292804938.8,17111.54402,1.745587,1.793218265,0.881467436,7210,56976.98153,11278.39,11,,,,,,,,,,,,,,,,,,,,,,,,7210.00,8490.00,9900.00,10240.00,10620.00,11278.39,11750.00,16274.00,22153.00,,48645.85,56976.98,,,
企业存款:河南:焦作市,百万人民币,13277.78148,128978800.1,11356.88338,1.788051861,1.847113331,0.855329891,4500,37586.70322,8610,11,,,,,,,,,,,,,,,,,,,,,,,,4500.00,6000.00,6610.00,7680.00,8610.00,8600.10,9434.00,11516.00,11541.00,,33977.79,37586.70,,,
企业存款:河南:濮阳市,百万人民币,8747.310309,50674719.4,7118.617801,1.769062813,1.925931764,0.813806479,3560,24458.80531,6040.79,11,,,,,,,,,,,,,,,,,,,,,,,,3560.00,3910.00,4460.00,4700.00,4920.00,6040.79,7144.00,8257.00,7809.31,,20960.51,24458.81,,,
企业存款:河南:许昌市,百万人民币,14168.22535,267992486.6,16370.47607,1.830723558,2.13603523,1.15543589,3170,51054.41915,7403.67,11,,,,,,,,,,,,,,,,,,,,,,,,3170.00,3850.00,4870.00,4810.00,6120.00,7403.67,7868.00,10511.00,14564.00,,41629.39,51054.42,,,
企业存款:河南:漯河市,百万人民币,7849.242488,42351263.65,6507.784849,1.525713795,1.007729032,0.829097185,2700,20497.22744,4738.97,11,,,,,,,,,,,,,,,,,,,,,,,,2700.00,3650.00,3640.00,3480.00,4220.00,4738.97,5607.00,8098.00,9541.00,,20169.47,20497.23,,,
企业存款:河南:三门峡市,百万人民币,11350.76437,130660345,11430.67562,1.721504333,1.695292152,1.007040165,2880,35999.60073,6619.09,11,,,,,,,,,,,,,,,,,,,,,,,,2880.00,3470.00,4220.00,5160.00,6230.00,6619.09,7202.00,8965.00,12695.00,,31417.72,35999.60,,,
企业存款:河南:南阳市,百万人民币,28834.02762,962012709.9,31016.32973,1.362479807,0.052316839,1.075684956,7630,89221,11692,12,,,,,,,,,,,,,,,,,,,,,,,,7630.00,8830.00,9010.00,10590.00,11550.00,11470.93,11834.00,15828.00,21255.00,,67590.99,81198.41,89221.00,,
企业存款:河南:商丘市,百万人民币,10850.19107,163617301,12791.29786,1.919165442,2.335479915,1.178900701,3290,39781.30849,5711.93,11,,,,,,,,,,,,,,,,,,,,,,,,3290.00,3580.00,3840.00,4080.00,4590.00,5711.93,6158.00,6731.00,8716.00,,32873.86,39781.31,,,
企业存款:河南:信阳市,百万人民币,14732.32027,222956483.8,14931.72742,1.815257486,2.016889519,1.013535353,4770,47819.75172,8514.5,11,,,,,,,,,,,,,,,,,,,,,,,,4990.00,4770.00,6460.00,6410.00,6900.00,8514.50,9136.00,12447.00,14070.00,,40538.27,47819.75,,,
企业存款:河南:周口市,百万人民币,9191.357662,89433674.6,9456.937908,1.885563341,2.186141265,1.028894561,3660,30259.57115,5534.73,11,,,,,,,,,,,,,,,,,,,,,,,,3810.00,3720.00,3860.00,3660.00,4220.00,5534.73,5753.00,7205.00,7304.00,,25778.63,30259.57,,,
企业存款:河南:驻马店市,百万人民币,15765.74468,330478593.3,18179.0702,1.412523346,0.339726324,1.153073995,3080,53028,6779.06,12,,,,,,,,,,,,,,,,,,,,,,,,3080.00,3760.00,3930.00,4260.00,5570.00,6735.12,6823.00,9582.00,10049.00,,36686.55,45685.27,53028.00,,
企业存款:湖北:武汉市,百万人民币,238315.7778,14595455454,120811.6528,0.981755461,-0.266414755,0.506939381,115510,459536,190170,9,,,,,,,,,,,,,,,,,,,,,,,,115510.00,135940.00,153770.00,164900.00,190170.00,237569.00,292806.00,394641.00,459536.00,,,,,,
企业存款:湖北:黄石市,百万人民币,11146.22222,39452851.44,6281.150487,0.617405868,-1.090382483,0.563522812,4250,21640,9090,9,,,,,,,,,,,,,,,,,,,,,,,,4250.00,5140.00,6110.00,7480.00,9090.00,12230.00,15662.00,18714.00,21640.00,,,,,,
企业存款:湖北:十堰市,百万人民币,12221.88889,13375700.36,3657.28046,1.228654419,2.064034697,0.299240199,8000,20106,11450,9,,,,,,,,,,,,,,,,,,,,,,,,8000.00,8480.00,10460.00,11220.00,11450.00,11937.00,13611.00,14733.00,20106.00,,,,,,
企业存款:湖北:宜昌市,百万人民币,26609.11111,173613765.1,13176.25763,1.049548384,-0.085662075,0.495178421,13700,51262,20440,9,,,,,,,,,,,,,,,,,,,,,,,,13700.00,16790.00,17630.00,16980.00,20440.00,28256.00,30922.00,43502.00,51262.00,,,,,,
企业存款:湖北:襄阳市,百万人民币,14733.88889,27341463.61,5228.906541,1.212138222,0.43436417,0.354889777,9210,24751,13270,9,,,,,,,,,,,,,,,,,,,,,,,,9210.00,11230.00,11060.00,11890.00,13270.00,13898.00,15444.00,21852.00,24751.00,,,,,,
企业存款:湖北:鄂州市,百万人民币,3142.444444,1875548.528,1369.506673,1.725186398,2.827700004,0.435809351,2088,6239,2550,9,,,,,,,,,,,,,,,,,,,,,,,,2220.00,2970.00,2280.00,2190.00,2550.00,2088.00,3451.00,4294.00,6239.00,,,,,,
企业存款:湖北:荆门市,百万人民币,5788.777778,6103826.944,2470.592428,0.993757108,-0.127233553,0.426789993,3170,10430,4770,9,,,,,,,,,,,,,,,,,,,,,,,,3170.00,3880.00,4310.00,4030.00,4770.00,5653.00,7122.00,8734.00,10430.00,,,,,,
企业存款:湖北:孝感市,百万人民币,13964.72727,233188969.2,15270.52616,1.771184567,1.737063272,1.093506938,3780,46157,7452,11,,,,,,,,,,,,,,,,,,,,,,,,3780.00,4190.00,4940.00,5050.00,6150.00,7452.00,9000.00,11080.00,13586.00,,,42227.00,46157.00,,
企业存款:湖北:荆州市,百万人民币,19607.16667,352183440.2,18766.5511,1.302601138,0.065172108,0.957127127,5820,56456,10798,12,,,,,,,,,,,,,,,,,,,,,,,,5820.00,6200.00,6690.00,6210.00,7630.00,9548.00,12048.00,14640.00,17537.00,,41293.00,51214.00,56456.00,,
企业存款:湖北:黄冈市,百万人民币,6844.222222,16929995.19,4114.607538,1.135815906,0.518611518,0.601179711,2940,15047,5330,9,,,,,,,,,,,,,,,,,,,,,,,,2940.00,3220.00,3670.00,4750.00,5330.00,6651.00,8744.00,11246.00,15047.00,,,,,,
企业存款:湖北:咸宁市,百万人民币,4178.333333,4370869.5,2090.662455,0.947164924,-0.317043498,0.500357987,2060,8048,3280,9,,,,,,,,,,,,,,,,,,,,,,,,2060.00,2510.00,2850.00,2580.00,3280.00,4268.00,5327.00,6682.00,8048.00,,,,,,
企业存款:湖北:随州市,百万人民币,3218.333333,2915348.5,1707.439164,0.936584128,-0.068155452,0.530535214,1410,6427,2790,9,,,,,,,,,,,,,,,,,,,,,,,,1410.00,1730.00,2010.00,2050.00,2790.00,3542.00,3752.00,5254.00,6427.00,,,,,,
企业存款:湖南:长沙市,百万人民币,230043.1989,34892512603,186795.3763,0.980316559,-0.433854511,0.812001299,51110,589158.4345,147874.145,12,,,,,,,,,,,,,,,,,,,,,,,,51110.00,66360.00,78600.00,89280.00,110820.00,138688.29,157060.00,245327.00,286763.29,433398.48,513952.89,589158.43,,,
企业存款:湖南:株洲市,百万人民币,26203.37777,487839455.2,22087.08797,1.137281741,-0.120900735,0.842909955,5620,70081.0486,17075.945,12,,,,,,,,,,,,,,,,,,,,,,,,5620.00,7910.00,9610.00,10520.00,12490.00,16501.89,17650.00,23952.00,28282.00,51946.53,59877.07,70081.05,,,
企业存款:湖南:湘潭市,百万人民币,20517.25839,367411907.1,19167.99173,1.144791692,-0.079646511,0.934237478,3760,58660,12555,13,,,,,,,,,,,,,,,,,,,,,,,,3760.00,4480.00,5060.00,6200.00,8470.00,10429.26,12555.00,16215.00,15021.00,32391.36,39786.45,53696.29,58660.00,,
企业存款:湖南:衡阳市,百万人民币,23207.37093,422597565.1,20557.17795,1.066167399,-0.274006686,0.885803825,5090,65302,13381,13,,,,,,,,,,,,,,,,,,,,,,,,5090.00,5920.00,6930.00,7360.00,9520.00,11871.93,13381.00,16817.58,20810.70,39318.22,45495.56,53878.83,65302.00,,
企业存款:湖南:邵阳市,百万人民币,14302.85301,181804799.9,13483.50103,1.062715004,-0.509923584,0.942714088,2520,40933,7179,13,,,,,,,,,,,,,,,,,,,,,,,,2520.00,3260.00,5440.00,4340.00,5440.00,6169.53,7179.00,9529.37,10458.00,25382.33,30997.77,34288.09,40933.00,,
企业存款:湖南:岳阳市,百万人民币,16629.29524,214886688.3,14659.01389,0.982858419,-0.725681667,0.881517448,2850,43978,9337,13,,,,,,,,,,,,,,,,,,,,,,,,5330.00,5060.00,2850.00,5810.00,6300.00,8613.69,9337.00,12647.00,12948.00,28874.32,34859.75,39573.08,43978.00,,
企业存款:湖南:常德市,百万人民币,19312.09496,387256531.2,19678.8346,1.177795584,-0.005396157,1.018990153,3950,60830,7714,13,,,,,,,,,,,,,,,,,,,,,,,,3950.00,4250.00,5470.00,6030.00,4250.00,7132.05,7714.00,13031.00,15687.00,32730.81,41038.93,48943.44,60830.00,,
企业存款:湖南:张家界市,百万人民币,5642.394356,19376833.46,4401.912478,0.751686212,-0.997891146,0.780149738,1160,13700,3885.7,13,,,,,,,,,,,,,,,,,,,,,,,,1160.00,1340.00,3100.00,1690.00,6900.00,2345.76,2660.79,3885.70,4359.74,9706.04,10414.77,12088.33,13700.00,,
企业存款:湖南:益阳市,百万人民币,9835.768407,63044633.3,7940.065069,1.096254979,-0.232458413,0.807264338,2190,25009.74245,7164,12,,,,,,,,,,,,,,,,,,,,,,,,2190.00,2380.00,5530.00,3300.00,7590.00,5367.16,6738.00,8576.00,9428.00,19532.96,22387.35,25009.74,,,
企业存款:湖南:郴州市,百万人民币,18907.9675,319275100.1,17868.27076,0.949602523,-0.744199729,0.945012771,3140,51870,11123,13,,,,,,,,,,,,,,,,,,,,,,,,3140.00,4210.00,3310.00,6430.00,4530.00,9585.72,11123.00,14269.00,15739.52,34018.85,39986.75,47590.74,51870.00,,
企业存款:湖南:永州市,百万人民币,9881.455334,76311135.94,8735.62453,1.250051653,0.235972364,0.884042303,2130,28087.79459,5964.355,12,,,,,,,,,,,,,,,,,,,,,,,,2130.00,2960.00,3960.00,3400.00,4790.00,5543.71,6385.00,8872.00,9899.00,19650.33,22899.63,28087.79,,,
企业存款:湖南:怀化市,百万人民币,12283.98331,112587713.7,10610.73578,0.902132968,-1.06912726,0.863786242,2560,30150,6863,13,,,,,,,,,,,,,,,,,,,,,,,,2560.00,3420.00,4080.00,4060.00,5180.00,6447.80,6863.00,9300.00,9360.00,22667.06,26577.10,29026.83,30150.00,,
企业存款:湖南:娄底市,百万人民币,13627.64351,171144794.3,13082.23201,0.859705002,-1.182518436,0.959977563,2000,35171.31772,8652,13,,,,,,,,,,,,,,,,,,,,,,,,2820.00,3300.00,2190.00,4490.00,2000.00,6851.43,8652.00,10330.00,8731.16,27357.33,32330.13,35171.32,32936.00,,
企业存款:广东:广州市,百万人民币,525682.3333,47260756674,217395.3925,0.674785859,-0.894976479,0.413548979,290490,890874,472850,9,,,,,,,,,,,,,,,,,,,,,,,,290490.00,317400.00,347120.00,398390.00,472850.00,563787.00,641013.00,809217.00,890874.00,,,,,,
企业存款:广东:韶关市,百万人民币,9876.5,7518402,2741.970459,0.754804807,-0.827595839,0.277625724,6940,14536,8850,8,,,,,,,,,,,,,,,,,,,,,,,,6940.00,8000.00,7820.00,7920.00,9700.00,11256.00,12840.00,14536.00,,,,,,,
企业存款:广东:深圳市,百万人民币,175190.1884,63273364862,251541.9744,1.847516325,3.049886734,1.435822272,27.56,965890,59807.19,32,27.56,70.33,200.40,314.03,642.83,2438.53,1838.33,3498.95,4927.04,7706.17,6859.86,9514.90,16336.36,29578.16,36643.20,55823.00,63791.38,84169.00,100116.00,120609.00,135383.00,170980.00,208240.00,234192.00,285930.00,328500.00,376830.00,397950.00,519679.00,595917.00,841490.00,965890.00,,,,,,
企业存款:广东:珠海市,百万人民币,49931,907790204.8,30129.557,1.287097906,0.605828959,0.603423865,22240,109089,38140,9,,,,,,,,,,,,,,,,,,,,,,,,22240.00,25530.00,28890.00,34650.00,38140.00,48069.00,53204.00,89567.00,109089.00,,,,,,
企业存款:广东:汕头市,百万人民币,17536.77778,41671018.94,6455.309361,1.654321124,2.415793734,0.368101224,12390,31854,14750,9,,,,,,,,,,,,,,,,,,,,,,,,12390.00,12590.00,13850.00,13400.00,14750.00,16950.00,18350.00,23697.00,31854.00,,,,,,
企业存款:广东:佛山市,百万人民币,112800.3344,2296123484,47917.88271,1.061930109,-0.09977708,0.424802665,59710,196264,97170,9,,,,,,,,,,,,,,,,,,,,,,,,59710.00,78730.00,80720.00,85880.00,97170.00,109554.01,121280.00,185895.00,196264.00,,,,,,
企业存款:广东:江门市,百万人民币,24262.66667,68230315.75,8260.16439,1.092546402,0.274219245,0.340447507,15290,40036,20960,9,,,,,,,,,,,,,,,,,,,,,,,,15290.00,17460.00,18810.00,20610.00,20960.00,23995.00,26368.00,34835.00,40036.00,,,,,,
企业存款:广东:湛江市,百万人民币,14926.74889,50081883.05,7076.855449,0.949605659,-0.186630135,0.474105614,7940,28074.71,13190,9,,,,,,,,,,,,,,,,,,,,,,,,7940.00,9090.00,9240.00,9810.00,13190.00,16021.00,17299.59,23675.44,28074.71,,,,,,
企业存款:广东:茂名市,百万人民币,8178.666667,5792584.25,2406.778812,1.290177233,0.5050154,0.294275205,6280,12921,7070,9,,,,,,,,,,,,,,,,,,,,,,,,6280.00,6380.00,6520.00,6440.00,7070.00,7858.00,8896.00,11243.00,12921.00,,,,,,
企业存款:广东:肇庆市,百万人民币,11476.33333,25290629.25,5028.978947,0.829291801,-0.699865973,0.438204329,5980,19541,9990,9,,,,,,,,,,,,,,,,,,,,,,,,5980.00,7200.00,7550.00,8730.00,9990.00,11461.00,13698.00,19137.00,19541.00,,,,,,
企业存款:广东:惠州市,百万人民币,27438.82222,243980302.2,15619.86883,1.009013385,-0.291767645,0.569261636,11900,55377.64,21510,9,,,,,,,,,,,,,,,,,,,,,,,,11900.00,14440.00,16160.00,17840.00,21510.00,27640.00,32786.55,49295.21,55377.64,,,,,,
企业存款:广东:梅州市,百万人民币,7775.777778,3966418.694,1991.586979,1.336083628,1.736326722,0.256127044,5710,11999,7120,9,,,,,,,,,,,,,,,,,,,,,,,,5710.00,7050.00,5760.00,7080.00,7760.00,7120.00,7698.00,9805.00,11999.00,,,,,,
企业存款:广东:汕尾市,百万人民币,2160.777778,489536.6944,699.6689892,0.995912748,0.878909789,0.323804232,1300,3581,1850,9,,,,,,,,,,,,,,,,,,,,,,,,1300.00,1850.00,1620.00,1700.00,1840.00,2343.00,2498.00,3581.00,2715.00,,,,,,
企业存款:广东:河源市,百万人民币,4368.068889,2849629.708,1688.084627,0.855285942,0.641065268,0.386460166,2070,7661.62,3720,9,,,,,,,,,,,,,,,,,,,,,,,,2070.00,3100.00,3520.00,3630.00,3720.00,4526.00,4998.00,6087.00,7661.62,,,,,,
企业存款:广东:阳江市,百万人民币,4693.284444,4145904.568,2036.149446,0.616031317,-1.102966273,0.43384318,2470,8037,4140,9,,,,,,,,,,,,,,,,,,,,,,,,2470.00,2810.00,3050.00,3310.00,4140.00,5226.56,5878.00,7318.00,8037.00,,,,,,
企业存款:广东:清远市,百万人民币,9591.705556,15715333.03,3964.256933,0.931398143,-0.308036594,0.413300524,5700,16817,8570,9,,,,,,,,,,,,,,,,,,,,,,,,5700.00,6470.00,6230.00,6730.00,8570.00,10789.35,10315.00,14704.00,16817.00,,,,,,
企业存款:广东:东莞市,百万人民币,101389.4444,1121805537,33493.36556,0.207083745,-1.244966901,0.330343713,57760,152156,101110,9,,,,,,,,,,,,,,,,,,,,,,,,57760.00,63790.00,75470.00,85590.00,101110.00,116245.00,118390.00,141994.00,152156.00,,,,,,
企业存款:广东:中山市,百万人民币,36666.85333,387292875.9,19679.75802,1.004235796,0.33866572,0.536717941,14590,74842,31260,9,,,,,,,,,,,,,,,,,,,,,,,,14590.00,19700.00,22800.00,26440.00,31260.00,39419.68,41794.00,59156.00,74842.00,,,,,,
企业存款:广东:潮州市,百万人民币,5234.777778,3067287.944,1751.36745,0.844097584,0.525475746,0.334563858,3200,8664,5080,9,,,,,,,,,,,,,,,,,,,,,,,,3200.00,3330.00,4020.00,4810.00,5080.00,5152.00,5942.00,6915.00,8664.00,,,,,,
企业存款:广东:揭阳市,百万人民币,5859.333333,5234448.25,2287.89166,0.831213919,0.053758205,0.39046962,3250,10213,5640,9,,,,,,,,,,,,,,,,,,,,,,,,3250.00,3550.00,4310.00,4740.00,5640.00,5699.00,7154.00,8178.00,10213.00,,,,,,
企业存款:广东:云浮市,百万人民币,4001.861111,2393035.549,1546.943938,0.706268762,-0.774480275,0.386556129,2200,6699,3650,9,,,,,,,,,,,,,,,,,,,,,,,,2200.00,2770.00,2850.00,2910.00,3650.00,4038.75,5082.00,6699.00,5817.00,,,,,,
企业存款:广西:南宁市,百万人民币,150732.0833,21624779922,147053.6634,1.128281404,-0.40798522,0.975596304,28350,422535,81154,12,,,,,,,,,,,,,,,,,,,,,,,,28350.00,33470.00,41910.00,45230.00,57270.00,68556.00,93752.00,124046.00,164203.00,,341546.00,387917.00,422535.00,,
企业存款:广西:柳州市,百万人民币,49408.735,2014624966,44884.57381,1.147330004,-0.205935507,0.908433981,12280,136288,25247.41,12,,,,,,,,,,,,,,,,,,,,,,,,12280.00,14660.00,17320.00,17610.00,18370.00,23040.82,27454.00,48548.00,55765.00,,99161.00,122408.00,136288.00,,
企业存款:广西:桂林市,百万人民币,31982.11846,749465821.3,27376.37341,0.846832952,-1.20758518,0.855989995,8350,78278,14908,13,,,,,,,,,,,,,,,,,,,,,,,,8350.00,9370.00,10430.00,10830.00,12410.00,14217.00,14908.00,25758.00,28884.00,61545.00,68783.54,72004.00,78278.00,,
企业存款:广西:梧州市,百万人民币,10570.20581,107664679.6,10376.15919,0.899492763,-1.104442251,0.981642116,2000,28842.52549,4192,13,,,,,,,,,,,,,,,,,,,,,,,,2000.00,2350.00,2830.00,2660.00,3220.00,3421.00,4192.00,7160.00,9256.00,21621.00,24263.15,25597.00,28842.53,,
企业存款:广西:北海市,百万人民币,9523.610857,71736485.21,8469.739383,0.864177446,-0.938303917,0.889341187,2380,24749.83632,4634,13,,,,,,,,,,,,,,,,,,,,,,,,2440.00,2970.00,2550.00,2380.00,2750.00,3739.89,4634.00,8383.00,9933.00,17316.00,18949.21,23012.00,24749.84,,
企业存款:广西:防城港市,百万人民币,6627.795946,50396760.4,7099.067573,0.956099597,-0.881068982,1.071105331,810,18129.38,2787.99,12,,,,,,,,,,,,,,,,,,,,,,,,810.00,910.00,1080.00,1220.00,1540.00,2277.98,3298.00,6702.00,8643.00,,16824.18,18129.38,18099.01,,
企业存款:广西:钦州市,百万人民币,10244.22385,105104143.4,10252.03119,0.708878022,-1.406572642,1.000762121,1070,26628,3991,13,,,,,,,,,,,,,,,,,,,,,,,,1070.00,1320.00,1800.00,1790.00,2240.00,3089.29,3991.00,9525.00,11341.00,21736.00,23399.00,25245.62,26628.00,,
企业存款:广西:贵港市,百万人民币,8165.094615,62328987.97,7894.870992,1.171983844,-0.250747401,0.966905022,1820,22852,4015,13,,,,,,,,,,,,,,,,,,,,,,,,1820.00,1850.00,2320.00,2570.00,2630.00,3284.23,4015.00,6690.00,7731.00,9180.00,19553.00,21651.00,22852.00,,
企业存款:广西:玉林市,百万人民币,10658.06333,106459798.5,10317.93577,1.165766021,-0.54280511,0.968087301,2880,27790.76,4882.5,12,,,,,,,,,,,,,,,,,,,,,,,,2880.00,3260.00,3560.00,3470.00,4070.00,4370.00,5395.00,8562.00,10215.00,,26804.00,27520.00,27790.76,,
企业存款:广西:百色市,百万人民币,12205.46154,142480291.3,11936.51085,0.88410456,-1.120680267,0.977964726,1900,32846,5504,13,,,,,,,,,,,,,,,,,,,,,,,,1900.00,2270.00,2730.00,3490.00,3630.00,4504.00,5504.00,9367.00,9744.00,24755.00,27989.00,29942.00,32846.00,,
企业存款:广西:贺州市,百万人民币,4923.36,31232926.88,5588.642669,1.351120517,0.103588552,1.135127772,750,16189,2267,12,,,,,,,,,,,,,,,,,,,,,,,,750.00,990.00,1370.00,1560.00,2890.00,1706.32,1799.00,2735.00,3290.00,,12249.00,13552.00,16189.00,,
企业存款:广西:河池市,百万人民币,11165.03418,91714231.19,9576.754732,0.9320012,-0.914878065,0.857745223,2830,28317.78436,6423,13,,,,,,,,,,,,,,,,,,,,,,,,2830.00,3160.00,3780.00,3750.00,4460.00,4996.00,6423.00,9035.00,9014.00,20023.00,23108.00,26248.66,28317.78,,
企业存款:广西:来宾市,百万人民币,6503.615385,49887968.26,7063.141529,1.279075818,-0.1439757,1.086033093,870,19199,2681,13,,,,,,,,,,,,,,,,,,,,,,,,870.00,1230.00,1690.00,1970.00,2130.00,2449.00,2681.00,4278.00,5769.00,5705.00,18010.00,18566.00,19199.00,,
企业存款:广西:崇左市,百万人民币,6912.523043,48482090.31,6962.908179,0.823678606,-1.427548818,1.007288965,1090,18124.27652,2812.5,12,,,,,,,,,,,,,,,,,,,,,,,,,1090.00,1460.00,1630.00,1900.00,2247.00,2283.00,3342.00,4239.00,13886.00,16097.00,16652.00,18124.28,,
企业存款:海南:海口市,百万人民币,67611.82727,2834222222,53237.41374,1.044493683,-0.204727165,0.787397943,16520,167705,46410.1,11,,,,,,,,,,,,,,,,,,,,,,,,16520.00,23320.00,25310.00,28680.00,35880.00,46410.10,59980.00,81686.00,104962.00,,153277.00,167705.00,,,
企业存款:海南:三亚市,百万人民币,10121.22222,88562219.44,9410.750206,1.214070107,0.144540316,0.929803733,1950,27718,5790,9,,,,,,,,,,,,,,,,,,,,,,,,1950.00,3110.00,3520.00,3750.00,5790.00,10050.00,11767.00,23436.00,27718.00,,,,,,
企业存款:重庆,百万人民币,217015.3378,1.44304E+11,379873.0113,1.982870472,2.613663881,1.750443149,1132,1278824,45661.08,36,,1132.00,1186.00,1244.00,1529.00,2540.00,2287.00,2794.00,3184.00,3822.00,3927.00,4851.00,6376.00,8375.00,8957.00,14326.00,19338.00,26642.00,42942.00,48380.16,54400.00,64554.00,75081.00,90943.00,109815.00,123085.00,133705.00,155198.00,199771.00,237748.00,377043.00,479418.00,852282.00,1030685.00,1224708.00,1278824.00,,1121460.00
企业存款:四川:成都市,百万人民币,267005.7767,35129939877,187429.8265,1.214807016,0.136496671,0.701969182,98550,614659,194240,9,,,,,,,,,,,,,,,,,,,,,,,,98550.00,121240.00,138380.00,149370.00,194240.00,245191.99,304203.00,537218.00,614659.00,,,,,,
企业存款:四川:自贡市,百万人民币,9097.947385,31034256.73,5570.839859,1.251445177,0.795323839,0.61231832,2610,21377,7818,13,,,,,,,,,,,,,,,,,,,,,,,,2610.00,4880.00,5660.00,5370.00,4990.00,6506.01,7864.00,8463.00,7818.00,10581.31,13925.00,18229.00,21377.00,,
企业存款:四川:攀枝花市,百万人民币,8309.643333,14530493.01,3811.888379,0.571990641,-1.437988918,0.458730685,3920,14215,6870,9,,,,,,,,,,,,,,,,,,,,,,,,3920.00,4940.00,5600.00,5860.00,6870.00,8418.79,12987.00,11976.00,14215.00,,,,,,
企业存款:四川:泸州市,百万人民币,7933.305556,15324526.09,3914.655296,1.095503281,0.217250495,0.493445673,4500,15510,6850,9,,,,,,,,,,,,,,,,,,,,,,,,4500.00,4700.00,4860.00,4960.00,6850.00,8299.75,9096.00,12624.00,15510.00,,,,,,
企业存款:四川:德阳市,百万人民币,21179.05889,173249457.7,13162.42598,1.035166955,-0.219220303,0.621483044,7080,44691,15440,9,,,,,,,,,,,,,,,,,,,,,,,,7080.00,9880.00,15230.00,15440.00,14940.00,16714.53,26805.00,39831.00,44691.00,,,,,,
企业存款:四川:绵阳市,百万人民币,22845.64333,176836285.6,13297.98051,1.15841805,-0.242152866,0.582079494,11000,45270,16740,9,,,,,,,,,,,,,,,,,,,,,,,,11000.00,12060.00,14670.00,15110.00,16740.00,19177.79,27348.00,45270.00,44235.00,,,,,,
企业存款:四川:广元市,百万人民币,5040.988889,19335305.68,4397.192931,1.386490313,0.778166643,0.872287765,1810,13981,2560,9,,,,,,,,,,,,,,,,,,,,,,,,1810.00,2210.00,2200.00,2100.00,2560.00,3303.90,7013.00,10191.00,13981.00,,,,,,
企业存款:四川:遂宁市,百万人民币,3861.731111,3756886.236,1938.268876,1.254870735,0.534764538,0.501917099,2110,7714,2700,9,,,,,,,,,,,,,,,,,,,,,,,,2110.00,2700.00,2580.00,2500.00,2680.00,3732.58,4551.00,6188.00,7714.00,,,,,,
企业存款:四川:内江市,百万人民币,3340.568889,3396160.993,1842.8676,1.406011543,1.081113119,0.551662804,1750,7124,2500,9,,,,,,,,,,,,,,,,,,,,,,,,1750.00,1940.00,2040.00,2430.00,2500.00,3031.12,3692.00,5558.00,7124.00,,,,,,
企业存款:四川:乐山市,百万人民币,16986.78455,394321760.1,19857.53661,1.766629476,2.161054876,1.168999145,3030,62722,8082.63,11,,,,,,,,,,,,,,,,,,,,,,,,3030.00,3690.00,4870.00,5140.00,6700.00,8082.63,9232.00,14943.00,21009.00,,47436.00,,62722.00,,
企业存款:四川:南充市,百万人民币,8411.271111,32246456.78,5678.596374,1.113079985,0.052857309,0.675117506,3480,19358,5660,9,,,,,,,,,,,,,,,,,,,,,,,,3480.00,3750.00,4190.00,4850.00,5660.00,7805.44,11604.00,15004.00,19358.00,,,,,,
企业存款:四川:眉山市,百万人民币,3465.993333,4309399.075,2075.909217,0.973819902,-0.599913427,0.598936298,1460,6963,2560,9,,,,,,,,,,,,,,,,,,,,,,,,1460.00,1730.00,2120.00,2070.00,2560.00,3260.94,4469.00,6561.00,6963.00,,,,,,
企业存款:四川:宜宾市,百万人民币,14714.74778,69995681.18,8366.342162,1.2606192,0.808683154,0.568568506,7170,31667.86,11350,9,,,,,,,,,,,,,,,,,,,,,,,,7170.00,7930.00,8370.00,9910.00,11350.00,14949.98,16871.00,24213.89,31667.86,,,,,,
企业存款:四川:广安市,百万人民币,2497.026667,2364290.756,1537.625038,1.600153459,2.091347883,0.615782386,1180,5851,1890,9,,,,,,,,,,,,,,,,,,,,,,,,1180.00,1410.00,1490.00,1610.00,1890.00,2297.24,2663.00,4082.00,5851.00,,,,,,
企业存款:四川:达州市,百万人民币,5734.027778,10952081.63,3309.39294,0.79464822,-0.301090367,0.577149792,2030,11838,4960,9,,,,,,,,,,,,,,,,,,,,,,,,2030.00,2540.00,3350.00,3930.00,4960.00,5952.25,7632.00,9374.00,11838.00,,,,,,
企业存款:四川:雅安市,百万人民币,4507.095714,9117836.577,3019.575562,1.183941779,0.617046996,0.669960381,1650,10041,3050,7,,,,,,,,,,,,,,,,,,,,,,,,1650.00,,2470.00,2520.00,3050.00,4969.67,6849.00,,10041.00,,,,,,
企业存款:四川:巴中市,百万人民币,2019.26,2738075.998,1654.713268,1.473777362,1.520263345,0.819465184,630,5515,1480,9,,,,,,,,,,,,,,,,,,,,,,,,630.00,680.00,890.00,1080.00,1480.00,1805.34,2223.00,3870.00,5515.00,,,,,,
企业存款:四川:资阳市,百万人民币,3579.36,8044157.936,2836.222477,1.250137025,0.486301811,0.79238257,970,9153,2400,9,,,,,,,,,,,,,,,,,,,,,,,,970.00,1370.00,1840.00,1720.00,2400.00,3149.24,4460.00,7152.00,9153.00,,,,,,
企业存款:贵州:贵阳市,百万人民币,57974.01778,639357175,25285.51315,1.330595952,1.850109109,0.436152506,30380,112200,51320,9,,,,,,,,,,,,,,,,,,,,,,,,30380.00,35260.00,43710.00,47560.00,51320.00,56806.16,64171.00,80359.00,112200.00,,,,,,
企业存款:贵州:六盘水市,百万人民币,10161.66792,76746840.89,8760.527432,2.904772407,8.818063365,0.862115108,4360,34538,7476.8396,10,,,,,,,,,,,,,,,,,,,,,,,,4360.00,5570.00,7370.00,6730.00,6530.00,7583.68,8623.00,10177.00,10135.00,,34538.00,,,,
企业存款:贵州:遵义市,百万人民币,16073.03556,50568818.36,7111.175596,0.788647565,-0.629019283,0.44242891,7920,28305.97,14276.2,9,,,,,,,,,,,,,,,,,,,,,,,,7920.00,9240.00,11810.00,12940.00,14280.00,14276.20,20400.00,25485.15,28305.97,,,,,,
企业存款:贵州:安顺市,百万人民币,4398.748889,4622540.853,2150.009501,1.856657119,3.132935194,0.488777504,2620,9299,3650,9,,,,,,,,,,,,,,,,,,,,,,,,2620.00,2800.00,3650.00,3730.00,3620.00,3357.74,4015.00,6497.00,9299.00,,,,,,
企业存款:云南:昆明市,百万人民币,146280.3333,5961249976,77209.13143,0.795925635,-0.551821475,0.527816212,60250,279790,121990,9,,,,,,,,,,,,,,,,,,,,,,,,60250.00,71410.00,96010.00,104490.00,121990.00,153046.00,178937.00,250600.00,279790.00,,,,,,
企业存款:云南:曲靖市,百万人民币,31755.75,695411076.8,26370.64802,1.093369817,-0.517631459,0.8304212,8100,77130,21525.5,12,,,,,,,,,,,,,,,,,,,,,,,,8100.00,9790.00,12100.00,13010.00,14770.00,20400.00,22651.00,27971.00,30823.00,,68291.00,76033.00,77130.00,,
企业存款:云南:玉溪市,百万人民币,19553.5,36906472,6075.069712,0.776819324,-0.807671788,0.310689632,12450,29430,17110,8,,,,,,,,,,,,,,,,,,,,,,,,12450.00,15570.00,16490.00,15510.00,17730.00,,21979.00,27269.00,29430.00,,,,,,
企业存款:云南:保山市,百万人民币,3388.875,3615354.696,1901.408608,1.167172429,0.920362883,0.561073692,1480,7103,2820,8,,,,,,,,,,,,,,,,,,,,,,,,1480.00,1670.00,2320.00,2560.00,3080.00,,3840.00,5058.00,7103.00,,,,,,
企业存款:云南:昭通市,百万人民币,5592,9505052.286,3083.026482,0.965935309,-0.375136475,0.551328055,2620,11036,4405,8,,,,,,,,,,,,,,,,,,,,,,,,2870.00,2620.00,3630.00,4000.00,4810.00,,6631.00,9139.00,11036.00,,,,,,
企业存款:云南:丽江市,百万人民币,4001.555556,4244803.528,2060.292098,1.142392279,1.164228184,0.514872796,1510,8243,3020,9,,,,,,,,,,,,,,,,,,,,,,,,1510.00,2520.00,3000.00,2880.00,3020.00,4240.00,4626.00,5975.00,8243.00,,,,,,
企业存款:云南:普洱市,百万人民币,3566,2910375.143,1705.982164,1.205744049,0.733271936,0.478402177,1910,6862,2960,8,,,,,,,,,,,,,,,,,,,,,,,,1910.00,2110.00,2800.00,2590.00,3120.00,,3897.00,5239.00,6862.00,,,,,,
企业存款:云南:临沧市,百万人民币,2462.125,1849513.268,1359.968113,1.35278851,0.035651084,0.55235543,1480,4855,1795,8,,,,,,,,,,,,,,,,,,,,,,,,1590.00,1480.00,1640.00,1580.00,1950.00,,2212.00,4390.00,4855.00,,,,,,
企业存款:西藏:拉萨,百万人民币,19547.44444,37403619.03,6115.849821,0.987679647,0.197895788,0.312872091,13060,31259,18200,9,,,,,,,,,,,,,,,,,,,,,,,,13060.00,13710.00,15340.00,16280.00,18200.00,21390.00,26771.00,31259.00,19917.00,,,,,,
企业存款:陕西:西安市,百万人民币,180222.4356,8996929418,94852.14504,1.091670043,-0.105193548,0.526305977,88470,355678,137490,9,,,,,,,,,,,,,,,,,,,,,,,,88470.00,104140.00,116000.00,123720.00,137490.00,170211.92,218493.00,307799.00,355678.00,,,,,,
企业存款:陕西:铜川市,百万人民币,3130.111111,1950816.861,1396.716457,0.675162116,0.044236433,0.44621945,1210,5723,2810,9,,,,,,,,,,,,,,,,,,,,,,,,1210.00,2000.00,2810.00,2380.00,2380.00,3166.00,3953.00,4549.00,5723.00,,,,,,
企业存款:陕西:宝鸡市,百万人民币,13408.55556,46866523.78,6845.912925,0.675945652,-0.809351397,0.510563043,6060,25156,12230,9,,,,,,,,,,,,,,,,,,,,,,,,6060.00,6890.00,7690.00,9000.00,12230.00,15100.00,16518.00,22033.00,25156.00,,,,,,
企业存款:陕西:咸阳市,百万人民币,13230.44444,54384992.53,7374.618128,1.221982801,0.588843299,0.557397611,6500,27893,10780,9,,,,,,,,,,,,,,,,,,,,,,,,6500.00,7370.00,7740.00,8450.00,10780.00,13146.00,15146.00,22049.00,27893.00,,,,,,
企业存款:陕西:渭南市,百万人民币,11130.66667,44316896.75,6657.093716,0.834135933,-0.525957073,0.598085803,3990,22941,9050,9,,,,,,,,,,,,,,,,,,,,,,,,3990.00,5080.00,6190.00,7260.00,9050.00,11610.00,14386.00,19669.00,22941.00,,,,,,
企业存款:陕西:延安市,百万人民币,10250.55556,25180040.28,5017.971729,-0.050068461,-1.618201111,0.489531685,3500,17386,11090,9,,,,,,,,,,,,,,,,,,,,,,,,3500.00,4570.00,5750.00,7830.00,11090.00,12718.00,14497.00,14914.00,17386.00,,,,,,
企业存款:陕西:汉中市,百万人民币,8413.111111,15616124.86,3951.72429,1.069540812,0.218249085,0.469710222,4170,15925,7470,9,,,,,,,,,,,,,,,,,,,,,,,,4170.00,5030.00,5790.00,6300.00,7470.00,8073.00,9494.00,13466.00,15925.00,,,,,,
企业存款:陕西:榆林市,百万人民币,15896,220237031,14840.38514,1.118091376,0.113142428,0.933592422,2299,43771,12440,9,,,,,,,,,,,,,,,,,,,,,,,,3230.00,4700.00,6120.00,12440.00,16040.00,18581.00,2299.00,35883.00,43771.00,,,,,,
企业存款:陕西:安康市,百万人民币,3917.555556,3230843.028,1797.454597,1.315988646,0.948393178,0.458820448,2160,7583,3090,9,,,,,,,,,,,,,,,,,,,,,,,,2160.00,2500.00,2880.00,2990.00,3090.00,3608.00,4454.00,5993.00,7583.00,,,,,,
企业存款:陕西:商洛市,百万人民币,3455,3750024.25,1936.497934,0.805802193,-0.133506328,0.560491443,1430,7089,3170,9,,,,,,,,,,,,,,,,,,,,,,,,1430.00,1520.00,1810.00,2420.00,3170.00,3995.00,4118.00,5543.00,7089.00,,,,,,
企业存款:甘肃:兰州市,百万人民币,222326.6158,1.09157E+11,330388.9677,2.766626383,8.233777993,1.48605225,39390,1202023,76680.315,12,,,,,,,,,,,,,,,,,,,,,,,,39390.00,47430.00,55250.00,58660.00,63000.00,69649.86,83710.77,1202023.00,108618.78,218841.24,,321723.74,399622.00,,
企业存款:甘肃:嘉峪关市,百万人民币,6641.115833,40612673.7,6372.807364,1.297174853,0.459456244,0.959598887,1240,19887,4293.44,12,,,,,,,,,,,,,,,,,,,,,,,,1240.00,1710.00,1890.00,1990.00,2560.00,3209.88,5377.00,6816.00,5610.00,12199.40,,17204.11,19887.00,,
企业存款:甘肃:金昌市,百万人民币,4545.805455,6594234.016,2567.924067,0.914339668,-0.028303938,0.564899685,1390,9333.33,3860,11,,,,,,,,,,,,,,,,,,,,,,,,1390.00,1750.00,3420.00,3250.00,4150.00,6530.63,4164.00,3860.00,3539.00,8616.90,,9333.33,,,
企业存款:甘肃:白银市,百万人民币,8506.274545,40719275.16,6381.165658,0.878786885,-0.024281585,0.750171609,1790,21323.52,6884.28,11,,,,,,,,,,,,,,,,,,,,,,,,1790.00,2360.00,2740.00,3670.00,5080.00,6884.28,10899.00,11070.00,10790.00,16962.22,,21323.52,,,
企业存款:甘肃:天水市,百万人民币,7060.879091,49476622.09,7033.962048,1.836048275,2.757786155,0.996187862,2130,23959.52,4004.95,11,,,,,,,,,,,,,,,,,,,,,,,,2130.00,2230.00,2330.00,2740.00,3780.00,4004.95,4580.00,7114.00,8087.00,16714.20,,23959.52,,,
企业存款:甘肃:武威市,百万人民币,4723.205455,30299092.21,5504.461119,2.058755619,3.37914894,1.165407936,1430,18234.23,2133.48,11,,,,,,,,,,,,,,,,,,,,,,,,1430.00,1840.00,1830.00,1780.00,1900.00,2133.48,2696.00,3412.00,4023.00,12676.55,,18234.23,,,
企业存款:甘肃:张掖市,百万人民币,4389.31,21231838.08,4607.801871,1.970822957,3.235688697,1.049778182,1200,15683.69,2376.24,11,,,,,,,,,,,,,,,,,,,,,,,,1200.00,1550.00,1850.00,1680.00,2070.00,2376.24,2659.00,3988.00,4501.00,10724.48,,15683.69,,,
企业存款:甘肃:平凉市,百万人民币,7925.470769,63626994.66,7976.653099,0.979494629,-0.785070885,1.006457954,790,21339,4583,13,,,,,,,,,,,,,,,,,,,,,,,,790.00,1580.00,1840.00,1840.00,2100.00,2698.99,4583.00,5900.00,6500.00,13013.84,,21295.29,19551.00,21339.00,
企业存款:甘肃:酒泉市,百万人民币,9945.116364,92249127.62,9604.640942,1.883183501,2.900543811,0.965764561,1250,33026.33,5803.02,11,,,,,,,,,,,,,,,,,,,,,,,,1250.00,4290.00,5380.00,5470.00,5200.00,5803.02,6498.00,9113.00,9674.00,23691.93,,33026.33,,,
企业存款:甘肃:庆阳市,百万人民币,4919.763636,31547892.8,5616.75109,1.960215849,3.28179427,1.141670923,1310,18763.45,2342.02,11,,,,,,,,,,,,,,,,,,,,,,,,1310.00,1580.00,1540.00,1650.00,1780.00,2342.02,2679.00,4307.00,5845.00,12320.93,,18763.45,,,
企业存款:甘肃:定西市,百万人民币,4237.740909,30153096.53,5491.183527,2.154312741,4.366354975,1.295780852,900,18378.15,1552.42,11,,,,,,,,,,,,,,,,,,,,,,,,3950.00,900.00,1060.00,960.00,1020.00,1552.42,1414.00,2980.00,3676.00,10724.58,,18378.15,,,
企业存款:甘肃:陇南市,百万人民币,7678.925833,70807806.19,8414.73744,1.255398024,-0.142397315,1.095822205,1320,22940.24,3777.555,12,,,,,,,,,,,,,,,,,,,,,,,,1320.00,1410.00,1650.00,1840.00,2630.00,2938.11,4617.00,5386.00,6730.00,17939.76,,22940.24,22746.00,,
企业存款:青海:西宁市,百万人民币,52369.53167,2545124285,50449.22482,1.377950006,0.659806229,0.963331602,12360,161322.75,30438.4,12,,,,,,,,,,,,,,,,,,,,,,,,12360.00,14790.00,16200.00,16970.00,20550.00,27831.80,33045.00,45501.00,47913.00,101749.68,130201.15,161322.75,,,
企业存款:宁夏:银川市,百万人民币,29230.22222,130215317.4,11411.19264,1.020224703,0.155202413,0.390390212,17910,51110,26910,9,,,,,,,,,,,,,,,,,,,,,,,,19870.00,17910.00,19510.00,22000.00,26910.00,31160.00,31774.00,42828.00,51110.00,,,,,,
企业存款:宁夏:石嘴山市,百万人民币,4034.222222,2668022.694,1633.408306,1.122663025,0.111381063,0.404888034,2110,6783,3470,9,,,,,,,,,,,,,,,,,,,,,,,,2110.00,3450.00,3070.00,3480.00,3040.00,3470.00,4192.00,6713.00,6783.00,,,,,,
企业存款:宁夏:吴忠市,百万人民币,3396.444444,1883495.028,1372.404834,1.237824218,1.225294061,0.404071038,2110,6268,3000,9,,,,,,,,,,,,,,,,,,,,,,,,2610.00,3000.00,2110.00,2190.00,2320.00,3505.00,3970.00,4595.00,6268.00,,,,,,
企业存款:宁夏:固原市,百万人民币,1293.777778,1340921.694,1157.981733,2.187209731,4.873189698,0.895039127,570,4101,700,9,,,,,,,,,,,,,,,,,,,,,,,,700.00,690.00,570.00,620.00,630.00,951.00,1318.00,2064.00,4101.00,,,,,,
企业存款:宁夏:中卫市,百万人民币,2015,1324917.667,1151.050679,0.836621534,0.108285189,0.571241032,770,4016,1941,7,,,,,,,,,,,,,,,,,,,,,,,,,,770.00,930.00,1450.00,1941.00,2038.00,2960.00,4016.00,,,,,,
企业存款:新疆:乌鲁木齐市,百万人民币,138753.6923,14550352665,120624.8427,1.025100766,-0.538869597,0.869345101,34290,369589,78490,13,,,,,,,,,,,,,,,,,,,,,,,,34290.00,38490.00,42940.00,46150.00,53070.00,77853.00,78490.00,99329.00,120590.00,230878.00,278146.00,333983.00,369589.00,,
企业存款:新疆:克拉玛依市,百万人民币,32902.61538,1082263167,32897.76841,0.703169893,-1.372143357,0.999852687,4750,86080,9273,13,,,,,,,,,,,,,,,,,,,,,,,,4750.00,5500.00,5660.00,6790.00,7340.00,9273.00,9263.00,24123.00,51144.00,86080.00,70014.00,85577.00,62220.00,,
