指标名称（亿元）,频率,1993,1996,1997,1998,1999,2000,2001,2002,2003,2004,2005,2006,2007,2008,2009,2010,2011,2012,2013,2014,2015,2016,2017,2018
河北:唐山:消费品零售,年,,149.48,174.01,191.61,207.32,228.99,251.36,277.35,307.38,359.7,468.59,544.33,648.83,809.76,958.56,1134.54,1334.8,1535.02,1724.61,1957.11,2147.88,2371.11,2617.17,
河北:秦皇岛:消费品零售,年,,55.76,63.72,70.34,76.94,85.49,94.88,105.84,117.73,135.08,147.04,167.81,198.14,240.15,283.25,334.98,394.45,453.81,514.57,577.57,633.82,699.8,775.18,830.64
河北:邯郸:消费品零售,年,,107.09,125.66,139.69,154.68,171.5,189.47,210.69,234.56,272.78,310.86,358.5,421.89,513.86,606.05,717.17,845.2,973.68,1106.18,1242.37,1364.5,1508.88,1674.24,1686.8
河北:邢台:消费品零售,年,,72.36,85.75,95.16,104.6,115.23,126.97,140.44,156.26,180.44,201.35,231.66,272.9,330.35,389.63,460.73,542.05,624.05,708.46,796.18,875.32,969.89,1076.16,1148.11
河北:保定:消费品零售,年,,137.23,166.54,188.88,207.37,230.69,254.23,283.06,316.21,367.85,385.08,441.08,509.26,619.67,730.29,864.22,1018.48,1174.32,1220.49,1501.8,1652.69,1828.19,1849.13,1791.1
河北:张家口:消费品零售,年,,75.34,82.17,89.82,96.14,102.98,110.22,117.93,124.92,138.69,146.14,165.22,190.22,232.62,274.4,324.45,382.05,439.6,499.77,562.2,618.12,683.17,752.52,795.1
河北:承德:消费品零售,年,,51.98,59.22,65.66,70.16,76.33,81.33,86.52,91.72,102.96,117.9,132.88,152.77,184.97,218.2,258.05,303.88,349.72,392.57,441.89,490.79,543.31,603.36,640.7
河北:沧州:消费品零售,年,,76.96,90.86,103.3,111.08,124.56,136.18,150.61,165.37,192.15,250.1,288.35,338.99,415.94,490.69,580.71,683.83,787.97,886.25,1007.9,1109.13,1227.81,1355.17,1429.9
河北:廊坊:消费品零售,年,,52.72,61.82,69.31,76.24,85.38,95.78,107.96,120.6,138.26,178.2,205.96,244.05,300.2,354.55,419.13,493.12,568.08,644.18,723.7,796.38,881.91,980.35,1043.0
河北:衡水:消费品零售,年,,40.16,45.53,50.9,55.63,61.93,,76.31,86.52,101.86,141.5,162.82,188.04,227.71,268.69,317.91,374.66,432.03,491.24,552.99,609.03,675.43,751.48,790.6
山西:大同:消费品零售,年,,56.48,61.47,68.44,72.83,78.47,89.18,100.21,104.34,118.65,132.9,152.94,184.95,232.63,264.74,303.02,356.58,427.96,471.22,541.43,567.68,609.01,654.51,700.0
山西:阳泉:消费品零售,年,,25.69,27.92,29.94,31.95,33.18,34.6,37.02,40.2,48.33,70.32,81.15,98.06,123.11,149.45,160.47,188.35,225.58,246.7,276.3,288.3,306.27,324.98,346.72
山西:长治:消费品零售,年,,32.2,34.09,35.43,36.77,39.4,41.99,47.13,50.45,60.53,113.56,133.56,161.88,201.08,244.76,272.6,321.02,386.19,425.82,476.88,524.41,566.62,607.82,664.6
山西:晋城:消费品零售,年,,28.15,34.51,38.91,40.5,43.38,46.08,50.04,53.55,59.6,58.61,87.59,115.5,150.14,177.79,191.12,224.5,268.64,297.15,341.21,358.76,386.19,414.98,452.8
山西:朔州:消费品零售,年,,20.89,25.11,28.13,30.58,33.3,35.97,39.37,39.35,44.85,54.06,62.87,81.59,104.43,128.59,139.6,164.14,201.18,218.76,258.3,270.15,291.07,311.67,338.0
山西:晋中:消费品零售,年,,,,,,74.01,77.19,81.83,73.31,83.7,114.73,132.01,162.14,204.63,249.05,277.59,325.42,387.27,429.48,484.26,529.74,569.21,607.31,656.3
山西:运城:消费品零售,年,,,,,,55.5,60.84,70.04,80.62,99.46,158.2,180.12,214.19,268.99,328.16,354.65,417.61,493.85,552.12,626.24,660.99,704.72,752.81,792.3
山西:忻州:消费品零售,年,,,,,,37.19,40.07,44.07,49.37,57.05,64.39,73.82,89.1,112.93,133.73,169.82,185.52,232.88,246.04,295.4,311.18,338.02,361.55,390.2
山西:临汾:消费品零售,年,,,,,,58.46,63.61,71.24,74.07,90.33,132.04,154.02,185.64,224.06,272.55,306.49,360.69,431.7,475.5,545.01,571.98,609.44,617.54,687.1
山西:吕梁:消费品零售,年,,,,,,28.88,,,35.77,42.92,83.83,101.03,125.48,160.94,197.04,222.5,261.05,312.43,344.04,388.67,405.97,433.74,461.57,498.6
内蒙古:包头:消费品零售,年,,56.61,66.56,71.15,78.37,87.65,98.59,113.3,139.3,177.47,290.08,349.42,416.86,515.74,617.72,730.81,857.54,975.1,1077.36,1184.67,1276.57,1400.22,1486.41,1511.0
内蒙古:乌海:消费品零售,年,,7.84,9.18,10.32,11.19,12.45,14.01,15.9,18.21,22.7,28.97,33.78,40.54,50.78,60.92,71.69,86.12,100.9,113.73,127.02,139.06,151.93,161.84,155.03
内蒙古:赤峰:消费品零售,年,,50.5,58.03,62.85,68.16,73.08,79.31,88.91,98.0,118.09,137.24,160.3,192.2,239.87,287.0,336.72,399.91,469.2,526.56,587.39,637.08,700.25,758.67,810.8
内蒙古:通辽:消费品零售,年,,,,,39.99,45.02,50.02,56.21,66.5,77.91,91.14,110.96,133.15,166.2,204.38,242.65,290.03,330.5,372.35,435.44,469.32,515.34,551.09,
内蒙古:呼伦贝尔:消费品零售,年,,,,,,55.34,60.33,67.63,71.97,86.65,108.12,126.45,151.79,189.59,247.29,294.6,349.0,405.5,456.8,504.06,545.88,600.27,644.3,678.58
内蒙古:巴彦淖尔:消费品零售,年,,,,,,32.24,,,41.0,48.77,52.43,60.97,72.7,90.73,108.79,124.26,151.61,173.0,194.47,216.09,234.49,257.68,278.14,296.2
内蒙古:乌兰察布:消费品零售,年,,,,,,25.75,,,40.6,49.02,66.46,77.56,92.29,114.37,136.3,157.68,187.02,216.4,239.46,269.19,290.41,317.11,341.66,365.5
内蒙古:锡林郭勒:消费品零售,年,,,19.6,21.5,23.37,26.26,29.1,32.3,35.1,42.24,49.46,57.51,68.84,85.94,102.88,119.11,141.35,163.9,183.8,204.89,223.31,244.7,262.83,280.18
内蒙古:阿拉善:消费品零售,年,1.95,,,,,,4.9,5.42,9.1,10.8,14.66,17.95,21.42,26.17,30.86,36.9,44.36,51.14,56.19,62.35,68.06,74.44,79.44,
辽宁:鞍山:消费品零售,年,,85.28,96.11,105.99,113.51,125.51,139.19,156.04,171.15,194.78,221.46,254.04,298.81,368.29,435.95,514.2,605.2,703.68,800.08,897.34,968.72,992.1,938.11,960.5
辽宁:抚顺:消费品零售,年,,83.63,94.05,99.0,103.61,112.1,123.11,136.03,140.28,157.41,177.78,202.25,235.62,286.28,338.09,333.9,392.68,455.24,518.42,580.98,624.65,669.5,685.67,627.6
辽宁:本溪:消费品零售,年,,43.96,45.34,40.64,42.73,50.13,57.0,63.03,69.81,78.26,87.56,98.96,115.98,141.57,167.42,192.35,226.26,261.16,297.36,333.83,361.42,377.4,372.14,365.2
辽宁:丹东:消费品零售,年,,50.55,56.54,61.31,65.5,69.98,77.0,85.37,91.47,105.37,121.02,138.19,161.93,198.07,234.02,277.5,324.94,375.9,427.01,478.43,505.58,542.0,572.41,601.1
辽宁:锦州:消费品零售,年,,72.94,79.58,82.86,86.05,88.99,98.55,108.71,105.67,121.09,137.91,157.85,185.24,228.09,269.88,318.29,374.61,434.46,493.98,555.0,598.37,610.7,634.63,631.4
辽宁:营口:消费品零售,年,,44.1,46.19,48.9,51.96,57.03,63.21,71.04,81.53,93.38,107.01,122.64,144.1,178.4,211.44,249.75,294.21,341.41,389.21,436.51,471.51,502.7,530.54,580.7
辽宁:阜新:消费品零售,年,,35.79,38.03,37.71,38.37,40.08,43.67,47.57,49.91,57.3,65.59,75.1,87.59,107.07,126.57,149.03,175.2,202.64,230.6,258.85,274.32,282.1,289.48,
辽宁:辽阳:消费品零售,年,,39.18,29.84,44.54,47.9,51.51,56.45,62.68,69.32,79.43,90.47,103.6,121.72,149.65,177.11,208.61,245.1,283.82,322.43,361.64,388.76,320.02,288.12,299.2
辽宁:盘锦:消费品零售,年,,30.13,33.22,39.52,42.54,45.01,50.5,54.49,61.55,70.76,80.12,91.71,107.65,132.56,156.9,185.11,217.88,252.03,286.71,320.96,347.0,372.7,393.25,419.8
辽宁:铁岭:消费品零售,年,,46.9,49.96,52.65,53.95,57.43,63.07,67.95,73.74,85.39,96.9,111.48,131.66,163.12,193.22,227.26,267.03,307.94,350.15,391.42,407.92,428.8,438.02,
辽宁:朝阳:消费品零售,年,,34.17,36.34,36.08,36.66,37.32,40.74,44.39,47.81,56.14,64.08,74.1,87.59,108.48,182.71,216.56,254.66,294.4,335.03,376.06,427.94,448.7,454.59,478.8
辽宁:葫芦岛:消费品零售,年,,44.65,48.57,51.57,54.22,58.0,64.75,71.46,78.56,89.51,102.0,116.67,137.11,167.77,198.38,233.16,274.2,317.65,360.85,403.59,434.12,471.4,497.95,513.0
吉林:吉林市:消费品零售,年,,117.06,129.94,143.8,157.48,171.5,194.96,220.31,250.03,285.31,283.94,327.46,385.11,474.67,578.77,684.02,803.87,935.64,1066.68,1197.11,1313.23,1446.51,1534.77,
吉林:四平:消费品零售,年,,50.58,56.02,58.53,58.64,58.85,63.08,68.72,76.5,86.92,109.8,128.36,159.27,199.41,242.52,287.71,337.66,394.79,449.98,503.82,551.48,605.83,649.25,
吉林:辽源:消费品零售,年,,18.9,20.16,21.34,22.01,22.86,24.45,26.02,27.58,30.89,44.07,50.84,59.9,74.72,90.5,107.51,126.83,147.23,167.55,189.05,206.74,226.19,239.18,
吉林:通化:消费品零售,年,,41.63,44.43,46.68,49.5,54.94,61.16,67.26,74.06,81.57,91.08,110.85,139.76,185.83,207.81,247.08,290.73,339.37,388.92,439.74,483.28,532.37,560.14,
吉林:白山:消费品零售,年,,28.26,30.05,32.14,34.41,38.01,40.01,42.59,45.6,49.66,56.88,66.26,78.22,96.86,117.83,139.08,163.14,190.28,217.62,244.21,266.19,292.74,310.38,294.38
吉林:松原:消费品零售,年,,32.29,34.67,37.59,42.16,46.23,50.96,55.95,65.02,78.05,105.2,136.92,177.92,244.09,275.98,329.74,388.62,453.08,514.8,556.46,610.03,669.21,705.77,
吉林:白城:消费品零售,年,,34.97,36.95,37.78,38.74,40.44,45.11,49.75,56.59,65.66,67.28,77.95,94.52,112.65,136.74,162.24,190.18,221.45,251.46,283.88,310.49,340.24,356.5,
黑龙江:齐齐哈尔:消费品零售,年,,94.04,104.15,110.46,115.56,120.59,126.66,123.46,135.7,144.13,159.81,185.13,215.99,257.31,306.98,306.98,417.23,480.17,544.71,618.42,618.42,749.1,814.8,
黑龙江:鸡西:消费品零售,年,,36.08,40.57,40.31,45.56,43.75,47.35,46.72,54.09,51.98,56.71,63.05,83.05,86.15,116.78,118.84,140.0,162.27,209.97,204.3,289.81,242.9,263.9,
黑龙江:鹤岗:消费品零售,年,,21.53,23.98,25.98,27.17,21.6,31.21,31.01,23.54,35.9,33.08,50.49,59.48,50.96,60.61,71.43,83.95,97.12,106.85,108.47,116.18,125.5,136.2,
黑龙江:双鸭山:消费品零售,年,,22.61,25.17,28.49,28.4,22.68,28.44,29.98,31.15,35.45,30.66,34.19,39.65,47.71,56.64,65.17,76.5,88.52,100.65,109.73,119.2,128.8,139.3,
黑龙江:大庆:消费品零售,年,,67.03,64.13,69.91,74.81,78.81,87.95,97.95,108.02,130.02,206.82,252.19,301.97,371.46,502.61,589.49,694.44,803.1,909.39,1010.91,1037.61,1092.6,1159.7,
黑龙江:伊春:消费品零售,年,,21.6,23.22,24.24,25.11,25.1,26.62,28.67,26.39,28.34,26.32,28.94,33.32,40.4,47.66,56.5,66.2,76.52,86.65,97.95,107.66,119.2,131.2,
黑龙江:佳木斯:消费品零售,年,,48.63,53.98,60.36,66.4,62.5,67.76,72.43,72.8,80.85,91.6,105.27,120.4,147.45,178.09,216.8,245.47,277.43,326.02,361.23,401.11,446.2,488.3,
黑龙江:七台河:消费品零售,年,,14.25,16.78,18.03,19.47,20.54,22.45,24.52,23.41,25.6,23.62,25.87,30.13,36.0,43.0,54.39,63.68,74.2,81.68,89.06,94.82,100.4,105.3,
黑龙江:绥化:消费品零售,年,,,,,,93.5,97.32,102.08,102.13,111.18,115.55,132.4,153.5,186.0,220.88,250.52,293.09,353.09,407.55,462.71,511.35,569.3,620.2,
黑龙江:大兴安岭:消费品零售,年,,,,,,,16.2,17.26,17.23,,17.01,18.9,21.44,25.65,32.02,34.07,39.87,45.93,50.55,,58.87,63.42,68.8,
江苏:无锡:消费品零售,年,,254.95,281.3,300.14,321.85,351.51,390.82,444.29,487.06,579.21,824.1,959.47,1134.75,1391.48,1542.69,1825.79,2142.02,2443.24,2759.98,2607.9,2847.61,3119.56,3458.04,3672.7
江苏:徐州:消费品零售,年,,145.17,152.66,160.65,171.5,185.21,202.01,223.93,235.42,273.8,396.04,460.08,543.01,680.23,805.99,956.99,1141.89,1312.5,1495.91,2099.2,2358.45,2659.39,2977.2,3102.0
江苏:常州:消费品零售,年,,157.59,167.96,173.93,184.42,202.31,222.61,248.8,280.65,324.05,444.08,515.83,610.85,758.16,891.54,1054.39,1236.1,1413.33,1607.63,1805.4,1990.45,2202.83,2444.05,2613.2
江苏:南通:消费品零售,年,,194.52,204.79,213.37,229.82,250.11,270.98,297.14,331.28,384.25,536.41,621.96,736.54,915.1,1080.22,1277.07,1493.27,1719.27,1940.41,2166.1,2379.46,2632.87,2873.41,3088.77
江苏:苏州:消费品零售,年,,266.01,286.62,297.92,315.64,348.2,391.54,451.62,526.05,625.1,905.07,1055.44,1250.05,1551.45,2026.84,2402.02,2829.58,3240.97,3662.24,4095.09,4461.62,4936.79,5442.82,5746.9
江苏:连云港:消费品零售,年,,74.4,79.95,84.47,89.11,95.57,102.91,113.02,123.63,141.22,182.08,211.53,249.08,310.44,362.73,430.68,500.23,575.49,655.57,739.4,830.71,933.31,1038.31,1121.31
江苏:淮安:消费品零售,年,,67.44,76.51,83.09,91.78,103.01,114.31,127.58,139.32,156.36,198.62,230.15,269.4,335.9,394.75,469.09,547.85,633.24,721.22,864.8,970.74,1083.83,1197.09,1239.7
江苏:盐城:消费品零售,年,,130.12,140.95,150.44,162.88,176.65,192.02,211.43,224.88,255.9,316.91,367.6,433.74,542.78,644.81,766.49,895.09,1023.2,1163.38,1312.7,1468.6,1630.88,1806.2,1778.7
江苏:扬州:消费品零售,年,,115.98,127.04,132.05,140.18,152.04,165.73,182.76,197.96,228.01,306.89,355.83,418.9,521.3,612.59,726.12,853.74,973.97,1106.88,1128.1,1236.96,1358.8,1494.01,1557.03
江苏:镇江:消费品零售,年,,90.24,96.66,106.6,114.61,124.46,134.62,150.92,168.24,192.05,241.39,280.07,331.36,410.21,475.74,564.68,664.07,766.46,872.13,1003.8,1113.71,1236.78,1366.03,1360.92
江苏:泰州:消费品零售,年,,100.68,110.58,114.68,123.22,133.57,146.16,161.19,173.76,200.69,233.81,271.33,321.07,395.73,467.36,555.35,651.17,737.57,837.09,903.6,1001.64,1118.34,1254.22,1282.87
江苏:宿迁:消费品零售,年,,44.43,48.06,51.24,56.61,62.64,69.45,77.24,78.0,87.62,109.5,127.03,158.87,196.8,243.34,289.38,336.26,388.23,442.43,564.8,626.64,705.54,781.39,833.82
浙江:温州:消费品零售,年,,274.89,314.63,345.04,373.12,397.91,438.45,491.09,522.54,633.51,680.86,779.15,906.46,1082.95,1264.72,1498.1,1767.64,1929.29,2136.38,2410.36,2677.73,3006.9,3062.57,3337.1
浙江:嘉兴:消费品零售,年,,156.5,159.48,168.31,180.99,200.33,223.74,249.21,279.39,325.34,374.44,429.72,501.22,599.61,694.3,799.36,948.57,1083.74,1196.93,1347.04,1494.57,1638.49,1806.62,1938.59
浙江:湖州:消费品零售,年,,100.53,112.36,123.76,135.2,149.18,159.15,170.88,182.34,208.34,237.75,273.8,319.25,382.11,442.57,516.09,609.89,703.87,766.22,871.2,963.92,1068.86,1188.15,
浙江:绍兴:消费品零售,年,,140.35,159.86,174.14,191.58,215.36,238.96,269.27,291.98,335.43,381.63,440.64,515.44,618.89,717.9,852.89,1006.75,1158.66,1318.39,1487.14,1621.06,1783.34,1977.66,2008.0
浙江:金华:消费品零售,年,,120.06,129.66,140.29,153.92,169.38,188.85,212.16,238.9,273.89,418.84,482.08,562.83,675.66,780.99,916.23,1088.95,1260.41,1406.98,1592.7,1783.1,1977.87,2191.19,2253.0
浙江:衢州:消费品零售,年,,56.0,60.21,63.51,69.58,76.32,83.86,95.26,91.05,105.35,134.74,153.86,179.45,215.61,250.25,290.82,344.34,396.36,443.67,503.79,550.98,609.31,677.89,717.46
浙江:舟山:消费品零售,年,,41.18,46.34,49.51,54.61,59.48,65.4,74.07,75.11,87.52,100.14,113.97,132.37,157.83,181.69,212.54,251.71,290.54,331.65,376.58,415.52,457.4,505.68,536.9
浙江:台州:消费品零售,年,,138.14,144.22,148.59,163.67,181.75,201.5,232.1,262.33,302.92,439.92,511.57,596.17,709.71,817.88,960.45,1132.37,1304.3,1449.27,1646.32,1826.68,2013.14,2235.73,2366.88
浙江:丽水:消费品零售,年,,,,,,63.8,84.37,93.71,105.01,118.74,128.1,145.65,169.07,202.98,232.62,266.13,315.89,371.09,420.8,476.35,519.28,571.64,635.96,682.91
安徽:芜湖:消费品零售,年,,49.06,58.01,61.97,66.0,70.59,74.82,80.13,88.0,102.54,120.74,139.72,165.83,203.2,241.51,287.45,421.01,490.2,559.95,653.62,733.04,828.17,930.86,1028.26
安徽:蚌埠:消费品零售,年,,48.52,57.81,62.64,66.47,70.79,76.07,81.92,88.69,101.57,116.9,133.8,156.24,191.55,226.98,269.87,319.28,371.51,424.82,506.56,570.65,643.99,725.13,823.46
安徽:淮南:消费品零售,年,,34.5,38.76,40.2,42.08,44.5,47.62,51.16,55.6,63.0,81.21,93.55,109.02,133.87,159.1,187.21,221.95,256.47,291.23,348.38,459.17,512.46,573.45,609.0
安徽:马鞍山:消费品零售,年,,25.51,29.11,30.93,33.34,35.55,38.26,41.42,46.86,52.65,64.29,73.47,86.53,105.97,125.75,147.8,226.09,262.94,301.34,373.53,418.55,470.63,529.45,589.95
安徽:淮北:消费品零售,年,,22.77,26.39,28.19,29.97,32.23,34.74,37.56,40.8,45.61,54.38,61.93,72.74,89.22,105.93,125.52,148.28,171.67,195.46,219.78,283.35,315.86,353.13,324.5
安徽:铜陵:消费品零售,年,,16.59,19.4,20.19,21.79,23.44,25.32,27.34,29.99,34.31,42.24,48.64,57.16,70.63,83.82,99.15,117.75,137.24,155.57,189.18,272.32,305.68,343.28,365.0
安徽:安庆:消费品零售,年,,62.63,72.24,77.23,82.16,88.65,95.54,104.16,114.53,129.52,145.56,167.57,198.07,241.76,287.94,338.68,397.49,460.56,523.59,600.16,608.38,681.68,764.17,814.9
安徽:黄山:消费品零售,年,,20.49,22.95,13.0,25.94,28.09,30.48,33.05,36.09,40.88,53.85,61.92,73.1,90.42,107.56,125.96,148.34,172.08,196.12,253.4,281.14,313.12,348.81,377.4
安徽:滁州:消费品零售,年,,51.49,55.96,57.44,61.32,65.9,69.19,73.69,78.36,86.6,94.53,107.48,126.24,154.39,183.62,214.8,254.47,296.81,338.48,406.4,457.0,515.15,574.39,639.1
安徽:阜阳:消费品零售,年,,96.15,135.64,132.03,139.2,102.3,106.35,111.09,116.69,130.79,146.08,163.64,192.74,237.62,282.16,326.7,385.38,446.04,508.02,598.41,674.71,759.38,852.02,962.2
安徽:宿州:消费品零售,年,,,,49.27,51.22,53.44,56.51,62.62,68.01,75.2,85.39,97.0,114.81,141.35,167.65,193.99,229.23,266.04,303.67,344.24,424.5,476.92,533.68,554.34
安徽:巢湖:消费品零售,年,,,,,59.44,63.37,67.83,72.55,76.59,85.38,90.62,103.72,121.97,151.18,179.69,206.79,,,,,,,,
安徽:六安:消费品零售,年,,,,,68.73,73.49,77.87,83.33,89.09,99.69,119.45,136.44,160.97,198.17,235.55,279.94,331.34,382.66,434.23,507.49,484.7,541.46,604.81,668.5
安徽:亳州:消费品零售,年,,,,,,77.68,70.16,74.47,80.16,88.7,99.73,113.06,131.24,160.6,190.82,222.76,262.59,303.69,345.09,388.41,436.38,492.14,550.7,590.0
安徽:池州:消费品零售,年,,,,,,20.38,21.77,23.38,24.84,27.83,39.72,45.54,53.64,66.5,79.18,91.18,107.1,124.29,142.48,176.37,197.98,222.07,248.72,255.5
安徽:宣城:消费品零售,年,,,,,,56.04,58.91,62.4,66.23,72.33,85.89,97.6,114.4,140.74,167.13,194.7,228.91,265.84,303.57,375.39,422.5,475.84,531.51,521.2
福建:莆田:消费品零售,年,,46.45,49.8,55.81,61.99,68.5,75.39,82.76,87.19,107.78,128.17,145.88,172.86,206.14,246.13,290.37,338.02,394.79,444.13,498.03,558.85,623.13,695.41,763.42
福建:三明:消费品零售,年,,56.75,67.09,75.81,83.87,91.84,99.88,109.24,107.05,89.63,110.08,125.99,149.28,182.92,206.65,245.58,291.51,341.48,385.53,404.85,444.47,480.63,533.43,588.5
福建:泉州:消费品零售,年,,215.03,250.24,286.55,316.08,322.24,351.56,387.07,433.9,498.56,562.4,645.98,754.05,903.54,1055.2,1234.43,1424.76,1706.64,1945.57,2189.43,2459.59,2724.65,3033.95,3407.89
福建:漳州:消费品零售,年,,86.42,102.27,120.23,134.52,149.63,163.19,177.85,179.88,199.36,229.94,258.35,302.28,363.78,400.21,472.63,563.51,661.08,746.36,692.2,776.99,875.59,982.43,1111.6
福建:南平:消费品零售,年,,48.01,55.14,59.5,63.92,69.36,74.47,82.88,84.71,95.72,133.7,150.91,174.4,208.88,225.22,262.04,296.96,357.3,412.68,452.0,503.85,556.68,615.26,675.09
福建:龙岩:消费品零售,年,,36.68,40.21,44.34,48.47,53.24,58.27,64.47,67.47,97.41,128.65,145.9,167.72,208.36,261.97,312.17,374.33,432.28,480.77,559.99,639.58,729.0,813.19,907.42
福建:宁德:消费品零售,年,,,,,,71.8,77.0,83.7,86.32,97.71,123.82,139.82,162.64,198.56,202.03,234.64,275.28,322.42,372.07,415.02,465.45,512.35,565.09,611.11
江西:景德镇:消费品零售,年,,19.26,21.51,23.56,25.56,28.09,30.97,34.03,38.07,44.08,58.3,68.05,80.03,99.28,118.54,141.65,166.65,188.81,214.44,239.88,269.61,300.61,335.93,340.66
江西:萍乡:消费品零售,年,,24.29,26.75,29.02,31.65,34.8,38.32,41.85,46.99,54.6,66.11,76.76,90.15,111.92,133.64,159.06,184.67,210.82,239.02,266.55,303.06,338.08,379.15,384.83
江西:九江:消费品零售,年,,52.99,57.14,54.91,58.96,63.18,68.14,75.64,85.62,97.3,121.25,139.56,163.79,201.94,240.51,286.89,332.35,384.66,438.02,512.22,581.45,656.78,739.21,752.1
江西:新余:消费品零售,年,,18.33,20.57,22.23,24.01,26.04,28.41,31.39,34.47,39.46,46.53,54.05,63.73,79.29,94.83,112.74,133.85,154.79,171.77,191.11,213.75,239.95,269.58,274.36
江西:鹰潭:消费品零售,年,,13.51,15.22,16.16,17.73,19.11,20.58,22.43,24.86,28.59,36.41,42.18,49.5,61.27,72.67,86.64,104.1,118.66,134.51,150.65,172.57,194.66,217.73,220.79
江西:吉安:消费品零售,年,,,,,,59.19,63.48,68.46,73.13,81.26,86.12,99.28,116.25,143.7,171.0,202.83,230.28,264.46,301.93,340.78,398.47,448.66,504.97,514.19
江西:赣州:消费品零售,年,,,,,83.01,90.08,99.42,109.51,120.14,134.91,160.69,184.6,216.24,266.95,317.14,375.35,435.74,495.0,563.06,629.59,708.74,790.24,887.05,901.71
江西:吉安:消费品零售,年,,,,,,59.19,63.48,68.46,73.13,81.26,86.12,99.28,116.25,143.7,171.0,202.83,230.28,264.46,301.93,340.78,398.47,448.66,504.97,514.19
江西:抚州:消费品零售,年,,,,,,63.6,68.6,75.49,82.23,92.88,102.72,115.64,135.46,167.61,199.21,236.68,268.28,302.25,341.46,379.5,430.35,480.27,537.66,544.14
江西:宜春:消费品零售,年,,,,,,90.22,97.59,105.69,114.35,128.16,114.96,131.48,154.33,190.42,226.1,267.86,312.21,356.21,407.05,457.33,530.66,596.25,667.5,676.03
山东:淄博:消费品零售,年,,120.45,135.39,153.1,167.62,184.94,205.6,230.78,254.86,299.82,430.94,499.81,593.08,729.62,860.57,1005.68,1186.7,1363.64,1568.17,1763.18,1949.72,2155.03,2373.98,
山东:枣庄:消费品零售,年,,60.09,67.57,73.28,78.5,85.42,94.57,105.28,121.12,146.18,176.3,204.42,242.07,297.6,358.97,422.85,496.0,568.24,645.08,726.68,805.38,892.28,982.14,950.3
山东:东营:消费品零售,年,,44.09,52.04,59.2,63.83,68.11,75.63,84.35,91.09,117.1,149.01,173.53,206.54,254.61,323.71,388.74,456.38,522.99,593.72,668.24,728.05,789.72,862.29,867.01
山东:烟台:消费品零售,年,,170.82,191.94,212.07,232.43,256.11,283.0,320.64,366.11,440.42,599.58,697.96,829.7,1023.44,1215.15,1412.69,1657.08,1901.35,2158.68,2416.75,2679.45,2976.07,3273.08,3079.41
山东:潍坊:消费品零售,年,,194.39,210.94,229.1,244.89,260.01,282.11,313.49,344.6,405.21,493.34,573.64,674.3,830.3,967.94,1214.8,1425.96,1613.56,1830.39,2060.11,2277.45,2514.85,2737.92,2702.7
山东:济宁:消费品零售,年,,107.04,123.04,138.14,149.31,166.41,185.88,208.65,241.55,293.82,429.76,499.6,591.28,728.34,845.95,1004.25,1177.98,1351.25,1534.11,1729.71,1910.98,2071.89,2259.19,2288.07
山东:泰安:消费品零售,年,,97.13,107.3,117.69,125.82,134.62,145.74,162.03,185.73,224.18,273.64,318.21,378.47,466.84,563.04,687.42,806.73,939.86,1053.79,1202.35,1331.61,1462.77,1608.31,1593.8
山东:威海:消费品零售,年,,99.93,116.93,132.59,137.95,151.61,168.27,188.6,202.03,238.14,284.8,331.21,392.63,483.62,554.2,683.99,832.69,953.87,1082.18,1181.87,1311.66,1456.73,1607.94,
山东:日照:消费品零售,年,,36.29,41.48,46.5,53.15,57.88,66.02,74.91,88.91,104.5,125.1,145.06,172.27,212.36,264.43,311.63,365.44,428.89,476.21,547.63,603.87,660.09,720.29,774.1
山东:莱芜:消费品零售,年,,29.78,34.66,39.61,41.78,45.97,50.88,56.6,55.69,67.1,81.39,94.5,111.85,135.6,154.37,182.06,198.39,228.05,257.75,290.36,320.88,347.8,380.0,
山东:临沂:消费品零售,年,,120.27,136.24,147.29,158.94,174.78,194.0,216.0,263.28,309.9,476.57,554.71,660.83,816.94,924.12,1158.75,1366.08,1579.87,1780.91,2018.41,2234.98,2488.01,2721.64,2482.2
山东:德州:消费品零售,年,,75.78,89.36,100.7,110.72,122.79,136.58,152.75,158.74,187.21,282.21,328.26,387.2,476.29,606.45,645.62,757.52,886.79,990.5,1135.87,1257.41,1394.97,1537.12,1525.5
山东:聊城:消费品零售,年,,,,42.72,46.32,50.5,56.66,64.08,101.09,127.32,233.61,271.8,322.27,396.73,478.17,558.6,629.96,751.38,820.82,959.56,1060.22,1173.13,1278.83,1334.35
山东:滨州:消费品零售,年,,,,,,49.21,55.38,63.04,92.87,117.87,179.73,208.57,246.05,302.62,352.34,431.16,505.75,602.27,658.04,746.21,813.63,889.7,968.71,993.69
山东:菏泽:消费品零售,年,,,,,,75.26,84.21,94.41,141.65,177.4,236.65,275.25,327.93,404.85,567.7,665.51,785.97,904.07,1027.75,1215.22,1352.11,1503.0,1650.45,1811.37
河南:开封:消费品零售,年,,60.23,65.97,70.47,75.98,83.82,92.75,102.02,111.9,128.62,154.24,177.5,209.11,266.18,308.33,364.61,434.6,510.33,577.81,588.32,747.14,840.99,944.81,
河南:洛阳:消费品零售,年,,106.62,133.6,146.29,164.74,156.59,171.9,194.6,226.76,288.78,340.69,394.75,467.91,593.11,687.29,808.81,963.54,1114.78,1269.2,1429.21,1605.08,1807.38,2025.45,2154.9
河南:平顶山:消费品零售,年,,61.07,63.89,70.79,76.89,84.5,93.21,102.49,113.52,131.56,146.04,168.59,199.09,253.05,295.85,349.98,410.73,478.39,540.87,610.09,690.15,771.71,864.53,882.9
河南:安阳:消费品零售,年,,56.17,62.7,69.35,74.96,81.65,90.19,99.41,110.33,127.71,145.64,167.72,198.57,253.03,292.52,345.32,406.67,472.07,532.69,598.46,675.52,755.79,839.48,877.7
河南:鹤壁:消费品零售,年,,16.28,16.51,18.19,19.79,21.68,24.04,26.66,29.65,34.38,40.4,46.57,54.98,69.46,80.02,93.45,110.04,127.37,145.26,163.44,183.67,205.89,230.51,245.42
河南:新乡:消费品零售,年,,73.89,83.61,91.39,96.37,97.91,108.45,119.81,133.24,154.54,164.38,189.84,224.5,285.99,330.28,388.15,461.61,548.07,563.23,643.78,777.51,862.4,966.23,1019.6
河南:焦作:消费品零售,年,,54.55,63.24,63.72,68.67,75.15,82.81,91.7,102.05,118.8,129.57,150.82,180.38,228.33,263.7,321.84,379.02,439.41,497.24,558.01,624.72,698.92,784.34,788.54
河南:濮阳:消费品零售,年,,32.61,37.76,45.06,48.45,53.61,59.54,65.89,73.29,85.25,100.29,115.03,135.5,171.06,196.86,230.66,274.56,321.23,365.34,412.29,470.68,529.96,594.18,616.53
河南:许昌:消费品零售,年,,51.03,65.27,69.33,75.03,82.55,91.39,101.14,111.95,129.48,147.41,169.75,200.75,255.91,297.01,349.32,414.94,488.85,549.19,618.9,707.19,794.29,891.28,873.8
河南:漯河:消费品零售,年,,36.61,44.3,48.86,53.16,57.0,63.28,70.11,78.0,89.72,95.45,109.53,127.86,161.76,186.26,216.29,254.14,299.21,336.07,386.4,437.41,491.55,550.31,580.2
河南:三门峡:消费品零售,年,,35.26,40.98,45.14,48.57,52.99,57.9,63.93,70.4,80.08,86.48,99.64,117.27,148.34,171.75,202.62,239.28,277.08,311.33,350.79,396.86,441.13,493.87,533.74
河南:南阳:消费品零售,年,,118.05,133.95,147.03,166.52,183.11,203.06,224.99,250.09,290.67,339.65,392.47,462.15,568.61,676.66,789.17,929.98,1092.08,1216.46,1390.05,1570.19,1756.43,1950.92,2000.3
河南:商丘:消费品零售,年,,,77.1,85.04,92.3,94.56,104.74,115.84,128.08,146.86,172.54,199.15,234.12,287.85,243.36,399.97,471.36,554.65,623.42,708.08,813.18,918.53,1032.3,1121.49
河南:信阳:消费品零售,年,,,,84.53,91.84,100.38,111.0,122.69,136.18,157.84,187.64,215.81,254.05,321.65,373.75,432.98,511.95,605.8,674.76,778.35,727.11,981.47,1085.77,1136.61
河南:周口:消费品零售,年,,,,,,117.03,129.8,144.64,160.5,185.38,206.52,237.39,279.06,344.09,413.59,483.75,572.04,673.15,756.77,852.9,974.73,1094.09,1227.16,1322.57
河南:驻马店:消费品零售,年,,,,,,95.28,105.03,115.56,127.67,146.93,163.03,187.25,220.02,277.05,320.9,376.67,443.87,518.13,585.47,666.57,755.11,849.11,957.17,
湖北:黄石:消费品零售,年,,45.44,54.58,63.3,68.03,75.43,83.44,91.8,94.12,106.27,129.34,148.27,174.97,221.6,256.09,301.63,355.05,413.5,468.86,519.7,582.36,649.59,723.28,803.2
湖北:十堰:消费品零售,年,,53.07,57.67,63.53,65.67,68.47,75.27,83.52,93.15,91.95,125.06,144.72,170.19,217.17,254.25,308.88,364.18,424.8,491.51,548.65,639.41,724.96,818.14,915.0
湖北:宜昌:消费品零售,年,,88.88,105.02,116.9,126.28,139.03,152.95,167.07,174.14,197.82,226.5,262.2,311.34,399.41,470.41,552.72,656.0,766.19,881.93,964.53,1089.47,1240.33,1330.33,1484.01
湖北:襄阳:消费品零售,年,,90.92,108.98,119.67,129.3,142.43,155.22,170.23,182.86,206.64,241.21,277.97,328.87,410.29,500.56,571.24,686.64,800.14,966.31,1030.57,1165.1,1325.26,1481.9,1659.0
湖北:鄂州:消费品零售,年,,21.09,26.52,31.0,33.83,37.25,40.97,44.92,48.01,54.53,62.12,71.56,84.58,107.89,126.68,135.55,159.68,182.2,208.68,230.28,261.95,298.45,336.8,379.04
湖北:荆门:消费品零售,年,,58.14,72.4,80.45,83.07,88.09,96.95,106.67,106.47,120.43,112.01,128.11,151.57,194.26,228.82,263.08,311.25,362.85,414.68,451.78,541.43,614.23,688.08,772.51
湖北:孝感:消费品零售,年,,68.34,84.81,95.41,103.31,102.03,113.08,124.68,136.77,151.91,161.35,183.52,218.19,278.18,326.9,388.77,459.7,535.5,608.68,689.33,797.14,883.66,973.29,1085.47
湖北:荆州:消费品零售,年,,,133.93,144.0,154.15,168.14,185.4,203.98,213.28,236.96,221.6,254.07,299.59,381.19,445.42,505.34,595.66,688.36,781.36,831.44,946.14,1056.13,1168.57,
湖北:黄冈:消费品零售,年,,64.41,78.84,88.1,95.85,105.98,116.93,127.88,136.53,151.16,160.97,184.47,223.66,292.33,340.07,408.71,482.1,559.37,635.02,715.65,880.91,973.94,1083.16,1205.05
湖北:咸宁:消费品零售,年,,,,,38.98,43.46,48.01,52.21,57.84,35.74,76.87,88.01,105.86,140.72,165.88,209.63,247.89,289.54,330.58,361.77,401.04,442.54,497.24,556.18
湖北:随州:消费品零售,年,,26.21,32.01,36.45,,55.8,61.1,66.91,73.25,69.22,90.91,103.59,122.76,156.67,182.05,215.21,254.09,293.51,333.86,354.37,399.57,446.1,491.39,545.6
湖南:株洲:消费品零售,年,,78.13,87.6,93.8,101.32,112.0,123.56,136.99,140.05,159.03,181.13,208.49,247.57,304.67,364.39,426.76,502.56,579.9,660.29,749.18,839.66,938.49,1038.46,1065.6
湖南:湘潭:消费品零售,年,,50.1,54.82,58.81,62.88,69.27,77.02,85.64,90.3,101.77,113.4,130.66,153.2,186.58,223.24,256.66,302.2,349.14,398.04,449.97,520.6,582.36,644.97,668.0
湖南:衡阳:消费品零售,年,,87.85,94.85,101.7,110.2,120.04,130.34,144.63,156.04,176.27,202.55,231.08,272.36,335.64,398.03,472.15,556.53,642.62,731.92,825.51,1009.1,1127.98,1248.38,1327.21
湖南:邵阳:消费品零售,年,,62.95,69.75,73.53,79.37,86.68,94.44,102.33,100.27,113.5,118.29,135.99,160.16,196.95,235.45,278.32,327.92,378.86,431.87,661.3,745.49,834.82,926.24,987.87
湖南:岳阳:消费品零售,年,,90.86,99.54,107.08,115.72,128.54,142.68,158.52,172.33,196.15,215.18,245.84,291.32,360.72,431.16,507.23,598.06,687.4,782.14,905.61,1020.64,1142.88,1256.61,1319.87
湖南:常德:消费品零售,年,,81.7,90.53,98.56,105.86,116.96,128.83,142.49,156.25,176.08,205.21,235.94,279.27,341.85,405.26,469.45,553.45,638.77,726.79,819.79,945.49,1057.84,1172.62,1260.8
湖南:张家界:消费品零售,年,,13.18,14.76,16.79,18.66,21.09,23.66,26.24,28.35,32.51,36.52,42.14,49.19,58.9,69.94,83.04,97.87,112.71,124.01,157.26,177.37,198.11,219.21,230.1
湖南:益阳:消费品零售,年,,57.08,57.43,60.83,65.04,70.76,76.81,85.01,90.57,102.37,115.15,131.51,154.05,187.95,223.11,260.71,306.87,353.77,402.76,454.18,573.95,641.47,709.8,716.21
湖南:郴州:消费品零售,年,,70.02,78.78,86.6,95.93,107.05,118.33,131.35,140.22,159.31,177.77,204.36,239.02,293.41,349.43,408.39,481.95,554.58,626.13,721.84,809.55,905.11,999.7,1037.0
湖南:永州:消费品零售,年,,52.42,53.75,58.09,63.04,69.02,76.09,84.05,87.66,99.45,102.34,117.26,138.54,170.44,203.6,242.41,285.16,329.34,374.88,423.27,527.83,589.9,653.0,719.55
湖南:怀化:消费品零售,年,,,53.63,57.64,62.56,67.63,73.17,80.29,85.27,96.41,98.32,113.07,133.34,166.05,199.25,233.86,274.74,316.73,380.31,451.08,502.76,561.9,620.65,665.19
湖南:娄底:消费品零售,年,,,,,61.18,66.96,72.99,69.59,75.42,85.16,110.18,110.39,118.16,156.37,185.59,219.01,258.07,297.75,339.08,391.44,433.82,485.27,537.44,568.29
湖南:湘西:消费品零售,年,,,,,,,36.25,39.1,41.55,46.78,53.4,61.9,72.45,86.27,102.07,117.0,137.71,158.6,180.4,203.5,227.1,253.0,280.1,307.6
广东:韶关:消费品零售,年,,61.96,67.57,72.67,77.99,85.4,93.84,102.48,113.29,129.37,141.67,164.63,196.57,241.57,278.36,329.78,383.99,409.59,471.11,522.68,580.79,638.21,687.39,751.6
广东:珠海:消费品零售,年,,85.71,93.82,100.31,105.74,121.17,128.44,143.47,159.18,179.89,220.19,255.52,301.47,360.1,404.46,486.03,567.86,635.2,720.52,815.71,913.2,1016.13,1128.18,1160.64
广东:汕头:消费品零售,年,,139.67,153.27,178.1,200.41,218.99,224.16,240.53,254.46,295.26,345.23,400.6,474.98,572.01,661.96,830.41,972.21,1029.82,1056.81,1186.04,1339.34,1515.19,1683.16,1769.63
广东:佛山:消费品零售,年,,218.08,243.74,275.94,303.82,337.55,374.85,419.8,473.19,542.19,650.18,782.06,957.57,1195.75,1408.78,1687.13,1931.41,2019.5,2122.63,2400.58,2705.22,3017.76,3320.43,
广东:江门:消费品零售,年,,135.27,151.87,165.05,180.7,177.03,222.81,248.39,277.84,311.57,310.44,353.75,411.93,493.26,562.07,655.86,759.15,807.21,831.85,923.55,1034.31,1159.06,1279.63,1407.58
广东:湛江:消费品零售,年,,135.18,147.11,157.58,165.44,156.59,189.01,205.72,226.44,231.66,269.98,321.54,385.31,472.85,559.94,679.79,805.59,861.33,1010.7,1162.1,1308.95,1432.96,1578.08,1697.3
广东:茂名:消费品零售,年,,117.58,131.43,142.47,154.97,158.11,192.16,215.39,241.26,260.21,287.96,343.53,408.81,504.59,591.05,704.97,842.86,902.2,983.13,1093.9,1214.38,1339.88,1457.0,1541.37
广东:肇庆:消费品零售,年,,82.32,93.13,105.25,115.4,77.31,139.84,154.62,171.19,193.91,142.99,169.62,199.78,238.49,275.78,332.89,389.71,433.39,493.12,559.9,632.36,731.98,809.93,866.7
广东:惠州:消费品零售,年,,91.72,100.55,110.06,120.95,126.48,145.26,161.0,181.67,212.75,252.01,298.41,356.06,426.75,491.1,582.53,684.72,754.15,857.91,968.7,1070.72,1227.88,1363.46,1478.97
广东:梅州:消费品零售,年,,50.84,53.79,,62.11,67.28,74.12,81.54,90.61,104.11,131.85,155.0,184.6,228.94,267.98,319.05,372.79,403.5,450.18,499.97,555.5,619.77,677.63,726.49
广东:汕尾:消费品零售,年,,,58.34,65.58,73.93,69.84,92.5,102.87,116.56,126.53,130.45,154.25,187.68,233.14,282.06,352.06,414.59,424.32,398.72,440.11,489.61,533.11,572.62,609.36
广东:河源:消费品零售,年,,23.67,25.69,28.81,32.4,37.12,40.54,45.85,51.86,62.24,73.02,86.57,104.37,124.46,139.5,163.07,188.04,209.37,381.02,435.01,482.99,537.44,585.57,628.72
广东:阳江:消费品零售,年,,47.09,54.72,61.65,68.34,86.46,86.15,96.48,108.05,109.81,159.22,187.39,222.76,266.71,305.38,370.58,440.11,467.01,481.98,531.9,584.46,634.83,689.9,
广东:清远:消费品零售,年,,51.87,57.44,61.76,67.32,72.27,80.65,87.1,95.99,110.48,130.03,160.07,198.12,252.75,303.56,370.5,433.69,459.63,466.45,520.28,571.49,626.8,683.84,738.9
广东:东莞:消费品零售,年,,96.15,110.21,,148.22,235.16,196.12,224.95,338.0,389.04,506.29,599.32,722.45,881.15,959.07,1108.06,1266.31,1354.58,1786.66,1942.29,2184.7,2470.78,2687.88,2905.61
广东:中山:消费品零售,年,,69.82,77.11,,95.16,141.81,119.53,134.33,151.71,178.84,277.08,332.23,397.74,480.29,549.76,648.11,756.07,809.33,890.55,981.8,1086.74,1205.84,1309.89,1490.79
广东:潮州:消费品零售,年,,38.64,43.98,50.5,54.69,60.57,67.23,74.1,81.74,91.15,103.32,118.89,142.89,172.85,207.89,245.47,287.73,317.04,354.71,395.86,444.15,495.61,544.05,588.1
广东:揭阳:消费品零售,年,,69.88,82.95,95.91,108.38,82.38,134.26,148.66,166.64,185.25,144.76,171.4,215.15,275.9,341.46,446.62,573.45,521.05,657.66,759.02,872.42,978.42,1080.96,
广东:云浮:消费品零售,年,,39.49,42.93,48.29,51.95,31.3,60.64,66.04,74.25,70.42,59.71,70.29,83.75,101.07,117.91,136.97,167.58,180.31,224.73,268.49,304.71,345.22,381.6,385.07
广西:柳州:消费品零售,年,,52.05,61.36,63.35,65.84,69.06,81.01,87.85,90.9,106.19,200.25,230.5,274.08,344.33,400.98,480.0,568.8,661.84,758.42,858.2,944.11,1045.13,1155.64,1266.58
广西:桂林:消费品零售,年,,42.16,46.41,95.95,104.17,113.52,124.12,136.04,103.95,120.75,163.78,188.86,224.63,284.77,330.92,391.53,462.36,536.35,604.03,682.87,751.96,836.45,928.12,995.54
广西:梧州:消费品零售,年,,22.76,46.21,48.27,52.2,57.59,63.32,69.54,76.4,71.31,85.55,98.04,115.59,146.54,171.09,191.77,224.08,257.21,292.34,328.3,364.93,395.95,445.87,
广西:北海:消费品零售,年,,24.01,26.3,28.68,31.16,34.01,37.37,40.75,34.24,38.13,46.24,53.41,64.36,82.08,95.4,108.0,127.29,146.51,167.03,185.81,202.99,225.34,250.13,
广西:防城港:消费品零售,年,,14.86,16.56,17.93,19.38,20.94,22.66,24.29,17.6,19.39,22.75,26.05,30.84,39.09,45.33,51.84,61.17,71.3,81.43,91.67,101.03,111.89,124.02,
广西:钦州:消费品零售,年,,35.73,40.65,44.58,49.16,53.88,59.63,64.49,68.34,61.55,70.76,80.72,95.32,124.01,145.09,172.19,204.27,237.56,268.82,303.25,333.5,373.63,411.75,
广西:贵港:消费品零售,年,,29.66,28.69,30.4,32.26,35.08,38.29,41.48,46.26,43.17,91.42,104.5,123.8,155.86,181.08,209.54,245.97,284.05,321.72,359.56,389.06,431.89,480.7,
广西:玉林:消费品零售,年,,,76.48,80.73,83.39,92.61,100.99,110.65,97.14,111.13,130.01,149.57,177.71,224.88,262.92,307.24,362.81,422.83,482.91,545.71,600.34,660.43,728.86,
广西:百色:消费品零售,年,,,,,,34.02,,39.99,32.87,37.22,48.72,56.23,66.22,83.56,97.1,113.85,134.34,156.67,178.6,201.06,221.18,246.84,277.35,
广西:贺州:消费品零售,年,,,,,,27.04,,32.62,22.79,25.5,34.52,39.52,47.11,59.81,68.94,78.68,92.36,106.39,119.0,133.63,146.94,160.98,178.85,
广西:河池:消费品零售,年,,,,,,50.95,,59.03,46.24,52.01,60.5,68.78,80.55,99.98,115.07,131.73,154.79,176.98,198.97,223.79,243.38,267.96,301.2,330.22
广西:来宾:消费品零售,年,,,,,,,,23.01,30.52,28.22,32.77,38.25,45.32,57.57,66.84,79.46,94.42,109.53,120.87,134.17,145.11,159.11,180.29,
广西:崇左:消费品零售,年,,,,,,,,33.26,20.14,22.39,26.98,31.06,36.71,45.99,53.45,61.08,72.4,84.37,96.39,108.44,119.39,131.34,146.09,
海南:三亚:消费品零售,年,,5.85,6.56,7.44,8.46,9.91,11.23,12.61,14.04,17.24,21.5,23.94,29.4,38.77,50.9,63.7,86.01,104.8,123.48,141.45,181.72,198.08,223.77,241.76
四川:自贡:消费品零售,年,,38.77,42.67,39.1,38.71,41.27,44.65,49.4,55.43,65.89,105.41,121.07,142.24,172.26,211.7,250.55,300.76,347.68,397.93,447.68,501.63,555.81,624.04,626.26
四川:攀枝花:消费品零售,年,,27.84,32.11,34.57,35.71,38.57,43.14,47.06,52.95,59.51,62.01,71.04,83.1,100.71,122.43,143.44,172.36,199.68,228.61,245.55,286.2,316.9,352.41,361.26
四川:泸州:消费品零售,年,,40.03,43.26,45.65,49.23,53.76,59.03,66.02,84.06,100.59,109.87,126.3,148.32,180.09,222.93,266.54,321.64,374.92,432.1,491.4,559.66,637.15,722.07,763.96
四川:德阳:消费品零售,年,,59.39,62.71,68.7,71.89,77.9,86.16,96.79,108.91,124.45,143.31,164.55,193.2,200.48,253.43,301.46,361.07,419.09,481.75,544.84,615.96,698.81,790.78,820.6
四川:绵阳:消费品零售,年,,72.6,81.04,87.6,93.97,101.57,111.22,123.26,135.69,154.74,180.71,207.66,244.21,271.4,348.75,433.33,521.11,604.76,688.52,778.29,879.16,988.48,1112.48,1149.48
四川:广元:消费品零售,年,,34.47,36.84,38.99,40.5,41.35,43.06,45.74,50.04,55.59,63.36,72.9,85.62,98.07,126.47,149.43,177.72,205.1,234.57,264.23,296.62,331.07,371.79,405.33
四川:遂宁:消费品零售,年,,32.44,37.06,40.12,43.16,45.96,51.47,57.91,66.34,76.78,87.09,100.2,117.56,142.38,172.31,203.26,242.66,280.91,322.95,366.48,415.41,470.39,526.97,570.73
四川:内江:消费品零售,年,,59.14,65.95,37.82,40.25,43.32,47.23,52.44,59.0,69.79,84.91,98.04,115.32,139.73,169.05,201.27,242.36,280.76,322.73,356.22,408.58,460.54,511.87,538.52
四川:乐山:消费品零售,年,,75.51,48.01,50.95,55.27,61.19,67.74,76.81,87.85,103.01,119.48,138.05,162.19,196.72,238.44,278.4,328.76,377.29,433.36,487.38,552.01,624.26,705.25,667.27
四川:南充:消费品零售,年,,44.51,52.84,62.55,69.66,79.41,90.67,103.96,119.68,140.06,142.3,164.45,193.26,233.69,288.45,342.15,411.68,477.8,550.3,624.21,698.82,785.62,888.27,959.98
四川:眉山:消费品零售,年,,,,,,40.09,43.67,48.23,54.25,67.38,73.47,84.82,100.03,121.43,162.11,191.7,230.32,267.34,305.99,345.48,388.76,438.07,486.93,496.43
四川:宜宾:消费品零售,年,,,52.61,57.32,61.62,68.24,75.89,84.62,95.73,113.77,129.94,149.88,176.26,214.09,274.77,328.52,397.72,462.8,531.12,600.39,676.01,768.4,867.91,930.67
四川:广安:消费品零售,年,,,,32.66,35.74,50.64,55.65,62.61,71.61,85.58,89.66,103.18,121.32,148.0,187.78,214.84,245.7,282.23,324.43,367.06,413.53,468.79,524.96,500.0
四川:达州:消费品零售,年,,,,,57.42,63.61,71.96,81.92,94.39,110.67,128.81,148.79,157.72,212.3,270.77,321.02,388.12,453.01,521.64,592.6,672.47,761.72,860.37,889.7
四川:雅安:消费品零售,年,,,,,,24.58,27.27,30.27,34.19,40.19,43.1,49.76,58.38,69.99,86.64,102.99,122.29,140.92,156.94,177.76,200.15,223.18,248.07,242.91
四川:巴中:消费品零售,年,,,,,,23.59,25.92,28.59,30.8,39.66,48.42,55.37,65.11,79.96,103.89,123.37,148.86,172.98,198.67,224.12,254.47,287.42,324.23,321.45
四川:资阳:消费品零售,年,,,,,,38.7,43.23,48.16,58.84,69.67,86.78,100.04,117.55,143.29,175.14,214.04,267.59,312.38,359.41,407.14,464.65,326.04,365.65,379.0
四川:凉山:消费品零售,年,,,,,,40.31,45.94,52.5,61.41,74.77,101.31,116.81,137.8,167.83,201.41,244.9,287.9,334.0,,447.8,497.25,551.38,616.28,649.6
四川:阿坝:消费品零售,年,,,,,,8.91,10.21,11.15,11.78,14.34,16.51,20.98,25.12,18.14,23.02,33.06,39.03,45.57,52.23,59.21,76.01,83.88,85.81,79.27
四川:甘孜:消费品零售,年,,,,,,,,10.02,11.66,14.12,16.6,19.41,22.97,27.16,30.8,22.04,44.01,50.69,57.35,64.48,74.2,81.59,90.86,100.36
贵州:六盘水:消费品零售,年,,14.21,15.36,15.9,17.06,18.51,19.92,21.86,24.48,29.4,58.06,66.58,77.59,93.81,110.88,131.34,157.61,182.82,209.27,261.38,292.72,331.79,371.94,
贵州:遵义:消费品零售,年,,,42.33,44.71,47.94,52.9,59.51,67.55,76.24,88.43,122.24,140.21,165.46,203.52,244.24,290.25,350.62,409.87,470.37,533.4,639.93,723.44,811.69,
贵州:安顺:消费品零售,年,,,,,,21.21,23.15,25.56,28.35,32.04,28.02,32.96,39.52,48.12,59.09,70.08,83.93,97.53,111.52,125.79,155.82,176.31,197.11,
贵州:毕节:消费品零售,年,,,,,,,,,,,,,,,,,,174.42,198.49,269.38,301.95,340.15,381.98,384.58
贵州:铜仁:消费品零售,年,,,,,,,,,,,,,,,,,,103.9,118.82,134.26,165.64,187.09,210.85,212.8
贵州:黔西南:消费品零售,年,,,,,,17.62,18.9,21.0,23.77,27.52,36.78,41.7,50.03,61.11,74.79,88.28,105.3,121.79,139.08,171.85,192.13,216.82,243.92,
云南:曲靖:消费品零售,年,,,44.05,45.08,44.19,47.33,50.25,54.21,59.84,67.56,91.49,105.17,123.13,161.36,190.04,232.8,280.76,331.71,378.32,427.32,502.4,564.97,635.33,
云南:玉溪:消费品零售,年,,,,35.0,35.08,35.86,36.92,38.67,40.74,44.43,60.95,68.53,78.18,98.12,115.45,141.53,168.36,198.57,226.35,259.1,291.37,326.77,367.45,392.5
云南:保山:消费品零售,年,,,,,,20.71,22.78,25.37,28.36,31.97,36.03,41.23,48.48,59.94,69.67,84.36,101.47,119.69,136.39,158.7,178.47,200.18,224.9,
云南:昭通:消费品零售,年,,,,,,23.8,25.17,26.75,29.05,33.64,44.69,50.75,59.23,74.6,87.85,105.67,126.83,149.61,169.88,190.06,212.07,237.63,266.74,284.09
云南:丽江:消费品零售,年,,,,,,9.3,,10.9,11.85,13.66,15.81,18.34,22.49,30.36,36.61,45.5,55.67,65.69,74.85,84.32,93.6,104.85,117.7,124.43
云南:普洱:消费品零售,年,,,,,,20.46,,,26.19,29.36,33.0,37.21,43.19,52.78,61.16,72.66,86.22,102.17,116.23,131.29,145.64,163.04,182.86,
云南:临沧:消费品零售,年,,,,,,15.14,,,20.13,24.43,22.76,32.13,37.36,48.52,59.4,72.58,87.1,101.97,116.3,137.24,154.56,173.65,195.28,
云南:楚雄:消费品零售,年,,,,,,,30.08,33.6,36.7,42.9,55.3,63.6,74.24,90.42,109.7,131.9,158.32,184.7,210.65,238.37,265.68,298.77,335.99,358.88
云南:德宏:消费品零售,年,,,,,,,,,,19.05,22.67,25.4,30.8,38.2,46.01,54.36,65.28,78.34,89.21,100.76,112.11,124.73,138.52,
云南:文山:消费品零售,年,,,,,,,,33.81,38.1,44.73,53.42,63.36,75.51,95.86,,143.6,173.13,204.81,233.38,263.63,290.46,323.72,363.4,388.16
云南:迪庆:消费品零售,年,,,,,,,,,42598.0,57677.0,67523.0,99462.0,120215.0,141998.0,169500.0,209900.0,253000.0,300239.6,342153.0,384450.5,415416.9,459261.8,514189.6,
云南:怒江:消费品零售,年,,,,,,,,,,,,,,10.78,12.58,14.87,17.65,20.64,23.51,26.6,29.27,32.63,36.53,37.84
陕西:铜川:消费品零售,年,,10.53,11.9,12.31,12.95,13.79,14.64,15.96,17.73,19.94,21.76,24.12,27.58,33.54,40.56,49.15,59.15,71.12,84.7,96.64,110.05,134.97,138.25,153.54
陕西:宝鸡:消费品零售,年,,49.21,55.6,59.76,65.01,71.89,80.61,91.19,105.06,122.91,137.48,155.23,179.81,220.9,260.1,307.52,358.23,412.83,473.39,539.67,612.84,702.16,783.43,864.6
陕西:咸阳:消费品零售,年,,48.68,55.54,58.21,63.78,70.35,79.16,88.83,101.56,119.07,133.03,148.88,173.11,212.67,250.59,296.35,345.1,401.08,462.68,528.84,601.59,537.96,607.64,674.19
陕西:渭南:消费品零售,年,,41.41,48.04,52.79,55.15,58.53,62.37,66.68,73.21,81.58,93.02,108.65,131.96,175.03,202.8,240.77,284.08,335.0,387.7,441.98,503.25,574.01,651.85,719.87
陕西:延安:消费品零售,年,,,15.99,17.79,20.36,22.63,26.22,30.78,34.99,41.1,47.53,54.7,65.85,84.8,96.86,117.06,140.48,168.3,192.28,218.24,241.09,257.95,284.65,314.98
陕西:汉中:消费品零售,年,,34.97,36.95,38.82,40.5,42.91,45.22,48.31,52.69,57.23,65.3,76.1,91.8,116.66,133.02,157.5,184.44,216.05,248.15,281.65,319.0,369.17,421.05,469.3
陕西:榆林:消费品零售,年,,,,,31.85,35.77,40.4,46.02,55.55,65.08,76.33,91.98,116.02,154.11,176.72,213.64,259.18,307.7,348.27,374.74,396.41,422.05,467.16,514.11
陕西:安康:消费品零售,年,,,,,,27.68,29.88,32.36,36.06,41.19,46.75,53.83,64.12,80.72,93.56,110.78,129.72,151.49,171.72,193.18,219.2,259.81,297.14,332.68
陕西:商洛:消费品零售,年,,,,,,19.91,22.59,25.4,28.65,32.71,35.97,40.01,46.22,56.7,66.79,79.19,92.18,107.28,121.82,136.92,154.66,174.93,193.73,214.95
甘肃:金昌:消费品零售,年,,5.97,6.05,6.66,7.41,8.78,10.51,11.55,13.05,14.88,18.01,20.6,23.6,27.95,32.11,37.0,43.32,50.54,57.87,69.99,76.01,82.92,89.06,95.09
甘肃:嘉峪关:消费品零售,年,,5.83,4.07,4.49,4.97,5.58,6.36,7.05,7.58,8.64,11.65,13.41,15.42,18.0,20.45,24.01,30.01,34.61,39.42,42.53,54.95,60.0,64.38,67.77
甘肃:白银:消费品零售,年,,14.81,16.89,18.64,20.32,22.54,24.82,27.37,30.26,33.86,40.54,45.81,53.24,62.94,74.27,87.28,103.5,120.09,137.19,152.35,177.65,193.64,207.19,219.51
甘肃:天水:消费品零售,年,,23.0,22.57,24.22,25.12,27.55,30.5,34.01,37.54,42.24,48.46,63.94,74.09,89.42,109.63,128.57,153.64,178.0,203.33,224.29,262.42,288.66,313.11,
甘肃:武威:消费品零售,年,,,,,,16.01,17.95,20.22,23.11,26.5,34.9,40.06,46.69,54.97,64.89,76.5,90.66,104.72,119.63,131.66,162.58,178.15,192.05,205.72
甘肃:张掖:消费品零售,年,,,,,,15.4,,19.52,21.52,24.12,30.93,34.9,39.61,47.52,57.25,67.68,80.28,93.17,106.05,135.55,147.62,160.9,173.05,176.05
甘肃:平凉:消费品零售,年,,,,,,25.09,,29.68,32.65,35.91,40.24,45.65,52.13,62.26,74.12,87.98,104.65,121.21,137.75,162.84,177.5,194.16,209.81,208.11
甘肃:酒泉:消费品零售,年,,,,,,27.93,,29.94,31.0,34.0,38.33,44.01,51.58,62.53,75.83,88.92,106.8,123.99,141.25,156.82,176.56,193.33,207.64,188.6
甘肃:庆阳:消费品零售,年,,,,,,13.64,,16.67,22.22,25.93,36.28,41.27,48.72,62.29,78.17,93.47,112.11,129.84,148.05,187.12,203.96,223.11,238.95,253.63
甘肃:定西:消费品零售,年,,,,,,14.74,,,20.42,22.48,25.11,28.49,32.73,38.15,45.42,53.32,63.43,73.34,83.41,98.51,107.38,117.66,126.14,131.05
甘肃:陇南:消费品零售,年,,,,,,9.5,,,,14.84,19.19,21.88,25.21,30.1,35.05,41.19,48.86,57.01,64.73,72.27,90.81,99.5,107.12,114.8
甘肃:临夏:消费品零售,年,,,,,,,,,,,,,,,,,,,,,,,90.76,
甘肃:甘南:消费品零售,年,,,,,,,,,,,,10.65,12.03,14.26,16.65,19.65,22.69,26.77,29.75,33.42,41.58,45.32,48.63,52.27
青海:海东:消费品零售,年,,,,,,,,,,,,,,,,39.9,47.14,55.17,63.06,71.8,80.05,89.22,97.4,101.97
青海:海北:消费品零售,年,,,,,,,,,,,,,,,,9.5,11.23,13.1,14.89,16.95,18.89,20.95,23.01,
青海:黄南:消费品零售,年,,,,,,,,,,,,,,,,4.37,5.08,5.85,6.66,7.59,8.46,9.43,10.37,11.09
青海:海南:消费品零售,年,,,,,,,,,,,,,,,,14.37,16.84,17.09,19.48,22.18,24.73,27.58,30.25,32.31
青海:果洛:消费品零售,年,,,,,,,,,,,,,,,,2.68,3.16,3.64,4.13,4.74,5.28,5.89,6.48,6.94
青海:玉树:消费品零售,年,,,,,,,,,,,,,,,,3.41,3.7,4.07,4.6,9.12,10.17,11.33,12.46,
青海:海西:消费品零售,年,,,,,,,,,,,,,,,,43.17,50.94,59.63,66.19,74.36,81.46,89.83,98.27,81.04
宁夏:石嘴山:消费品零售,年,,11.29,12.1,13.36,14.19,15.68,17.52,19.57,21.72,24.87,27.15,30.76,35.47,43.81,52.27,61.48,67.28,77.14,84.32,90.75,96.06,102.32,111.28,115.9
宁夏:吴忠:消费品零售,年,,,,22.01,22.97,24.58,27.17,25.55,28.36,19.14,24.2,27.18,31.08,37.61,44.34,51.92,59.68,68.42,78.15,87.57,95.31,102.76,112.69,119.2
宁夏:固原:消费品零售,年,,,,,,8.0,,9.91,13.45,12.6,14.66,16.65,19.84,24.72,29.52,32.45,37.74,43.26,49.53,55.73,59.97,64.98,71.1,73.73
宁夏:中卫:消费品零售,年,,,,,,,,,,11.88,13.82,15.62,18.83,23.25,27.51,32.75,38.41,43.99,50.45,56.7,60.59,65.85,73.07,74.23
新疆:克拉玛依:消费品零售,年,,9.26,10.99,11.08,11.77,12.72,13.73,14.64,14.88,16.8,18.51,20.27,23.07,27.05,29.57,34.79,43.58,48.0,53.54,55.78,58.81,62.72,66.15,70.4
新疆:吐鲁番地区:消费品零售,年,,,,,,,,,,,152142.0,172296.0,178119.0,210600.0,237938.0,284873.0,263280.0,294015.0,323433.0,385279.0,443524.0,458782.0,506717.0,537800.0
新疆:哈密地区:消费品零售,年,,,,,,,,,,,189028.0,214550.0,250075.0,295500.0,347898.0,386696.0,465393.0,554516.0,649170.0,753363.0,847259.0,859647.0,933786.0,
新疆:和田地区:消费品零售,年,,,,,,,,,,,95652.0,121208.0,142199.0,164571.0,184874.0,203444.0,229120.0,256300.0,285735.0,321700.0,360601.0,375898.0,423408.0,454000.0
新疆:阿克苏地区:消费品零售,年,,,,,,,,,,,363732.0,369038.0,428691.0,528503.0,615232.0,602922.0,722117.0,856240.0,980361.0,1108135.0,1247776.0,1305665.0,1472780.0,1592600.0
新疆:喀什地区:消费品零售,年,,,,,,,,,,,310937.0,376597.0,465040.0,577957.0,701073.0,734408.0,894631.0,1104713.0,1312985.0,1483821.0,1681248.0,1755668.0,1872087.0,2075100.0
新疆:塔城地区:消费品零售,年,,,,,,,,,,,204736.0,233324.0,268729.0,317496.0,369694.0,407014.0,467027.0,525214.0,608555.0,692833.0,782752.0,790149.0,865008.0,
新疆:阿勒泰地区:消费品零售,年,,,,,,,,,,,165780.0,191309.0,222968.0,258990.0,287099.0,324000.0,372392.0,432189.0,490530.0,546511.0,607073.0,683070.0,732078.0,
新疆:克孜勒苏柯尔克孜:消费品零售,年,,,,,,,,,,,38147.0,43454.0,50760.0,60789.0,69377.0,83272.0,97924.0,116810.0,138669.0,164154.0,187832.0,200793.0,219812.0,
新疆:巴音郭楞蒙古:消费品零售,年,,,,,,,,,,,325417.0,311540.0,350930.0,413876.0,472978.0,561339.0,674885.0,785634.0,811872.0,857369.0,982763.0,1042921.0,1143970.0,
新疆:昌吉:消费品零售,年,,,24.73,26.32,28.25,29.77,32.19,35.34,36.36,46.0,55.8,65.53,76.66,82.5,100.5,112.8,133.0,155.7,182.3,212.9,236.4,243.9,266.1,284.17
新疆:伊犁:消费品零售,年,,,,,,,62.9,71.13,,73.3,83.16,94.6,109.79,131.05,154.3,172.6,199.84,232.4,,296.29,330.32,353.44,384.06,
新疆:博尔塔拉:消费品零售,年,,,,,,8.08,6.76,7.63,7.09,8.06,10.52,11.05,12.62,14.76,17.37,18.3,21.2,,29.6,34.46,39.0,40.46,46.17,50.23
,,,,,,,,,,,,,,,,,,,,,,,,,
,,,,,,,,,,,,,,,,,,,,,,,,,
