"点击这里以选择指标，然后再点击""更新""或""下载编辑""按钮更新或新增及移除数列",单位,平均,方差,标准差,偏度,峰度,变异系数,最小,最大,中位数,观测次数,1949,1950,1951,1952,1953,1954,1955,1956,1957,1958,1959,1960,1961,1962,1963,1964,1965,1966,1967,1968,1969,1970,1971,1972,1973,1974,1975,1976,1977,1978,1979,1980,1981,1982,1983,1984,1985,1986,1987,1988,1989,1990,1991,1992,1993,1994,1995,1996,1997,1998,1999,2000,2001,2002,2003,2004,2005,2006,2007,2008,2009,2010,2011,2012,2013,2014,2015,2016,2017,2018
常住人口数:北京,千人,14136.07317,19736764.87,4442.607891,0.598526624,-1.0930762170000001,0.31427454,8715.0,21729.0,12572.0,41,,,,,,,,,,,,,,,,,,,,,,,,,,,,,,8715.0,8971.0,9043.0,9192.0,9350.0,9500.0,9650.0,9810.0,10280.0,10470.0,10610.0,10750.0,10860.0,10940.0,11020.0,11120.0,11250.0,12511.0,12594.0,12400.0,12456.0,12572.0,13636.0,13851.0,14232.0,14564.0,14927.0,15380.0,16010.0,16760.0,17710.0,18600.0,19619.0,20186.0,20693.0,21148.0,21516.0,21705.0,21729.0,21707.0,21542.0
常住人口数:天津,千人,11106.05758,6160341.038,2482.003432,0.812254296,-0.820022962,0.223481953,8190.0,15621.2,10071.8,33,,,,,,,,,,,,,,,,,,,,,,,,,,,,,,,,,,,,,,8190.0,8310.0,8430.0,8560.0,8840.0,9090.0,9200.0,9280.0,9350.0,9420.0,9481.9,9525.9,9566.4,9594.8,10011.4,10040.6,10071.8,10113.0,10236.7,10430.0,10750.0,11150.0,11760.0,12281.6,12992.9,13545.8,14131.5,14722.1,15168.1,15469.5,15621.2,15568.7,15596.0
常住人口数:河北:石家庄,千人,9956.210497,493280.8611,702.3395625,-0.022282239,-1.6300712780000002,0.07054286,8959.4,10951.6,9974.55,18,,,,,,,,,,,,,,,,,,,,,,,,,,,,,,,,,,,,,,,,,,,,,,,,,,,,,8959.4,9039.9,9105.1,9175.5,9273.0,9395.0,9550.5,9664.8,9774.1,10175.0,10279.8,10385.99,10499.8,10616.2,10701.6,10784.6,10879.9,10951.6
常住人口数:河北:唐山,千人,7736.9891689999995,11946.74574,109.3011699,0.031949269,-1.184631468,0.014127094,7582.0,7897.0,7738.1,8,,,,,,,,,,,,,,,,,,,,,,,,,,,,,,,,,,,,,,,,,,,,,,,,,,,,,,,,,,,,,,7582.0,7627.4,7668.51,7708.0,7768.2,7801.2,7843.6,7897.0,
常住人口数:河北:秦皇岛市,千人,3023.8752870000003,5022.626697,70.87049243,-0.11190962900000001,-0.9547778990000001,0.023436976,2904.7,3134.2,3021.578729,13,,,,,,,,,,,,,,,,,,,,,,,,,,,,,,,,,,,,,,,,,,,,,,,,,,,,,,,,,,2904.7,2930.0,2957.4,2978.0,2990.0,3006.2,3021.58,3045.2,3064.5,3073.2,3094.6,3110.8,3134.2
常住人口数:河北:邯郸市,千人,9375.273328,15366.411919999999,123.9613324,-0.171501345,-1.476842323,0.013222157,9188.0,9528.0,9373.9,9,,,,,,,,,,,,,,,,,,,,,,,,,,,,,,,,,,,,,,,,,,,,,,,,,,,,,,,,,,,,,,9188.0,9239.2,9286.36,9325.1,9373.9,9433.0,9492.8,9511.1,9528.0
常住人口数:河北:邢台市,千人,7122.658459,39373.21108,198.4268406,-0.404252722,-1.32315916,0.027858536,6796.0,7374.4,7172.059209999999,14,,,,,,,,,,,,,,,,,,,,,,,,,,,,,,,,,,,,,,,,,,,,,,,,,,,,,,,,,6796.0,6843.0,6884.4,6933.4,6988.8,7114.0,7155.5,7188.62,7216.9,7256.3,7294.4,7319.9,7351.6,7374.4
常住人口数:河北:保定市,千人,11403.569590000001,46675.19156,216.0444203,-0.44539725700000005,-0.346882869,0.018945333,11016.6,11690.5,11416.3,9,,,,,,,,,,,,,,,,,,,,,,,,,,,,,,,,,,,,,,,,,,,,,,,,,,,,,,,,,,,,,11016.6,11208.0,11272.3,11351.43,11416.3,11490.1,11552.4,11634.5,11690.5,
常住人口数:河北:张家口市,千人,4407.180861,854.1142346,29.22523284,-1.21381619,0.532173415,0.006631276,4349.0,4434.0,4420.9,9,,,,,,,,,,,,,,,,,,,,,,,,,,,,,,,,,,,,,,,,,,,,,,,,,,,,,,,,,,,,,,4349.0,4373.7,4393.83,4413.3,4420.9,4421.7,4425.1,4433.1,4434.0
常住人口数:河北:承德市,千人,3524.393636,1089.363095,33.00550098,0.292873898,-0.350721503,0.009364874,3476.0,3578.9,3527.2,9,,,,,,,,,,,,,,,,,,,,,,,,,,,,,,,,,,,,,,,,,,,,,,,,,,,,,,,,,,,,,,3476.0,3489.1,3506.34,3515.1,3527.2,3530.1,3531.8,3565.0,3578.9
常住人口数:河北:沧州市,千人,7373.158223,25658.17653,160.1816985,-0.066925998,-1.510221889,0.021724978,7143.0,7586.0,7375.0,9,,,,,,,,,,,,,,,,,,,,,,,,,,,,,,,,,,,,,,,,,,,,,,,,,,,,,,,,,,,,,,7143.0,7197.7,7243.82,7309.5,7375.0,7443.0,7505.5,7554.9,7586.0
常住人口数:河北:廊坊市,千人,4514.116204,15321.24219,123.7790054,0.7470687420000001,0.162086584,0.02742043,4364.0,4740.9,4495.1,8,,,,,,,,,,,,,,,,,,,,,,,,,,,,,,,,,,,,,,,,,,,,,,,,,,,,,,,,,,,,,,4364.0,4400.3,4439.33,4468.4,4521.8,4563.2,4615.0,4740.9,
常住人口数:河北:衡水市,千人,4372.855961,7817.595798,88.41716914,-0.743895182,-0.856525306,0.020219548,4218.0,4472.0,4398.885765999999,12,,,,,,,,,,,,,,,,,,,,,,,,,,,,,,,,,,,,,,,,,,,,,,,,,,,,,,,,,4218.0,4244.0,4260.3,,,4346.0,4363.9,4389.27,4408.5,4423.4,4435.4,4453.1,4460.4,4472.0
常住人口数:山西:太原市,千人,4101.190636,208087.3271,456.16589860000005,-1.842868278,1.8887182869999999,0.111227675,3153.1,4421.5,4277.69,11,,,,,,,,,,,,,,,,,,,,,,,,,,,,,,,,,,,,,,,,,,,,,,,,,,,,,3153.1,3222.4,,,,,,,,4205.0,4235.35,4256.33,4277.69,4298.9,4318.7,4344.43,4379.7,4421.5
常住人口数:山西:大同市,千人,3390.1420000000003,2122.98253,46.07583456,-0.055777207999999995,-1.131344732,0.013591121999999999,3321.0,3456.0,3391.9,9,,,,,,,,,,,,,,,,,,,,,,,,,,,,,,,,,,,,,,,,,,,,,,,,,,,,,,,,,,,,,,3321.0,3339.73,3357.11,3374.89,3391.9,3406.4,3421.89,3442.35,3456.0
常住人口数:山西:阳泉市,千人,1391.757778,252.91122119999997,15.90318274,-0.063848458,-1.302255999,0.011426688999999999,1368.5020000000002,1414.4,1392.7,9,,,,,,,,,,,,,,,,,,,,,,,,,,,,,,,,,,,,,,,,,,,,,,,,,,,,,,,,,,,,,,1368.5,1374.24,1379.26,1386.03,1392.7,1398.3,1403.59,1408.8,1414.4
常住人口数:山西:长治市,千人,3401.477125,2586.2800260000004,50.85548177,-0.060379006,-1.777917606,0.014950999,3337.0,3468.0,3406.2185,8,,,,,,,,,,,,,,,,,,,,,,,,,,,,,,,,,,,,,,,,,,,,,,,,,,,,,,,,,,,,,,3337.0,3343.0,3361.0,,3392.0,3420.44,3435.38,3455.0,3468.0
常住人口数:山西:晋城市,千人,2257.415778,3254.276864,57.046269499999994,-0.027872992000000003,-1.550915015,0.025270607999999996,2170.7,2343.1,2259.55,18,,,,,,,,,,,,,,,,,,,,,,,,,,,,,,,,,,,,,,,,,,,,,,,,,,,,,2170.7,2183.1,2189.6,2197.1,2205.4,2214.5,2223.3,2232.3,2239.1,2280.0,2285.53,2291.43,2300.57,2308.9,2315.0,2320.86,2333.0,2343.1
常住人口数:山西:朔州市,千人,1712.921364,7725.964339,87.89746492,-1.689829484,1.517651823,0.051314360999999996,1536.0,1781.2,1744.1689999999999,11,,,,,,,,,,,,,,,,,,,,,,,,,,,,,,,,,,,,,,,,,,,,,,,,,,,,,,,,,,,,1536.0,1544.0,1716.0,1725.62,1734.97,1744.17,1753.9,1762.2,1768.1,1775.98,1781.2
常住人口数:山西:晋中市,千人,3318.4040000000005,1921.5123609999998,43.83505858,-0.095005875,-1.10548114,0.013209681000000001,3252.0,3381.5759999999996,3320.308,9,,,,,,,,,,,,,,,,,,,,,,,,,,,,,,,,,,,,,,,,,,,,,,,,,,,,,,,,,,,,,,3252.0,3270.03,3286.79,3304.91,3320.31,3335.69,3348.74,3365.6,3381.58
常住人口数:山西:运城市,千人,5084.8655,26424.81999,162.5571284,-0.110615829,-1.144721613,0.031968816000000004,4810.5,5336.023,5085.5,18,,,,,,,,,,,,,,,,,,,,,,,,,,,,,,,,,,,,,,,,,,,,,,,,,,,,4810.5,4849.0,4885.0,4919.0,4952.0,4985.0,5017.0,5046.0,5076.0,5095.0,5139.0,5166.77,5194.59,5223.92,5252.3,5275.3,5305.18,5336.02,
常住人口数:山西:忻州市,千人,3094.095313,2611.183874,51.09974437,-0.166108976,-0.6353400810000001,0.016515246,2999.0,3172.0,3093.5,16,,,,,,,,,,,,,,,,,,,,,,,,,,,,,,,,,,,,,,,,,,,,,,,,,,,,,,,2999.0,3019.0,3039.0,3056.7,3072.6,3090.3,3096.7,3070.0,3085.04,3099.32,3114.39,3128.5,3141.0,3155.31,3166.66,3172.0
常住人口数:山西:临汾市,千人,4264.454333,27760.92668,166.6161057,-0.104075794,-1.48773962,0.039070909,4001.3,4500.3,4271.3595,18,,,,,,,,,,,,,,,,,,,,,,,,,,,,,,,,,,,,,,,,,,,,,,,,,,,,,4001.3,4031.5,4061.7,4092.0,4120.51,4147.04,4172.16,4198.02,4221.72,4321.0,4344.99,4367.26,4390.84,4414.6,4435.7,4458.05,4481.5,4500.3
常住人口数:山西:吕梁市,千人,3742.835077,14002.01294,118.33010159999998,-0.494683291,-1.296508115,0.031615099,3554.0,3885.6,3771.5759999999996,13,,,,,,,,,,,,,,,,,,,,,,,,,,,,,,,,,,,,,,,,,,,,,,,,,,,,,,,,,,3554.0,3576.0,3598.0,3617.9,3730.0,3751.85,3771.58,3792.86,3813.1,3832.2,3854.87,3878.9,3885.6
常住人口数:内蒙古:呼和浩特市,千人,3017.277778,8123.101944,90.12825275,-0.39110222899999997,-1.217473445,0.029870717999999997,2874.0,3126.0,3030.6,9,,,,,,,,,,,,,,,,,,,,,,,,,,,,,,,,,,,,,,,,,,,,,,,,,,,,,,,,,,,,,,2874.0,2911.9,2948.8,3001.1,3030.6,3059.6,3088.7,3114.8,3126.0
常住人口数:内蒙古:包头市,千人,2704.3769230000003,22537.74192,150.1257537,-0.390930933,-1.28991433,0.055512140999999994,2458.0,2889.0,2731.6,13,,,,,,,,,,,,,,,,,,,,,,,,,,,,,,,,,,,,,,,,,,,,,,,,,,,,,,,,,,2458.0,2496.0,2532.0,2572.0,2656.0,2692.9,2731.6,2766.2,2799.0,2829.0,2857.5,2877.7,2889.0
常住人口数:内蒙古:乌海市,千人,520.4733333,1675.2078099999999,40.92930258,-0.42379543799999997,-1.819150379,0.078638616,459.1,563.3,541.4,15,,,,,,,,,,,,,,,,,,,,,,,,,,,,,,,,,,,,,,,,,,,,,,,,,,,,,,,,459.1,465.0,470.1,477.0,482.7,487.6,530.0,541.4,548.4,553.1,554.2,555.8,558.3,561.1,563.3
常住人口数:内蒙古:赤峰市,千人,4332.55,1008.7165380000001,31.76029815,0.96451213,-0.451084913,0.007330625,4299.5,4393.0,4320.65,14,,,,,,,,,,,,,,,,,,,,,,,,,,,,,,,,,,,,,,,,,,,,,,,,,,,,,,,,,4393.0,4385.3,4376.6,4351.0,4328.0,4338.0,4319.3,4313.0,4306.2,4303.8,4299.5,4305.2,4314.8,4322.0
常住人口数:内蒙古:通辽市,千人,3117.3076920000003,399.70743589999995,19.99268456,-0.758747488,-1.131634401,0.006413446,3082.6,3140.0,3124.8,13,,,,,,,,,,,,,,,,,,,,,,,,,,,,,,,,,,,,,,,,,,,,,,,,,,,,,,,,,,3091.0,3094.6,3090.7,3082.6,3140.0,3136.4,3132.5,3125.7,3124.0,3120.8,3124.8,3128.7,3133.2
常住人口数:内蒙古:鄂尔多斯市,千人,1832.9666670000001,63441.53095,251.876023,-0.47451047700000004,-1.885684655,0.137414405,1466.6,2078.4,1999.3,15,,,,,,,,,,,,,,,,,,,,,,,,,,,,,,,,,,,,,,,,,,,,,,,,,,,,,,,,1466.6,1495.0,1515.0,1548.0,1591.0,1625.4,1950.0,1999.3,2004.2,2017.5,2035.0,2045.1,2055.3,2068.7,2078.4
常住人口数:内蒙古:呼伦贝尔市,千人,2532.8,40.5175,6.3653358120000005,1.334579013,1.185913346,0.002513162,2526.5,2546.0,2530.1,9,,,,,,,,,,,,,,,,,,,,,,,,,,,,,,,,,,,,,,,,,,,,,,,,,,,,,,,,,,,,,,2546.0,2539.7,2534.7,2531.9,2529.5,2526.5,2527.6,2529.2,2530.1
常住人口数:内蒙古:巴彦淖尔市,千人,1698.987667,939.8689244999999,30.65728175,0.35175812700000003,-1.883812772,0.01804444,1663.3,1741.9,1684.8,15,,,,,,,,,,,,,,,,,,,,,,,,,,,,,,,,,,,,,,,,,,,,,,,,,,,,,,,,1723.8,1732.0,1736.1,1741.9,1738.0,1733.0,1669.92,1663.3,1669.2,1670.6,1672.0,1677.0,1683.2,1684.8,1690.0
常住人口数:内蒙古:乌兰察布市,千人,2117.966667,231.595,15.21824563,0.116798426,-1.177113307,0.007185309,2096.1,2141.0,2117.1,9,,,,,,,,,,,,,,,,,,,,,,,,,,,,,,,,,,,,,,,,,,,,,,,,,,,,,,,,,,,,,,2141.0,2134.6,2129.4,2123.0,2117.1,2111.3,2106.7,2102.5,2096.1
常住人口数:辽宁:沈阳市,千人,8155.5171,37311.06637,193.16072680000002,-1.4723533880000002,0.92669353,0.023684669,7760.0,8294.0,8242.5,10,,,,,,,,,,,,,,,,,,,,,,,,,,,,,,,,,,,,,,,,,,,,,,,,,,,,,,,,,,,,7760.0,7860.0,8106.17,8180.0,8228.0,8257.0,8287.0,8291.0,8292.0,8294.0,
常住人口数:辽宁:大连市,千人,6373.054,169428.5788,411.6170292,0.724679698,-1.683725985,0.064587093,6015.0,6987.0,6150.0,8,,,,,,,,,,,,,,,,,,,,,,,,,,,,,,,,,,,,,,,,,,,,,,,,,,,,,,,,6015.0,6020.0,,6080.0,6130.0,6170.0,6690.43,,6892.0,,,6987.0,,,
常住人口数:辽宁:鞍山市,千人,3631.942,388.75872799999996,19.71696549,,,0.005428766999999999,3618.0,3645.884,3631.942,2,,,,,,,,,,,,,,,,,,,,,,,,,,,,,,,,,,,,,,,,,,,,,,,,,,,,,,,,,,,,,,3645.88,,3618.0,,,,,,
常住人口数:辽宁:抚顺市,千人,2120.045,651.24405,25.51948373,,,0.012037237,2102.0,2138.09,2120.045,2,,,,,,,,,,,,,,,,,,,,,,,,,,,,,,,,,,,,,,,,,,,,,,,,,,,,,,,,,,,,,,2138.09,,2102.0,,,,,,
常住人口数:辽宁:本溪市,千人,1720.2136670000002,85.67854633,9.256270649,-1.7137697769999998,,0.005380884,1709.5379999999998,1726.0,1725.1029999999998,3,,,,,,,,,,,,,,,,,,,,,,,,,,,,,,,,,,,,,,,,,,,,,,,,,,,,,,,,,,,,,,1709.54,1725.1,1726.0,,,,,,
常住人口数:辽宁:丹东市,千人,2413.17425,871.1927856000001,29.51597509,0.017855326,-4.092868609,0.012231183,2382.0,2444.697,2413.0,4,,,,,,,,,,,,,,,,,,,,,,,,,,,,,,,,,,,,,,,,,,,,,,,,,,,,,,,,,,,,,,2444.7,,2431.0,,,,,2395.0,2382.0
常住人口数:辽宁:锦州市,千人,3111.7315,434.0341845,20.83348709,,,0.006695143000000001,3097.0,3126.4629999999997,3111.7315,2,,,,,,,,,,,,,,,,,,,,,,,,,,,,,,,,,,,,,,,,,,,,,,,,,,,,,,,,,,,,,,3126.46,,3097.0,,,,,,
常住人口数:辽宁:营口市,千人,2438.647714,36.7780699,6.064492551,-0.72696327,-0.262572346,0.002486826,2428.534,2446.0,2440.0,7,,,,,,,,,,,,,,,,,,,,,,,,,,,,,,,,,,,,,,,,,,,,,,,,,,,,,,,,,,,,,,2428.53,,2442.0,,2446.0,2443.0,2440.0,2438.0,2433.0
常住人口数:辽宁:阜新市,千人,1791.4678,329.00118419999995,18.13838979,1.047723597,0.24518927399999998,0.010124876,1775.0,1819.339,1786.0,5,,,,,,,,,,,,,,,,,,,,,,,,,,,,,,,,,,,,,,,,,,,,,,,,,,,,,,,,,,,,,,1819.34,,1799.0,,1786.0,1778.0,1775.0,,
常住人口数:辽宁:辽阳市,千人,1845.692,189.547456,13.76762347,-0.126964925,-4.887821559,0.007459329000000001,1831.0,1858.7679999999998,1846.5,4,,,,,,,,,,,,,,,,,,,,,,,,,,,,,,,,,,,,,,,,,,,,,,,,,,,,,,,,,,,,,,1858.77,,1856.0,,,,,1837.0,1831.0
常住人口数:辽宁:盘锦市,千人,1422.164333,664.2910163,25.77384365,-1.68523611,,0.018122971,1392.493,1439.0,1435.0,3,,,,,,,,,,,,,,,,,,,,,,,,,,,,,,,,,,,,,,,,,,,,,,,,,,,,,,,,,,,,,,1392.49,,1435.0,,,,,,1439.0
常住人口数:辽宁:铁岭市,千人,2698.366,750.083912,27.38765985,,,0.01014972,2679.0,2717.732,2698.366,2,,,,,,,,,,,,,,,,,,,,,,,,,,,,,,,,,,,,,,,,,,,,,,,,,,,,,,,,,,,,,,2717.73,,2679.0,,,,,,
常住人口数:辽宁:朝阳市,千人,3017.8205,1438.678441,37.92991485,,,0.012568645,2991.0,3044.6409999999996,3017.8205,2,,,,,,,,,,,,,,,,,,,,,,,,,,,,,,,,,,,,,,,,,,,,,,,,,,,,,,,,,,,,,,3044.64,,2991.0,,,,,,
常住人口数:辽宁:葫芦岛市,千人,2609.7705,379.2533405,19.47442786,,,0.007462123,2596.0,2623.5409999999997,2609.7705,2,,,,,,,,,,,,,,,,,,,,,,,,,,,,,,,,,,,,,,,,,,,,,,,,,,,,,,,,,,,,,,2623.54,,2596.0,,,,,,
常住人口数:黑龙江:哈尔滨市,千人,10487.64275,264741.0888,514.5299688,-1.561162845,2.9303262039999995,0.049060593,9743.6,10929.0,10638.9855,4,,,,,,,,,,,,,,,,,,,,,,,,,,,,,,,,,,,,,,,,,,,,,,,,,,,,,,,,,9743.6,,,,,10635.97,10642.0,,,,,,10929.0,
常住人口数:黑龙江:齐齐哈尔市,千人,5368.5015,4.4910045,2.119199023,,,0.000394747,5367.003000000001,5370.0,5368.5015,2,,,,,,,,,,,,,,,,,,,,,,,,,,,,,,,,,,,,,,,,,,,,,,,,,,,,,,,,,,,,,,5367.0,5370.0,,,,,,,
常住人口数:黑龙江:双鸭山市,千人,1488.442,499.871892,22.35781501,-1.731699984,,0.015020951000000001,1462.626,1501.5,1501.2,3,,,,,,,,,,,,,,,,,,,,,,,,,,,,,,,,,,,,,,,,,,,,,,,,,,,,,,,,,,,1501.2,1501.5,,1462.63,,,,,,,,
常住人口数:黑龙江:七台河市,千人,905.9236667000001,171.3211803,13.08897171,1.176588294,,0.014448206000000002,895.1,920.471,902.2,3,,,,,,,,,,,,,,,,,,,,,,,,,,,,,,,,,,,,,,,,,,,,,,,,,,,,,,,,,,,895.1,902.2,,920.47,,,,,,,,
常住人口数:黑龙江:绥化市,千人,5419.5765,4.0527045,2.013133006,,,0.000371456,5418.153,5421.0,5419.5765,2,,,,,,,,,,,,,,,,,,,,,,,,,,,,,,,,,,,,,,,,,,,,,,,,,,,,,,,,,,,,,,5418.15,5421.0,,,,,,,
常住人口数:上海,千人,16876.8441,22006996.82,4691.161564999999,0.492062141,-1.327950757,0.277964383,11040.0,24256.8,15270.0,41,,,,,,,,,,,,,,,,,,,,,,,,,,,,,,11040.0,11370.0,11520.0,11680.0,11860.0,12010.0,12170.0,12330.0,12490.0,12650.0,12880.0,13110.0,13340.0,13500.0,13650.0,13810.0,13980.0,14140.0,14510.0,14890.0,15270.0,15670.0,16086.0,16683.3,17129.7,17658.4,18349.8,18902.6,19641.1,20635.8,21406.5,22102.8,23026.61,23474.6,23804.3,24151.5,24256.8,24152.7,24197.0,24183.3,24237.8
常住人口数:江苏:南京市,千人,7742.157459,410343.2894,640.5804316000001,-0.90240644,-0.46757178899999996,0.082739267,6430.0,8436.2,8058.55,16,,,,,,,,,,,,,,,,,,,,,,,,,,,,,,,,,,,,,,,,,,,,,,,,,,,,,,,6430.0,6681.8,6898.0,7190.6,7413.0,7588.9,7713.1,8008.0,8109.1,8161.02,8187.8,8216.1,8235.9,8270.0,8335.0,8436.2
常住人口数:江苏:无锡市,千人,6296.941868999999,93126.13324,305.1657472,-1.241749707,0.605542464,0.048462532,5595.0,6574.5,6448.843085,14,,,,,,,,,,,,,,,,,,,,,,,,,,,,,,,,,,,,,,,,,,,,,,,,,,,,,,,,,5595.0,5841.7,5992.1,6107.3,6195.7,6376.0,6432.2,6465.49,6484.1,6500.1,6511.0,6529.0,6553.0,6574.5
常住人口数:江苏:徐州市,千人,8668.338940000001,5754.456127,75.85813158,0.085687149,-0.965174447,0.008751173000000001,8564.106223,8802.0,8681.9,13,,,,,,,,,,,,,,,,,,,,,,,,,,,,,,,,,,,,,,,,,,,,,,,,,,,,,,,,,,8720.7,8711.2,8692.1,8681.9,8582.0,8572.6,8564.11,8591.0,8628.3,8669.0,8710.0,8763.5,8802.0
常住人口数:江苏:常州市,千人,4587.621716,26454.79778,162.6493092,-1.055794457,-0.38455202899999996,0.03545395,4256.9,4729.0,4686.782304,13,,,,,,,,,,,,,,,,,,,,,,,,,,,,,,,,,,,,,,,,,,,,,,,,,,,,,,,,,,4256.9,4350.0,4407.0,4452.0,4593.0,4649.7,4686.78,4692.1,4696.0,4701.0,4708.3,4717.3,4729.0
常住人口数:江苏:苏州市,千人,10059.17723,779476.8013,882.879834,-1.30371916,0.369446461,0.087768593,8098.6,10721.7,10549.06394,13,,,,,,,,,,,,,,,,,,,,,,,,,,,,,,,,,,,,,,,,,,,,,,,,,,,,,,,,,,8098.6,8821.2,9126.5,9369.5,10469.0,10518.7,10549.06,10578.7,10591.0,10616.0,10625.74,10683.6,10721.7
常住人口数:江苏:南通市,千人,7304.721090999999,11085.40767,105.28726259999999,0.5349014,0.490064601,0.014413591000000002,7133.7,7523.7,7298.0,17,,,,,,,,,,,,,,,,,,,,,,,,,,,,,,,,,,,,,,,,,,,,,,,,,,,,7523.7,,,7483.8,7457.8,7322.8,7249.3,7179.5,7147.7,7133.7,7282.84,7289.1,7297.32,7297.7,7298.0,7300.0,7302.0,7305.0,7310.0
常住人口数:江苏:连云港市,千人,4471.493115,2999.022322,54.76333008,0.13972343,-0.708762067,0.012247213,4386.1,4572.8,4469.8,15,,,,,,,,,,,,,,,,,,,,,,,,,,,,,,,,,,,,,,,,,,,,,,,,,,,,,,,,4572.8,4544.0,4505.2,4469.8,4455.6,4446.5,4397.0,4386.1,4406.9,4428.3,4451.7,4473.7,4496.4,4518.4,4520.0
常住人口数:江苏:淮安市,千人,4854.625394,2172.987854,46.61531779999999,0.417434879,-1.3937347709999999,0.009602248,4803.030119,4925.0,4852.1,13,,,,,,,,,,,,,,,,,,,,,,,,,,,,,,,,,,,,,,,,,,,,,,,,,,,,,,,,,,4924.3,4857.2,4823.3,4814.9,4804.0,4803.4,4803.03,4826.9,4852.1,4872.0,4890.0,4914.0,4925.0
常住人口数:江苏:盐城市,千人,7333.5778390000005,28584.10917,169.0683565,1.18416647,-0.170218728,0.023054007,7200.0,7687.3,7237.4,13,,,,,,,,,,,,,,,,,,,,,,,,,,,,,,,,,,,,,,,,,,,,,,,,,,,,,,,,,,7687.3,7579.2,7522.2,7481.8,7264.0,7237.4,7216.31,7219.8,7222.8,7228.5,7235.0,7242.2,7200.0
常住人口数:江苏:扬州市,千人,4479.911511,468.55249050000003,21.64607333,1.250598893,1.181517275,0.004831808,4459.1,4531.0,4471.2,13,,,,,,,,,,,,,,,,,,,,,,,,,,,,,,,,,,,,,,,,,,,,,,,,,,,,,,,,,,4459.1,4459.7,4471.2,4495.5,4461.0,4463.0,4467.25,4470.0,4477.9,4483.6,4491.4,4508.2,4531.0
常住人口数:江苏:镇江市,千人,3123.481824,4815.24711,69.3919816,-0.817254002,-0.8654988709999999,0.022216227,2995.6,3196.4,3154.763711,13,,,,,,,,,,,,,,,,,,,,,,,,,,,,,,,,,,,,,,,,,,,,,,,,,,,,,,,,,,2995.6,3019.3,3040.0,3069.0,3115.0,3134.3,3154.76,3165.4,3171.4,3176.5,3181.3,3186.3,3196.4
常住人口数:江苏:泰州市,千人,4637.578762,549.421702,23.4397462,-0.433275344,2.9303616630000002,0.005054307,4580.2,4685.0,4635.8,14,,,,,,,,,,,,,,,,,,,,,,,,,,,,,,,,,,,,,,,,,,,,,,,,,,,,,,,,,4685.0,4634.5,4580.2,4635.9,4666.1,4621.0,4626.0,4629.8,4634.0,4638.6,4641.6,4645.8,4651.9,4635.7
常住人口数:江苏:宿迁市,千人,4822.490019,4755.437316,68.95967892,-0.047885508,-1.202154709,0.0142996,4723.0,4925.9,4819.1,13,,,,,,,,,,,,,,,,,,,,,,,,,,,,,,,,,,,,,,,,,,,,,,,,,,,,,,,,,,4887.1,4810.3,4746.5,4725.1,4723.0,4766.4,4797.97,4819.1,4843.2,4853.8,4879.4,4914.6,4925.9
常住人口数:浙江:杭州市,千人,8366.22,1123298.683,1059.85786,-1.080319787,0.7634314390000001,0.126683001,6157.5,9806.0,8738.0,15,,,,,,,,,,,,,,,,,,,,,,,,,,,,,,,,,,,,,,,,,,,,,,,,,,,6157.5,6215.8,,,,,,7731.0,7862.0,7966.0,8100.0,8705.0,8738.0,8802.0,8844.0,8892.0,9018.0,9188.0,9468.0,9806.0
常住人口数:浙江:宁波市,千人,7806.555556,39951.027780000004,199.8775319,0.989128978,0.41592511200000004,0.025603806,7611.0,8202.0,7811.0,9,,,,,,,,,,,,,,,,,,,,,,,,,,,,,,,,,,,,,,,,,,,,,,,,,,,,,,,,,,,,,,7611.0,7628.0,7639.0,7663.0,7811.0,7825.0,7875.0,8005.0,8202.0
常住人口数:浙江:温州市,千人,8715.0,393757.3846,627.5009041000001,-0.697570383,-1.6890100780000001,0.07200239900000001,7777.0,9250.0,9126.0,14,,,,,,,,,,,,,,,,,,,,,,,,,,,,,,,,,,,,,,,,,,,,,,,,,,,,,,,,,7777.0,7802.0,7901.0,7998.0,8076.0,9135.0,9143.0,9156.0,9197.0,9068.0,9117.0,9175.0,9215.0,9250.0
常住人口数:浙江:嘉兴市,千人,4095.065,320494.6445,566.1224642000001,-0.599412394,-1.442975229,0.13824505,3280.5,4726.0,4272.0,20,,,,,,,,,,,,,,,,,,,,,,,,,,,,,,,,,,,,,,,,,,,,,,,,3280.5,3292.9,3299.1,3301.9,3312.6,3319.3,,,,3996.0,4080.0,4186.0,4232.0,4312.0,4505.0,4531.0,4544.0,4558.0,4570.0,4585.0,4614.0,4656.0,4726.0
常住人口数:浙江:湖州市,千人,2943.388889,2194.986111,46.85067888,0.723132873,-0.6902519559999999,0.015917258,2893.5,3027.0,2930.0,9,,,,,,,,,,,,,,,,,,,,,,,,,,,,,,,,,,,,,,,,,,,,,,,,,,,,,,,,,,,,,,2893.5,2899.0,2905.0,2916.0,2930.0,2950.0,2975.0,2995.0,3027.0
常住人口数:浙江:绍兴市,千人,4966.222222,1491.944444,38.62569669,0.60425187,-0.267494457,0.007777681999999999,4913.0,5035.0,4956.0,9,,,,,,,,,,,,,,,,,,,,,,,,,,,,,,,,,,,,,,,,,,,,,,,,,,,,,,,,,,,,,,4913.0,4934.0,4943.0,4949.0,4956.0,4968.0,4988.0,5010.0,5035.0
常住人口数:浙江:金华市,千人,5462.0,6842.25,82.71789407,0.707174477,-0.78425027,0.01514425,5366.0,5604.0,5437.0,9,,,,,,,,,,,,,,,,,,,,,,,,,,,,,,,,,,,,,,,,,,,,,,,,,,,,,,,,,,,,,,5366.0,5386.0,5399.0,5428.0,5437.0,5454.0,5520.0,5564.0,5604.0
常住人口数:浙江:衢州市,千人,2165.225,2243.789318,47.36865333,0.42416659700000003,-1.781512274,0.021877012,2119.0,2235.0,2147.5,12,,,,,,,,,,,,,,,,,,,,,,,,,,,,,,,,,,,,,,,,,,,,,,,,,,,,,,,,,,,2220.0,2229.0,2235.0,2122.7,2119.0,2120.0,2124.0,2124.0,2133.0,2162.0,2185.0,2209.0
常住人口数:浙江:舟山市,千人,1124.108333,2187.195379,46.76746068,-1.06214709,-0.313656431,0.041604051,1035.0,1173.0,1141.0,12,,,,,,,,,,,,,,,,,,,,,,,,,,,,,,,,,,,,,,,,,,,,,,,,,,,,,,,,,,,1035.0,1054.0,1063.0,1121.3,1137.0,1140.0,1142.0,1146.0,1152.0,1158.0,1168.0,1173.0
常住人口数:浙江:台州市,千人,6046.333333,3137.0,56.00892786,0.563043925,-0.823764898,0.009263288,5974.0,6139.0,6038.0,9,,,,,,,,,,,,,,,,,,,,,,,,,,,,,,,,,,,,,,,,,,,,,,,,,,,,,,,,,,,,,,5974.0,5999.0,6005.0,6038.0,6015.0,6049.0,6080.0,6118.0,6139.0
常住人口数:浙江:丽水市,千人,2143.666667,1012.0,31.81194744,0.926731049,-0.761947887,0.014839969,2116.0,2199.0,2131.0,9,,,,,,,,,,,,,,,,,,,,,,,,,,,,,,,,,,,,,,,,,,,,,,,,,,,,,,,,,,,,,,2118.0,2116.0,2117.0,2122.0,2131.0,2139.0,2165.0,2186.0,2199.0
常住人口数:安徽:合肥市,千人,7084.390909000001,1410897.9009999998,1187.812233,-1.185025706,-0.46793565200000004,0.167666105,5010.0,8087.0,7611.0,11,,,,,,,,,,,,,,,,,,,,,,,,,,,,,,,,,,,,,,,,,,,,,,,,,,,,,,,,,,,,5010.0,5100.0,5708.0,7520.0,7572.0,7611.0,7696.0,7790.0,7869.0,7965.3,8087.0
常住人口数:安徽:芜湖市,千人,3343.688889,365567.6211,604.6218828,-1.582718041,0.678449565,0.18082480199999998,2264.0,3748.0,3617.0,9,,,,,,,,,,,,,,,,,,,,,,,,,,,,,,,,,,,,,,,,,,,,,,,,,,,,,,,,,,,,,2300.0,2264.0,3566.0,3578.0,,3617.0,3654.0,3670.0,3696.2,3748.0
常住人口数:安徽:蚌埠市,千人,3250.5875,5968.875536,77.25849815,0.535602929,-1.104221729,0.023767549,3169.0,3376.7,3239.0,8,,,,,,,,,,,,,,,,,,,,,,,,,,,,,,,,,,,,,,,,,,,,,,,,,,,,,,,,,,,,,,3169.0,3176.0,3183.0,3220.0,3258.0,3291.0,3331.0,3376.7,
常住人口数:安徽:淮南市,千人,2532.781357,272714.0374,522.2202959,1.403551141,0.295297866,0.206184515,2081.0389999999998,3490.0,2338.0,14,,,,,,,,,,,,,,,,,,,,,,,,,,,,,,,,,,,,,,,,,,,,,,,,,,,,,2081.04,2101.5,2118.4,,,,,2290.0,2300.0,2337.0,2330.0,2339.0,2357.0,2375.0,2397.0,3456.0,3487.0,3490.0
常住人口数:安徽:马鞍山市,千人,2151.511111,89064.25111,298.4363435,-2.8358743389999996,8.291219096,0.13871011,1367.0,2337.0,2229.0,9,,,,,,,,,,,,,,,,,,,,,,,,,,,,,,,,,,,,,,,,,,,,,,,,,,,,,,,,,,,,,,1367.0,2188.0,2195.0,2208.0,2229.0,2262.0,2276.0,2301.6,2337.0
常住人口数:安徽:淮北市,千人,2133.069231,5035.4956409999995,70.96122632,0.222410928,-1.045047221,0.033267193,2040.0,2254.0,2123.0,13,,,,,,,,,,,,,,,,,,,,,,,,,,,,,,,,,,,,,,,,,,,,,,,,,,,,,,,,,,2040.0,2050.0,2050.0,2060.0,2117.0,2120.0,2123.0,2142.0,2159.0,2179.0,2208.0,2227.9,2254.0
常住人口数:安徽:铜陵市,千人,966.9818182,172270.0836,415.05431410000006,1.184492202,-0.763078817,0.429226596,684.8,1629.0,736.0,11,,,,,,,,,,,,,,,,,,,,,,,,,,,,,,,,,,,,,,,,,,,,,,,,,,,,684.8,,,,,710.0,,,,,724.0,730.0,734.0,736.0,738.0,742.0,1601.0,1608.0,1629.0
常住人口数:安徽:安庆市,千人,5439.216667000001,321500.667,567.0102882,-0.337197707,-1.390302564,0.104244843,4612.0,6102.7,5348.0,12,,,,,,,,,,,,,,,,,,,,,,,,,,,,,,,,,,,,,,,,,,,,,,,5900.0,5950.0,6002.0,6053.0,6102.7,,,,,,,,,,,5315.0,5306.0,5320.0,,5376.0,,4612.0,4642.9,4691.0
常住人口数:安徽:黄山市,千人,1369.4555560000001,342.9227778,18.51817426,1.02852089,0.750251131,0.013522289,1349.0,1407.0,1363.0,9,,,,,,,,,,,,,,,,,,,,,,,,,,,,,,,,,,,,,,,,,,,,,,,,,,,,,,,,,,,,,,1360.0,1349.0,1353.0,1356.0,1363.0,1373.7,1379.0,1384.4,1407.0
常住人口数:安徽:滁州市,千人,4028.183333,5873.894242,76.64133508,-0.047876027,-1.9026678680000002,0.019026278,3931.0,4120.0,4030.5,12,,,,,,,,,,,,,,,,,,,,,,,,,,,,,,,,,,,,,,,,,,,,,,,,,,,,,,,,,,,4110.0,4120.0,4110.0,3941.0,3931.0,3945.0,3945.0,3985.0,4017.0,4044.0,4076.2,4114.0
常住人口数:安徽:阜阳市,千人,8104.6,125483.28,354.2361924,-0.056205310999999994,-1.309827772,0.043708040999999996,7614.0,8690.0,8149.8,16,,,,,,,,,,,,,,,,,,,,,,,,,,,,,,,,,,,,,,,,,,,,,,,,,,,,,,,8360.0,8690.0,8570.0,8410.0,8360.0,8360.0,8320.0,7614.0,7620.0,7639.0,7716.0,7823.0,7901.0,7991.0,8092.6,8207.0
常住人口数:安徽:宿州市,千人,5588.373333,22421.59781,149.7384313,-0.35872289799999996,-1.226886513,0.026794636,5362.0,5820.0,5656.9,15,,,,,,,,,,,,,,,,,,,,,,,,,,,,,,,,,,,,,,,,,,,,,,,,,,,,,,,,5820.0,5740.0,5720.0,5690.0,5690.0,5660.0,5362.0,5370.0,5378.0,5431.0,5486.0,5541.0,5599.3,5656.9,5681.4
常住人口数:安徽:六安市,千人,5602.407692,241463.4774,491.3893339,-0.900332362,-0.502286778,0.087710385,4772.0,6100.0,5683.0,13,,,,,,,,,,,,,,,,,,,,,,,,,,,,,,,,,,,,,,,,,,,,,,,,,,,,,,,,,,6100.0,6090.0,6090.0,6050.0,5618.0,5640.0,5651.0,5683.0,5725.0,5775.0,4772.0,4800.3,4837.0
常住人口数:安徽:亳州市,千人,5039.138462,13327.982559999999,115.446882,-0.163164076,-0.80379084,0.022910043999999997,4861.0,5237.0,5080.0,13,,,,,,,,,,,,,,,,,,,,,,,,,,,,,,,,,,,,,,,,,,,,,,,,,,,,,,,,,,5080.0,5100.0,5110.0,5080.0,4861.0,4880.0,4895.0,4950.0,4996.0,5047.0,5104.0,5168.8,5237.0
常住人口数:安徽:池州市,千人,1426.04,431.6825714,20.77697214,0.458981488,1.0254224859999999,0.014569698,1390.0,1474.0,1430.0,15,,,,,,,,,,,,,,,,,,,,,,,,,,,,,,,,,,,,,,,,,,,,,,,,,,,,1390.0,,1400.0,,,,1430.0,1430.0,1430.0,1420.0,1403.0,1414.0,1419.0,1422.3,1430.0,1436.0,1443.0,1449.3,1474.0
常住人口数:安徽:宣城市,千人,2589.066667,1770.089697,42.07243393,0.986222945,0.738387373,0.016250038999999997,2534.0,2680.0,2580.0,12,,,,,,,,,,,,,,,,,,,,,,,,,,,,,,,,,,,,,,,,,,,,,,,,,,,,,,,,2680.0,,,,2580.0,2580.0,2534.0,2547.0,2556.0,2563.0,2574.0,2592.0,2601.0,2613.8,2648.0
常住人口数:福建:福州市,千人,7113.835625,162008.6296,402.5029561,0.076726447,-1.515369868,0.0565803,6560.0,7740.0,7157.685,16,,,,,,,,,,,,,,,,,,,,,,,,,,,,,,,,,,,,,,,,,,,,,,,,,,,,,,,6560.0,6600.0,6666.0,6710.0,6760.0,6830.0,6870.0,7115.37,7200.0,7270.0,7340.0,7430.0,7500.0,7570.0,7660.0,7740.0
常住人口数:福建:厦门市,千人,3214.7368420000003,446226.3158,668.0017334,-0.384628889,-1.274612059,0.207793597,2050.0,4110.0,3300.0,19,,,,,,,,,,,,,,,,,,,,,,,,,,,,,,,,,,,,,,,,,,,,,,,,,,,,2050.0,2190.0,2320.0,2450.0,2580.0,2730.0,2880.0,3040.0,3260.0,3300.0,3560.0,3610.0,3670.0,3730.0,3810.0,3860.0,3920.0,4010.0,4110.0
常住人口数:福建:莆田市,千人,2824.562069,5549.039581,74.49187594,-0.356496906,0.5661435429999999,0.026372893999999997,2625.0,2967.5,2830.0,29,,,,,,,,,,,,,,,,,,,,,,,,,,,,,,,,,,,,,,,,,,2625.0,2740.0,2760.0,2811.0,2837.0,2866.0,2892.4,2923.5,2948.5,2967.5,2727.9,2736.5,2746.5,2762.0,2790.0,2810.0,2820.0,2830.0,2840.0,2860.0,2778.5,2790.0,2810.0,2830.0,2850.0,2870.0,2890.0,2900.0,2900.0
常住人口数:福建:三明市,千人,2576.5215559999997,2889.859187,53.75741053,-0.222455735,-1.677862189,0.020864336,2503.388,2640.0,2585.0,18,,,,,,,,,,,,,,,,,,,,,,,,,,,,,,,,,,,,,,,,,,,,,,,,,,,,,2590.0,2600.0,2620.0,2630.0,2640.0,2640.0,2620.0,2630.0,2640.0,2503.39,2510.0,2504.0,2510.0,2510.0,2530.0,2550.0,2570.0,2580.0
常住人口数:福建:泉州市,千人,8042.1052629999995,194961.9883,441.54500139999993,-0.148225831,-1.147224545,0.054904155999999996,7280.0,8700.0,8080.0,19,,,,,,,,,,,,,,,,,,,,,,,,,,,,,,,,,,,,,,,,,,,,,,,,,,,,7280.0,7390.0,7490.0,7570.0,7660.0,7740.0,7830.0,7910.0,7970.0,8080.0,8140.0,8210.0,8290.0,8360.0,8440.0,8510.0,8580.0,8650.0,8700.0
常住人口数:福建:漳州市,千人,4847.399,26071.97949,161.4681996,0.38129896700000004,-0.963197767,0.033310276,4618.4,5140.0,4809.983,17,,,,,,,,,,,,,,,,,,,,,,,,,,,,,,,,,,,,,,,,,,,,,,,,,,,,,,4618.4,4640.0,4680.0,4700.0,4720.0,4747.4,4770.0,4800.0,4809.98,4840.0,4900.0,4930.0,4960.0,5000.0,5050.0,5100.0,5140.0
常住人口数:福建:南平市,千人,2758.863833,13486.576219999999,116.1317192,-0.003657108,-2.07413422,0.042094038,2620.0,2900.0,2757.0,18,,,,,,,,,,,,,,,,,,,,,,,,,,,,,,,,,,,,,,,,,,,,,,,,,,,,,2824.0,2840.0,2860.0,2870.0,2880.0,2880.0,2880.0,2890.0,2900.0,2645.55,2650.0,2630.0,2620.0,2620.0,2640.0,2660.0,2680.0,2690.0
常住人口数:福建:龙岩市,千人,2671.303,6519.631421,80.74423459999998,-0.003665334,-1.783843308,0.030226535,2559.545,2780.0,2640.0,15,,,,,,,,,,,,,,,,,,,,,,,,,,,,,,,,,,,,,,,,,,,,,,,,,,,,,,,2720.0,2730.0,2740.0,2750.0,2760.0,2770.0,2780.0,2559.55,,2570.0,2580.0,2590.0,2610.0,2630.0,2640.0,2640.0
常住人口数:福建:宁德市,千人,2940.12475,9101.646334000001,95.40254889,0.099827684,-2.013642181,0.03244847,2821.9959999999996,3050.0,2905.0,16,,,,,,,,,,,,,,,,,,,,,,,,,,,,,,,,,,,,,,,,,,,,,,,,,,,,,,,3030.0,3050.0,3050.0,3040.0,3050.0,3030.0,3040.0,2822.0,2830.0,2840.0,2840.0,2850.0,2870.0,2890.0,2900.0,2910.0
常住人口数:江西:南昌市,千人,5019.792429,134105.9207,366.20475239999996,-0.220743629,-1.5404557859999999,0.07295217,4516.1,5545.5,5110.28,14,,,,,,,,,,,,,,,,,,,,,,,,,,,,,,,,,,,,,,,,,,,,,,,,,,,,,,,,,4516.1,4545.4,4580.6,4615.2,4648.9,5042.57,5089.0,5131.56,5184.23,5240.2,5302.9,5371.4,5463.54,5545.5
常住人口数:江西:景德镇市,千人,1631.070222,882.4567824,29.70617415,0.015327631999999999,-1.261643941,0.018212689,1587.477,1673.213,1629.754,9,,,,,,,,,,,,,,,,,,,,,,,,,,,,,,,,,,,,,,,,,,,,,,,,,,,,,,,,,,,,,,1587.48,1599.45,1609.97,1619.46,1629.75,1640.52,1654.9,1664.9,1673.21
常住人口数:江西:萍乡市,千人,1890.5214,728.5705309,26.9920457,0.358693384,-1.222087587,0.014277567,1854.51,1933.2,1885.7685,10,,,,,,,,,,,,,,,,,,,,,,,,,,,,,,,,,,,,,,,,,,,,,,,,,,,,,,,,,,,,,1864.2,1854.51,1867.51,1873.96,1881.54,1890.0,1901.1,1914.2,1925.0,1933.2
常住人口数:江西:九江市,千人,4726.315579,12259.23644,110.7214362,-0.39031668399999997,-0.8602972170000001,0.023426586,4527.9,4896.8,4755.6,19,,,,,,,,,,,,,,,,,,,,,,,,,,,,,,,,,,,,,,,,,,,,,,,,,,,4547.9,,4527.9,4567.4,4600.8,4632.3,4661.0,4691.5,4721.7,4755.6,4789.5,4728.76,4762.68,4773.13,4789.45,4806.9,4825.8,4847.6,4873.28,4896.8
常住人口数:江西:新余市,千人,1138.554611,856.6826599999999,29.26914177,-0.049203280999999995,-0.9646707170000001,0.02570728,1088.5,1186.7,1139.95,18,,,,,,,,,,,,,,,,,,,,,,,,,,,,,,,,,,,,,,,,,,,,,,,,,,,,,1088.5,1096.1,1103.0,1110.9,1115.9,1119.1,1125.8,1132.6,1140.3,1139.6,1147.0,1150.96,1155.62,1160.8,1166.7,1173.7,1180.7,1186.7
常住人口数:江西:鹰潭市,千人,1119.9078240000001,1319.763688,36.32855197,-0.187101954,-1.237378498,0.032438877000000005,1060.4,1175.0,1124.906,17,,,,,,,,,,,,,,,,,,,,,,,,,,,,,,,,,,,,,,,,,,,,,,,,,,,,,,1060.4,1068.1,1075.53,1081.96,1085.0,1102.7,1107.37,1115.41,1124.91,1133.97,1137.89,1142.49,1147.6,1153.3,1159.3,1167.5,1175.0
常住人口数:江西:赣州市,千人,8500.60975,7691.423206,87.70075944,0.118463616,-0.63484903,0.010316996,8368.44,8635.583,8492.7545,8,,,,,,,,,,,,,,,,,,,,,,,,,,,,,,,,,,,,,,,,,,,,,,,,,,,,,,,,,,,,,,8368.44,8427.76,8451.85,8478.05,8507.46,8547.06,8588.67,8635.58,
常住人口数:江西:吉安市,千人,4885.510333,2292.918329,47.88442679,0.048811285,-0.84088739,0.009801315,4810.34,4956.6,4881.2,9,,,,,,,,,,,,,,,,,,,,,,,,,,,,,,,,,,,,,,,,,,,,,,,,,,,,,,,,,,,,,,4810.34,4842.88,4853.59,4866.24,4881.2,4898.9,4917.9,4941.94,4956.6
常住人口数:江西:宜春市,千人,5497.721889,2486.0047050000003,49.85985064,0.050092520999999994,-0.820744598,0.009069184000000001,5419.575,5573.2,5493.3,9,,,,,,,,,,,,,,,,,,,,,,,,,,,,,,,,,,,,,,,,,,,,,,,,,,,,,,,,,,,,,,5419.58,5452.8,5464.63,5477.75,5493.3,5512.0,5532.5,5553.75,5573.2
常住人口数:江西:抚州市,千人,3903.989235,9032.719729,95.04062147,-0.303552156,-0.930539697,0.024344489,3731.4,4047.2,3912.312,17,,,,,,,,,,,,,,,,,,,,,,,,,,,,,,,,,,,,,,,,,,,,,,,,,,,,,,3731.4,3761.1,3787.7,3813.1,3837.83,3850.94,3877.43,3905.67,3912.31,3937.79,3948.88,3962.36,3976.57,3984.69,4001.82,4031.04,4047.2
常住人口数:江西:上饶市,千人,6545.697706,35040.62963,187.1914251,-0.312170205,-1.165432507,0.028597627999999996,6221.3,6810.7,6579.714,17,,,,,,,,,,,,,,,,,,,,,,,,,,,,,,,,,,,,,,,,,,,,,,,,,,,,,,6221.3,6268.0,6311.0,6351.5,6396.0,6440.0,6489.9,6540.0,6579.71,6623.54,6642.9,6664.28,6688.0,6715.0,6751.62,6783.41,6810.7
常住人口数:山东:济南市,千人,6978.508333,78262.6572,279.7546375,0.14997796800000002,-0.840611867,0.040088028,6571.5,7460.4,6974.2,12,,,,,,,,,,,,,,,,,,,,,,,,,,,,,,,,,,,,,,,,,,,,,,,,,,,,,,,,,,,6571.5,6626.9,6678.5,6818.0,6885.1,6949.6,6998.8,7067.0,7132.0,7233.1,7321.2,7460.4
常住人口数:山东:青岛市,千人,9042.122222,52126.90694,228.3131773,0.12234329199999999,-1.067121742,0.025249955,8719.0,9394.8,9046.2,9,,,,,,,,,,,,,,,,,,,,,,,,,,,,,,,,,,,,,,,,,,,,,,,,,,,,,,,,,,,,,,8719.0,8795.0,8868.5,8964.1,9046.2,9097.0,9204.0,9290.5,9394.8
常住人口数:山东:淄博市,千人,4582.784615,7050.859743999999,83.96939766,0.20402713600000003,-1.216469836,0.018322789,4459.0,4708.4,4579.3,13,,,,,,,,,,,,,,,,,,,,,,,,,,,,,,,,,,,,,,,,,,,,,,,,,,,,,,,,,,4459.0,4483.9,4505.1,4513.2,4533.0,4556.0,4579.3,4592.6,4615.0,4642.0,4686.9,4708.4,4701.8
常住人口数:山东:枣庄市,千人,3819.74,8078.900444,89.88270381,-0.266332164,-1.056677919,0.023531105,3665.2,3927.3,3816.0,10,,,,,,,,,,,,,,,,,,,,,,,,,,,,,,,,,,,,,,,,,,,,,,,,,,,,,,,,,,,,,3665.2,3734.0,3753.0,3772.0,3801.0,3831.0,3878.0,3915.6,3920.3,3927.3
常住人口数:山东:东营市,千人,2077.625,3455.5384090000002,58.78382779,0.09438784,-1.057949057,0.028293762000000004,1990.9,2172.1,2078.75,12,,,,,,,,,,,,,,,,,,,,,,,,,,,,,,,,,,,,,,,,,,,,,,,,,,,,,,,,,,,1990.9,2004.8,2017.8,2037.0,2055.0,2072.6,2084.9,2099.1,2110.6,2132.1,2154.6,2172.1
常住人口数:山东:烟台市,千人,7023.111111,3039.3411109999997,55.13021958,0.898992508,-0.654148139,0.007849829000000001,6968.2,7121.8,7002.3,9,,,,,,,,,,,,,,,,,,,,,,,,,,,,,,,,,,,,,,,,,,,,,,,,,,,,,,,,,,,,,,6968.2,6976.0,6982.9,6989.3,7002.3,7014.1,7064.0,7089.4,7121.8
常住人口数:山东:潍坊市,千人,9165.75,34251.89909,185.072686,-0.688116161,-0.782746853,0.020191767,8836.1,9373.0,9220.65,12,,,,,,,,,,,,,,,,,,,,,,,,,,,,,,,,,,,,,,,,,,,,,,,,,,,,,,,,,,,8836.1,8895.4,8951.5,9092.0,9155.3,9216.1,9225.2,9247.2,9277.2,9357.0,9363.0,9373.0
常住人口数:山东:济宁市,千人,8244.477778,11024.676940000001,104.9984616,-0.136357921,-1.6285669109999998,0.012735611,8092.0,8375.9,8240.0,9,,,,,,,,,,,,,,,,,,,,,,,,,,,,,,,,,,,,,,,,,,,,,,,,,,,,,,,,,,,,,,8092.0,8129.0,8158.1,8205.8,8240.0,8299.2,8354.4,8375.9,8345.9
常住人口数:山东:泰安市,千人,5548.625,5479.438409,74.02322885,-0.06959241299999999,-1.389869746,0.013340824,5434.0,5645.1,5548.6,12,,,,,,,,,,,,,,,,,,,,,,,,,,,,,,,,,,,,,,,,,,,,,,,,,,,,,,,,,,,5434.0,5456.0,5480.0,5498.0,5514.0,5528.9,5568.3,5581.0,5600.8,5637.4,5645.1,5640.0
常住人口数:山东:威海市,千人,2810.9,108.458,10.41431707,0.734827247,-0.561529124,0.0037049759999999996,2797.5,2830.0,2805.6,11,,,,,,,,,,,,,,,,,,,,,,,,,,,,,,,,,,,,,,,,,,,,,,,,,,,,,,,,,,,,2805.3,2816.1,2805.0,2801.0,2797.5,2805.6,2809.2,2805.3,2819.3,2825.6,2830.0
常住人口数:山东:日照市,千人,2845.772727,3848.724182,62.03808654,-0.388008244,-0.790844643,0.021800085,2740.9,2930.3,2850.5,11,,,,,,,,,,,,,,,,,,,,,,,,,,,,,,,,,,,,,,,,,,,,,,,,,,,,,,,,,,,,2740.9,2757.5,2803.0,2818.9,2834.3,2850.5,2870.5,2880.0,2901.1,2916.5,2930.3
常住人口数:山东:莱芜市,千人,1342.0444439999999,982.1827777999999,31.33979543,-0.12780260699999998,-1.6681821380000001,0.023352277999999997,1298.5,1379.0,1345.3,9,,,,,,,,,,,,,,,,,,,,,,,,,,,,,,,,,,,,,,,,,,,,,,,,,,,,,,,,,,,,,,1298.5,1306.0,1313.5,1332.7,1345.3,1351.6,1375.8,1376.0,1379.0
常住人口数:山东:临沂市,千人,10288.15556,44231.35778,210.3125241,0.612179502,-1.22118214,0.020442198999999998,10056.0,10624.0,10221.0,9,,,,,,,,,,,,,,,,,,,,,,,,,,,,,,,,,,,,,,,,,,,,,,,,,,,,,,,,,,,,,,10056.0,10091.0,10124.4,10159.0,10221.0,10311.6,10443.0,10563.4,10624.0
常住人口数:山东:德州市,千人,5702.733333,7803.275,88.33614775,-0.164466855,-1.6009269919999998,0.015490142,5574.0,5810.0,5705.1,9,,,,,,,,,,,,,,,,,,,,,,,,,,,,,,,,,,,,,,,,,,,,,,,,,,,,,,,,,,,,,,5574.0,5603.0,5631.0,5671.1,5705.1,5742.3,5792.3,5795.8,5810.0
常住人口数:山东:聊城市,千人,5947.833333,9414.77,97.02973771,-0.053555787,-1.167154596,0.016313459,5798.0,6074.5,5935.7,9,,,,,,,,,,,,,,,,,,,,,,,,,,,,,,,,,,,,,,,,,,,,,,,,,,,,,,,,,,,,,,5798.0,5846.0,5893.3,5911.3,5935.7,5970.6,6036.8,6064.3,6074.5
常住人口数:山东:滨州市,千人,3811.854545,6515.936727,80.72135236,-0.135883733,-1.14059195,0.021176399,3688.6,3922.5,3805.9,11,,,,,,,,,,,,,,,,,,,,,,,,,,,,,,,,,,,,,,,,,,,,,,,,,,,,,,,,,,,,3688.6,3699.8,3752.0,3771.0,3788.7,3805.9,3839.6,3859.0,3891.0,3912.3,3922.5
常住人口数:山东:菏泽市,千人,8415.841667,40752.41538,201.8722749,0.657782094,-0.715400948,0.023987176000000002,8165.5,8765.0,8353.0,12,,,,,,,,,,,,,,,,,,,,,,,,,,,,,,,,,,,,,,,,,,,,,,,,,,,,,,,,,,,8165.5,8187.7,8248.4,8302.0,8318.7,8338.1,8367.9,8437.9,8500.3,8622.6,8736.0,8765.0
常住人口数:河南:郑州市,千人,8269.259390000001,1451895.485,1204.946258,0.178113577,-1.757925156,0.145713927,6769.7,10136.0,8089.4345060000005,18,,,,,,,,,,,,,,,,,,,,,,,,,,,,,,,,,,,,,,,,,,,,,,,,,,,,,6769.7,6877.0,6977.0,7082.0,7160.0,7243.0,7356.0,7436.0,7521.0,8657.87,8857.0,9031.0,9191.2,9378.0,9569.0,9723.9,9881.0,10136.0
常住人口数:河南:开封市,千人,4628.019923,4391.624510000001,66.2693331,-0.322731706,-1.857100191,0.014319155,4542.6,4712.1,4653.0,13,,,,,,,,,,,,,,,,,,,,,,,,,,,,,,,,,,,,,,,,,,,,,,,,,,,,,,,,,,4693.0,4678.0,4693.5,4712.1,4676.16,4660.0,4653.0,4646.0,4549.0,4542.6,4546.7,4549.3,4564.9
常住人口数:河南:洛阳市,千人,6620.3,29934.46909,173.0158059,-0.05011702,-0.9765374859999999,0.026134134,6341.5,6888.5,6602.6,12,,,,,,,,,,,,,,,,,,,,,,,,,,,,,,,,,,,,,,,,,,,,,,,,,,,,,,,,,,,6341.5,6420.0,6422.3,6554.0,6567.1,6590.0,6615.2,6678.0,6743.0,6801.0,6823.0,6888.5
常住人口数:河南:平顶山市,千人,4951.6375,1052.7655359999999,32.44634857,-0.014567597,-0.925710512,0.00655265,4905.0,5000.0,4958.5,8,,,,,,,,,,,,,,,,,,,,,,,,,,,,,,,,,,,,,,,,,,,,,,,,,,,,,,,,,,,,,,4905.0,4918.0,4929.1,4957.0,4960.0,4960.0,4984.0,5000.0,
常住人口数:河南:安阳市,千人,5146.558333,2185.868106,46.7532684,0.105536522,-1.232350861,0.009084375,5083.0,5216.0,5142.0,12,,,,,,,,,,,,,,,,,,,,,,,,,,,,,,,,,,,,,,,,,,,,,,,,,,,,,,,,,,,5186.2,5214.0,5216.0,5171.0,5150.0,5083.0,5090.0,5090.0,5120.0,5134.0,5128.5,5176.0
常住人口数:河南:鹤壁市,千人,1551.7,6634.7919999999995,81.45423255,-1.079064778,-0.8180703640000001,0.052493544,1419.0,1621.3,1588.0,11,,,,,,,,,,,,,,,,,,,,,,,,,,,,,,,,,,,,,,,,,,,,,,,,,,,,,,,,,,,1419.0,1425.5,1436.6,1572.0,1579.9,1588.0,1609.0,1597.6,1606.0,1613.8,1621.3,
常住人口数:河南:新乡市,千人,5646.673333,9327.609238,96.57954876,-0.111186362,-1.47785195,0.017103796,5513.2,5794.1,5668.5,15,,,,,,,,,,,,,,,,,,,,,,,,,,,,,,,,,,,,,,,,,,,,,,,,,,,,,,,,5576.3,5572.0,5546.5,5516.3,5513.2,5526.8,5711.0,5659.4,5668.5,5675.0,5708.0,5721.0,5743.0,5769.0,5794.1
常住人口数:河南:焦作市,千人,3528.13,1852.4223329999998,43.03977618,-1.4789687219999998,4.221275063,0.012199034,3423.9,3590.7,3530.5,10,,,,,,,,,,,,,,,,,,,,,,,,,,,,,,,,,,,,,,,,,,,,,,,,,,,,,,,,,,,,,3423.9,3543.0,3527.0,3520.0,3514.1,3522.5,3534.0,3546.0,3560.1,3590.7
常住人口数:河南:濮阳市,千人,3574.723077,2410.996923,49.10190346,-0.583001938,-1.0571686809999998,0.013735862,3492.7,3639.3,3597.6,13,,,,,,,,,,,,,,,,,,,,,,,,,,,,,,,,,,,,,,,,,,,,,,,,,,,,,,,,,,3533.6,3492.7,3498.7,3518.0,3600.0,3560.0,3597.6,3584.0,3601.0,3610.0,3627.1,3639.3,3609.4
常住人口数:河南:许昌市,千人,4330.275,2644.243864,51.42221177,1.205046825,0.260334115,0.011875045,4279.0,4437.4,4311.45,12,,,,,,,,,,,,,,,,,,,,,,,,,,,,,,,,,,,,,,,,,,,,,,,,,,,,,,,,,,4279.0,4288.6,,4312.9,4310.0,4296.0,4296.0,4297.0,4315.0,4342.0,4380.5,4408.9,4437.4
常住人口数:河南:漯河市,千人,2565.515385,4442.88641,66.65498039,0.012167502,-1.337819241,0.025981127000000003,2469.0,2665.3,2558.0,13,,,,,,,,,,,,,,,,,,,,,,,,,,,,,,,,,,,,,,,,,,,,,,,,,,,,,,,,,,2497.5,2469.0,2480.5,2497.1,2548.0,2550.0,2558.0,2575.0,2601.0,2625.0,2635.0,2650.3,2665.3
常住人口数:河南:三门峡市,千人,2244.406545,267.2458313,16.34765522,0.48769099200000005,-0.34390685,0.007283731999999999,2219.6,2272.9,2241.1,11,,,,,,,,,,,,,,,,,,,,,,,,,,,,,,,,,,,,,,,,,,,,,,,,,,,,,,,,,,,,2219.6,2229.6,2233.87,2241.0,2232.0,2241.1,2247.1,2246.5,2256.1,2268.7,2272.9
常住人口数:河南:南阳市,千人,10073.69,8514.209889,92.27247633,1.013181546,1.264916193,0.009159749,9954.4,10272.0,10059.45,10,,,,,,,,,,,,,,,,,,,,,,,,,,,,,,,,,,,,,,,,,,,,,,,,,,,,,,,,,,,9954.4,,,10272.0,10129.0,10149.0,10090.0,9990.0,10020.0,10068.7,10050.2,10013.6
常住人口数:河南:商丘市,千人,7306.055556,1389.6402779999999,37.2778792,0.410527731,-1.210737175,0.005102326,7258.0,7364.0,7298.6,9,,,,,,,,,,,,,,,,,,,,,,,,,,,,,,,,,,,,,,,,,,,,,,,,,,,,,,,,,,,,,,7354.0,7364.0,7322.0,7277.0,7258.0,7273.9,7281.7,7298.6,7325.3
常住人口数:河南:信阳市,千人,6373.85,62919.31808,250.83723419999998,-0.219522756,-0.632984323,0.039354116,5963.5,6792.8,6404.0,14,,,,,,,,,,,,,,,,,,,,,,,,,,,,,,,,,,,,,,,,,,,,,,,,,,,,,,,5997.7,5963.5,,6631.0,,6686.0,6792.8,6101.0,6107.7,6397.8,6377.1,6408.0,6400.0,6443.6,6453.6,6474.1
常住人口数:河南:周口市,千人,9169.492307999999,307766.5691,554.7671305,0.900980333,-1.314254566,0.060501400999999996,8677.8,10039.5,8820.7,13,,,,,,,,,,,,,,,,,,,,,,,,,,,,,,,,,,,,,,,,,,,,,,,,,,,,,,,,,,9935.9,9901.3,9970.0,10039.5,8939.0,8952.0,8806.9,8784.0,8804.9,8809.2,8820.7,8762.2,8677.8
常住人口数:河南:驻马店市,千人,7080.055556,64497.352779999994,253.9632902,2.243228566,5.2859859380000005,0.03587024,6895.0,7702.6,6985.4,9,,,,,,,,,,,,,,,,,,,,,,,,,,,,,,,,,,,,,,,,,,,,,,,,,,,,,,,,,,,,,7702.6,7226.0,7084.8,6936.7,6895.0,6930.0,6960.0,6985.4,7000.0,
常住人口数:湖北:武汉市,千人,7962.065659000001,2715673.0319999997,1647.9299230000001,0.34656200299999995,-0.968248069,0.206972662,5551.0,11081.0,7774.0,41,,,,,,,,,,,,,,,,,,,,,,,,,,,,,,5551.0,5630.8,5711.8,5794.0,5877.4,5996.8,6118.6,6242.8,6369.6,6499.0,6631.0,6765.7,6903.1,7006.4,7111.3,7217.7,7325.6,7435.3,7546.5,7659.4,7774.0,7890.3,8048.1,8138.0,8237.0,8368.0,8454.3,8580.0,8750.0,8910.0,8970.0,9100.0,9785.39,10020.0,10120.0,10220.0,10338.0,10607.7,10766.2,10892.9,11081.0
常住人口数:湖北:黄石市,千人,2224.676923,137902.701,371.3525293,-1.785207285,2.213455157,0.166924251,1154.5,2470.7,2404.25,26,,,,,,,,,,,,,,,,,,,,,,,,,,,,,,,,,,,,,,,,,,,,,1154.5,1380.8,1586.9,1724.1,1887.3,1973.5,2153.6,2349.5,2359.3,2368.4,2377.7,2386.9,2399.0,2409.5,2419.0,2422.0,2426.1,2429.3,2434.6,2440.7,2445.0,2449.2,2458.0,2465.5,2470.5,2470.7
常住人口数:湖北:十堰市,千人,3307.174611,5727.592344,75.6808585,0.177696487,-1.87242012,0.022883841000000002,3220.6,3418.0,3298.9215,18,,,,,,,,,,,,,,,,,,,,,,,,,,,,,,,,,,,,,,,,,,,,,,,,,,,,,3220.6,3228.1,3235.8,3244.9,3257.0,3237.0,3228.0,3235.0,3241.0,3340.84,3348.1,3356.8,3367.0,3373.0,3383.0,3409.0,3418.0,3406.0
常住人口数:湖北:宜昌市,千人,4083.560462,1552.713256,39.40448269,0.009911211,-1.612815364,0.009649541,4030.0,4135.9,4088.3,13,,,,,,,,,,,,,,,,,,,,,,,,,,,,,,,,,,,,,,,,,,,,,,,,,,,,,,,,,,4036.0,4030.0,4039.0,4045.5,4059.69,4068.5,4088.3,4098.3,4104.5,4115.0,4130.0,4135.6,4135.9
常住人口数:湖北:襄阳市,千人,5594.011889,3343.652122,57.82432120000001,-0.383713021,-0.998020826,0.010336825,5500.307,5669.0,5600.0,9,,,,,,,,,,,,,,,,,,,,,,,,,,,,,,,,,,,,,,,,,,,,,,,,,,,,,,,,,,,,,,5500.31,5527.2,5551.4,5591.2,5600.0,5614.0,5639.0,5654.0,5669.0
常住人口数:湖北:鄂州市,千人,1061.377778,112.28194440000001,10.59631749,0.6834668190000001,-1.0152217590000001,0.009983549,1049.5,1077.7,1058.8,9,,,,,,,,,,,,,,,,,,,,,,,,,,,,,,,,,,,,,,,,,,,,,,,,,,,,,,,,,,,,,,1049.5,1051.0,1053.5,1057.0,1058.8,1059.5,1068.5,1076.9,1077.7
常住人口数:湖北:荆门市,千人,2861.794053,892.5633387,29.87579855,-0.093376191,-1.4461575619999998,0.010439535,2810.8,2901.5,2853.0,19,,,,,,,,,,,,,,,,,,,,,,,,,,,,,,,,,,,,,,,,,,,,,,,,,,,,2810.8,2819.2,2827.6,2836.0,2844.5,2853.0,2838.0,2839.0,2845.0,2850.3,2873.69,2879.9,2885.2,2887.2,2889.1,2896.3,2901.3,2901.5,2896.5
常住人口数:湖北:孝感市,千人,4852.6127369999995,16053.291019999999,126.7015825,-0.147872458,-0.986544835,0.026109972000000002,4665.0,5051.6,4861.3,19,,,,,,,,,,,,,,,,,,,,,,,,,,,,,,,,,,,,,,,,,,,,,,,,,,,,4992.6,5018.1,5034.5,5051.6,4905.0,4703.0,4666.0,4665.0,4676.0,4683.7,4814.54,4824.9,4833.1,4853.0,4861.3,4878.0,4904.3,4915.0,4920.0
常住人口数:湖北:荆州市,千人,5705.525875,1022.994499,31.98428519,-0.953039495,1.726391148,0.0056058440000000005,5641.7,5744.2,5704.95,8,,,,,,,,,,,,,,,,,,,,,,,,,,,,,,,,,,,,,,,,,,,,,,,,,,,,,,,,,,,,,,5691.71,5704.0,5719.4,5739.4,5744.2,5705.9,5697.9,5641.7,
常住人口数:湖北:黄冈市,千人,6525.8045,123170.1958,350.9561167,1.088577656,0.33180735,0.053779747,6162.071999999999,7262.1,6335.5,16,,,,,,,,,,,,,,,,,,,,,,,,,,,,,,,,,,,,,,,,,,,,,,,,,,,,,,,7241.6,7262.1,6734.0,6756.4,6667.0,6675.0,6675.0,6162.07,6210.4,6231.9,6251.9,6262.5,6291.0,6321.0,6341.0,6330.0
常住人口数:湖北:咸宁市,千人,2502.11525,692.8164088999999,26.32140591,-0.033352224,-1.110239925,0.010519661999999999,2462.583,2543.3,2506.5,12,,,,,,,,,,,,,,,,,,,,,,,,,,,,,,,,,,,,,,,,,,,,,,,,,,,,,,,,,,,2506.0,2512.0,2516.3,2462.58,2467.9,2475.0,2485.0,2489.2,2507.0,2526.0,2535.1,2543.3
常住人口数:湖北:随州市,千人,2196.9714289999997,468.02527469999995,21.63389181,0.245247589,0.30927659999999996,0.009847143000000001,2159.8,2243.0,2200.4,14,,,,,,,,,,,,,,,,,,,,,,,,,,,,,,,,,,,,,,,,,,,,,,,,,,,,,,,,,2243.0,2212.0,2199.0,2204.0,2208.1,2159.8,2169.9,2178.1,2180.1,2183.8,2190.8,2201.8,2210.5,2216.7
常住人口数:湖南:长沙市,千人,6965.776470999999,354053.4894,595.0239402000001,0.52954939,-0.750500794,0.08542105,6268.8,8154.7,7041.0,17,,,,,,,,,,,,,,,,,,,,,,,,,,,,,,,,,,,,,,,,,,,,,,,,,,,,,,6268.8,6283.4,6290.0,6393.0,6465.0,6529.2,6585.6,6642.2,7041.0,7090.7,7146.6,7221.4,7311.5,7431.8,7645.2,7918.1,8154.7
常住人口数:湖南:株洲市,千人,3826.65625,26403.87596,162.4926951,-0.213640915,-1.5764942119999998,0.042463363,3580.0,4021.5,3868.9,16,,,,,,,,,,,,,,,,,,,,,,,,,,,,,,,,,,,,,,,,,,,,,,,,,,,,,,,3582.0,3580.0,3651.0,3674.0,3696.0,3710.0,3734.0,3857.0,3880.8,3906.6,3934.5,3961.0,4001.0,4016.3,4021.5,4020.8
常住人口数:湖南:湘潭市,千人,2809.888889,1521.948611,39.01215979,-0.119316282,-1.181355498,0.01388388,2752.0,2865.0,2813.0,9,,,,,,,,,,,,,,,,,,,,,,,,,,,,,,,,,,,,,,,,,,,,,,,,,,,,,,,,,,,,,,2752.0,2764.5,2781.0,2799.6,2813.0,2823.7,2837.8,2852.4,2865.0
常住人口数:湖南:衡阳市,千人,7110.375,54221.01477,232.85406329999998,-1.148045672,-0.455326072,0.032748493,6700.0,7320.5,7201.8,12,,,,,,,,,,,,,,,,,,,,,,,,,,,,,,,,,,,,,,,,,,,,,,,,,,,,,,,,,,6700.0,,6740.0,6763.7,7148.0,7166.0,7198.3,7250.0,7303.4,7320.5,7285.9,7205.3,7243.4
常住人口数:湖南:邵阳市,千人,7031.055067,73568.17406,271.234537,-0.20768846800000001,-1.75506174,0.038576648,6650.0,7375.4,7107.2,15,,,,,,,,,,,,,,,,,,,,,,,,,,,,,,,,,,,,,,,,,,,,,,,,,,,,,,,,6650.0,6697.0,6717.0,6739.0,6741.5,6823.4,7071.83,7107.2,7170.0,7200.4,7219.4,7261.7,7321.5,7375.4,7370.5
常住人口数:湖南:岳阳市,千人,5567.48,28129.079560000002,167.7172608,-1.014153825,1.994660673,0.030124447999999998,5195.6,5797.1,5577.05,10,,,,,,,,,,,,,,,,,,,,,,,,,,,,,,,,,,,,,,,,,,,,,,,,,,,,,,,,,,,,,5195.6,5476.0,5485.3,5523.1,5559.0,5595.1,5629.2,5681.1,5733.3,5797.1
常住人口数:湖南:常德市,千人,5800.377778,2622.694444,51.21224897,-0.833337812,-1.08518322,0.008829123000000001,5715.0,5844.8,5827.0,9,,,,,,,,,,,,,,,,,,,,,,,,,,,,,,,,,,,,,,,,,,,,,,,,,,,,,,,,,,,,,,5715.0,5732.6,5760.0,5804.8,5830.8,5844.0,5844.4,5844.8,5827.0
常住人口数:湖南:张家界市,千人,1502.638462,387.4625641,19.68406879,0.094002795,-1.467719779,0.013099671,1476.0,1531.6,1502.1,13,,,,,,,,,,,,,,,,,,,,,,,,,,,,,,,,,,,,,,,,,,,,,,,,,,,,,,,,,1476.0,1481.0,1486.0,1496.5,1508.5,1478.0,1490.1,1502.1,1512.4,1519.0,1524.0,1529.1,1531.6,
常住人口数:湖南:益阳市,千人,4317.130768999999,9710.707308,98.54292114,-0.552037996,-1.359504012,0.022826022,4162.0,4432.5,4342.4,13,,,,,,,,,,,,,,,,,,,,,,,,,,,,,,,,,,,,,,,,,,,,,,,,,,,,,,,,,,4162.0,4174.0,4192.0,4217.0,4308.0,4314.4,4342.4,4372.9,4391.5,4410.2,4432.5,4392.0,4413.8
常住人口数:湖南:郴州市,千人,4592.8,20258.82667,142.3335051,-0.599887065,-1.388305251,0.030990572999999997,4370.0,4745.0,4632.7,13,,,,,,,,,,,,,,,,,,,,,,,,,,,,,,,,,,,,,,,,,,,,,,,,,,,,,,,,,,4370.0,4385.0,4422.8,4425.6,4584.0,4605.2,4632.7,4665.3,4697.9,4730.2,4711.1,4731.6,4745.0
常住人口数:湖南:永州市,千人,5285.7,20457.81,143.0308009,0.153424765,-1.811924458,0.027059954,5116.0,5479.7,5258.2,13,,,,,,,,,,,,,,,,,,,,,,,,,,,,,,,,,,,,,,,,,,,,,,,,,,,,,,,,,,5116.0,5128.0,5131.0,5133.0,5195.0,5212.5,5258.2,5326.6,5387.1,5429.7,5465.2,5479.7,5452.1
常住人口数:湖南:怀化市,千人,4722.49675,32063.583639999997,179.0630717,-0.114239177,-1.347102739,0.037917034,4445.5,4979.6,4746.474,16,,,,,,,,,,,,,,,,,,,,,,,,,,,,,,,,,,,,,,,,,,,,,,,,,,,,,,,4445.5,4460.0,4534.6,4545.0,4558.0,4641.4,4651.3,4741.95,4751.0,4775.0,4825.0,4870.0,4901.6,4920.0,4960.0,4979.6
常住人口数:湖南:娄底市,千人,3871.563615,2786.25246,52.78496434,-0.374575922,-1.150966488,0.013634017,3785.627,3941.8,3873.0,13,,,,,,,,,,,,,,,,,,,,,,,,,,,,,,,,,,,,,,,,,,,,,,,,,,,,,,,,,,3873.0,3901.0,3921.9,3941.8,3785.63,3793.2,3812.1,3833.9,3852.5,3871.8,3894.1,3917.6,3931.8
常住人口数:广东:广州市,千人,11748.009740000001,3416897.837,1848.485282,0.195922232,-1.47917816,0.157344548,9496.8,14904.4,11869.7,19,,,,,,,,,,,,,,,,,,,,,,,,,,,,,,,,,,,,,,,,,,,,,,,,,,,,9948.0,9967.5,9847.6,9729.3,9660.6,9496.8,9754.6,10530.1,11153.4,11869.7,12709.59,12751.4,12838.9,12926.8,13080.5,13501.1,14043.5,14498.4,14904.4
常住人口数:广东:韶关市,千人,2884.863941,3599.848114,59.99873427,-0.88795763,1.909415221,0.020797769,2736.5,2979.2,2888.8,14,,,,,,,,,,,,,,,,,,,,,,,,,,,,,,,,,,,,,,,,,,,,,,,,,,,,2736.5,,,,,2922.6,2909.4,2884.9,2867.0,2850.4,2830.2,2850.0,2868.7,2892.7,2908.9,2931.5,2956.1,2979.2,
常住人口数:广东:深圳市,千人,5847.12215,17536468.76,4187.656715,0.056520891,-1.4569461280000002,0.7161910779999999,314.1,13026.6,6064.45,40,,,,,,,,,,,,,,,,,,,,,,,,,,,,,,,314.1,332.9,366.9,449.5,595.2,741.3,881.5,935.6,1054.4,1201.4,1416.0,1677.8,2267.6,2680.2,3359.7,4127.1,4491.5,4828.9,5277.5,5803.3,6325.6,7012.4,7245.7,7466.2,7782.7,8008.0,8277.5,8711.0,9123.7,9542.8,9950.08,10372.01,10467.4,10547.4,10628.9,10778.9,11378.9,11908.4,12528.3,13026.6
常住人口数:广东:珠海市,千人,1061.4264,240791.4698,490.70507419999996,-0.1039875,-1.4904752419999998,0.46230720700000005,360.74199999999996,1891.1,1120.3175,40,,,,,,,,,,,,,,,,,,,,,,,,,,,,,,,360.74,365.32,371.49,377.78,385.47,395.17,411.67,492.71,526.16,561.86,600.01,640.73,684.21,730.63,780.24,833.22,889.74,950.12,1014.61,1083.51,1157.12,1236.53,1284.54,1316.14,1348.51,1388.63,1415.67,1444.86,1474.35,1511.15,1541.76,1561.57,1567.65,1582.62,1590.35,1614.21,1634.12,1675.34,1765.43,1891.1
常住人口数:广东:汕头市,千人,5213.022243,238029.9538,487.88313539999996,-2.145901982,5.588420017000001,0.093589306,3711.1,5638.5,5406.6495,16,,,,,,,,,,,,,,,,,,,,,,,,,,,,,,,,,,,,,,,,,,3711.1,,,,,,,,,,4677.8,,,,,4944.5,4996.9,5067.9,5147.8,5220.16,5396.2,5417.1,5448.1,5479.1,5523.7,5552.1,5579.2,5608.2,5638.5
常住人口数:广东:佛山市,千人,6914.829361,551198.6477,742.427537,-0.8680578090000001,-0.17326982800000001,0.107367442,5340.5,7905.7,7231.0,15,,,,,,,,,,,,,,,,,,,,,,,,,,,,,,,,,,,,,,,,,,,,,,,,,,,,5340.5,,,,,5800.3,6041.9,6296.7,6574.4,6874.73,7199.11,7231.0,7261.8,7295.7,7350.6,7430.6,7462.7,7656.7,7905.7
常住人口数:广东:江门市,千人,4380.396231000001,37736.53725,194.2589438,-0.984073324,-0.06310956599999999,0.044347345,3952.4,4598.2,4465.5,15,,,,,,,,,,,,,,,,,,,,,,,,,,,,,,,,,,,,,,,,,,,,,,,,,,,,3952.4,,,,,4102.9,4154.9,4213.2,4284.8,4366.36,4450.79,4465.5,4482.7,4497.6,4511.4,4519.5,4544.0,4561.7,4598.2
常住人口数:广东:湛江市,千人,6547.439849,375191.6064,612.5288617000001,-0.27556016,-1.533481298,0.09355242300000001,5573.9,7332.0,6689.5,27,,,,,,,,,,,,,,,,,,,,,,,,,,,,,,,,,,,,,,,,,,,,5573.9,5628.1,5682.9,5738.2,5794.0,5850.4,5907.4,5964.9,6034.3,6222.7,6336.2,6451.9,6606.6,6689.5,6856.4,6884.8,6911.2,6934.41,7003.77,7069.2,7109.2,7167.1,7212.4,7241.4,7273.0,7305.0,7332.0
常住人口数:广东:茂名市,千人,5952.810784,56292.992999999995,237.26144440000002,-1.747501908,5.559959398999999,0.039857045,5248.2,6313.2,5967.6,15,,,,,,,,,,,,,,,,,,,,,,,,,,,,,,,,,,,,,,,,,,,,,,,,,,,,5248.2,,,,,5840.4,5953.0,5978.8,5934.3,5878.06,5826.4,5882.6,5967.6,6012.5,6049.0,6080.8,6123.2,6204.1,6313.2
常住人口数:广东:肇庆市,千人,3904.005385,41676.73412,204.14880390000002,-1.2183245059999999,1.8401844509999998,0.052292142,3376.9,4151.7,3951.4,15,,,,,,,,,,,,,,,,,,,,,,,,,,,,,,,,,,,,,,,,,,,,,,,,,,,,3376.9,,,,,3676.0,3755.1,3783.1,3806.2,3837.66,3922.22,3951.4,3982.3,4022.1,4035.8,4059.6,4084.6,4115.4,4151.7
常住人口数:广东:惠州市,千人,3680.054533,764335.0567,874.2625787999999,-0.05232906,-1.5059203669999999,0.23756783199999998,2312.5,4830.0,3631.8,29,,,,,,,,,,,,,,,,,,,,,,,,,,,,,,,,,,,,,,,,,,2312.5,2390.1,2470.2,2553.1,2638.7,2727.2,2818.7,2913.2,3010.9,3111.9,3218.0,3347.7,3434.1,3522.7,3631.8,3706.9,3875.1,4028.6,4186.5,4350.83,4601.15,4633.6,4674.0,4700.0,4726.6,4755.5,4775.0,4777.0,4830.0
常住人口数:广东:梅州市,千人,4229.198789,22062.4309,148.5342752,-1.7028777419999999,3.9423771519999997,0.035121137999999996,3805.2,4378.8,4268.1,15,,,,,,,,,,,,,,,,,,,,,,,,,,,,,,,,,,,,,,,,,,,,,,,,,,,,3805.2,,,,,4118.4,4132.3,4150.1,4162.9,4177.23,4244.65,4268.1,4294.1,4307.0,4323.3,4340.8,4360.8,4374.3,4378.8
常住人口数:广东:汕尾市,千人,2915.290764,20224.49067,142.2128358,-2.665108871,8.26139649,0.048781699000000005,2457.1,3036.6,2955.0,15,,,,,,,,,,,,,,,,,,,,,,,,,,,,,,,,,,,,,,,,,,,,,,,,,,,,2457.1,,,,,2798.7,2850.6,2888.1,2918.4,2931.25,2939.02,2955.0,2969.0,2986.2,3006.6,3021.6,3036.6,2977.6,2993.6
常住人口数:广东:河源市,千人,2917.808328,45480.15962,213.2607784,-2.17693539,5.963439642000001,0.073089372,2267.8,3093.9,2981.8,15,,,,,,,,,,,,,,,,,,,,,,,,,,,,,,,,,,,,,,,,,,,,,,,,,,,,2267.8,,,,,2782.4,2785.2,2815.3,2854.8,2871.22,2958.2,2981.8,3010.1,3037.6,3063.2,3073.5,3081.0,3091.1,3093.9
常住人口数:广东:阳江市,千人,2416.3175730000003,10263.94925,101.3111507,-0.9546092429999999,1.099269068,0.041927912000000005,2172.0,2542.9,2435.1155,14,,,,,,,,,,,,,,,,,,,,,,,,,,,,,,,,,,,,,,,,,,,,,,,,,,,,2172.0,,,,,2321.4,2342.1,2359.3,2365.4,2371.92,2425.33,2444.9,2470.0,2479.6,2494.0,2511.2,2528.4,2542.9,
常住人口数:广东:清远市,千人,3706.5253409999996,31893.65353,178.5879434,-2.306448612,6.871702386,0.048182037999999996,3149.8,3874.0,3738.0,15,,,,,,,,,,,,,,,,,,,,,,,,,,,,,,,,,,,,,,,,,,,,,,,,,,,,3149.8,,,,,3593.7,3623.2,3655.8,3665.8,3677.03,3703.85,3738.0,3766.0,3791.1,3819.1,3834.5,3846.0,3860.0,3874.0
常住人口数:广东:东莞市,千人,6023.787532,5022766.931,2241.153036,-0.69001002,-0.927899328,0.372050479,1756.2,8343.1,6554.55,28,,,,,,,,,,,,,,,,,,,,,,,,,,,,,,,,,,,,,,,,,,1756.2,2000.1,2277.8,2594.1,2954.3,3364.5,3831.7,4363.8,4969.7,5659.8,6448.4,6544.3,6548.4,6552.5,6556.6,6560.7,6856.6,7170.2,7506.0,7860.78,8224.77,8254.8,8292.3,8316.6,8343.1,8254.1,8261.4,8342.5,
常住人口数:广东:中山市,千人,2583.5156920000004,321734.6105,567.2165464,-0.345357687,-1.075644939,0.219552197,1512.5,3310.0,2491.6,26,,,,,,,,,,,,,,,,,,,,,,,,,,,,,,,,,,,,,,,,,,,,,1512.5,1612.1,1718.3,1831.4,1952.0,2080.5,2217.5,2364.7,2383.0,2401.3,2419.8,2427.3,2434.6,2548.6,2686.8,2819.5,2965.3,3122.71,3142.3,3155.0,3173.9,3192.7,3209.6,3230.0,3260.0,3310.0
常住人口数:广东:潮州市,千人,2622.52962,7243.810431,85.11057767,-1.29360948,1.7771537169999998,0.032453618999999996,2404.4,2720.4,2646.0,15,,,,,,,,,,,,,,,,,,,,,,,,,,,,,,,,,,,,,,,,,,,,,,,,,,,,2404.4,,,,,2520.1,2538.1,2568.3,2597.8,2627.0,2672.14,2683.7,2700.0,2712.1,2720.4,2640.5,2646.0,2650.8,2656.6
常住人口数:广东:揭阳市,千人,5868.163315,53290.39966,230.84713480000002,-1.4729580569999998,2.644015135,0.039338908,5246.1,6094.0,5915.4,15,,,,,,,,,,,,,,,,,,,,,,,,,,,,,,,,,,,,,,,,,,,,,,,,,,,,5246.1,,,,,5596.9,5703.0,5767.4,5784.5,5811.81,5883.04,5915.4,5955.9,5994.7,6035.4,6058.9,6094.0,6086.0,6089.4
常住人口数:广东:云浮市,千人,2309.835066,16913.891519999997,130.053418,-0.05543393,-1.256404655,0.056304201,2129.7,2526.9,2334.134648,25,,,,,,,,,,,,,,,,,,,,,,,,,,,,,,,,,,,,,,,,,,,,,,2129.7,2133.5,2137.4,2141.3,2145.1,2149.0,2154.9,2214.7,2245.3,2276.4,2319.5,2339.9,2346.3,2333.4,2340.1,2334.13,2362.94,2379.2,2416.5,2428.4,2444.6,2460.5,2480.8,2505.4,2526.9
常住人口数:广西:南宁市,千人,6903.218182,37904.94564,194.6919249,0.482493351,-0.665102085,0.028203067000000002,6662.0,7254.1,6861.9,11,,,,,,,,,,,,,,,,,,,,,,,,,,,,,,,,,,,,,,,,,,,,,,,,,,,,,,,6663.3,6861.9,,,,,,6662.0,6734.0,6791.0,6853.7,6913.8,6986.1,7062.2,7153.3,7254.1
常住人口数:广西:柳州市,千人,3875.1604,11506.94581,107.2704331,0.040905718,-0.919089609,0.027681547,3708.3,4041.7,3871.25,10,,,,,,,,,,,,,,,,,,,,,,,,,,,,,,,,,,,,,,,,,,,,,,,,,,,,,,,,,,,,,3708.3,3758.7,3794.0,3825.0,3856.0,3886.5,3922.7,3958.7,4000.0,4041.7
常住人口数:广西:桂林市,千人,4920.951443999999,13894.257769999998,117.8739062,-0.037568707,-1.240819822,0.023953479,4747.963,5085.5,4919.1,9,,,,,,,,,,,,,,,,,,,,,,,,,,,,,,,,,,,,,,,,,,,,,,,,,,,,,,,,,,,,,,4747.96,4788.0,4839.0,4880.5,4919.1,4961.6,5009.4,5057.5,5085.5
常住人口数:广西:梧州市,千人,2974.033333,3658.59,60.48627944,-0.096274909,-1.151818024,0.020338131000000002,2882.2,3061.0,2975.5,9,,,,,,,,,,,,,,,,,,,,,,,,,,,,,,,,,,,,,,,,,,,,,,,,,,,,,,,,,,,,,,2882.2,2909.0,2929.0,2954.4,2975.5,2999.4,3018.4,3037.4,3061.0
常住人口数:广西:北海市,千人,1598.106375,1991.650639,44.62791323,0.080166392,-1.247666367,0.027925496,1539.251,1663.3,1596.95,8,,,,,,,,,,,,,,,,,,,,,,,,,,,,,,,,,,,,,,,,,,,,,,,,,,,,,,,,,,,,,,1539.25,1547.0,1572.0,1590.2,1603.7,1625.7,1643.7,1663.3,
常住人口数:广西:防城港市,千人,886.5479091,1307.158708,36.15464988,-0.108487639,-1.093824295,0.040781383,829.1,940.2,886.9,11,,,,,,,,,,,,,,,,,,,,,,,,,,,,,,,,,,,,,,,,,,,,,,,,,,,,,,,,,,,829.1,843.3,852.8,866.93,878.4,886.9,899.0,908.0,918.4,929.0,940.2,
常住人口数:广西:钦州市,千人,3189.701909,4093.9120399999997,63.98368573,-0.33089767800000003,-0.863225039,0.020059456,3079.7209999999995,3280.0,3199.9,11,,,,,,,,,,,,,,,,,,,,,,,,,,,,,,,,,,,,,,,,,,,,,,,,,,,,,,,,,,,3199.9,3229.9,3261.8,3079.72,3110.0,3133.3,3159.2,3180.6,3209.3,3243.0,3280.0,
常住人口数:广西:贵港市,千人,4248.700727,5900.0701659999995,76.81191422,-0.096623721,-0.523385451,0.018078919,4118.808,4375.4,4255.6,11,,,,,,,,,,,,,,,,,,,,,,,,,,,,,,,,,,,,,,,,,,,,,,,,,,,,,,,,,,,4225.5,4266.0,4304.7,4118.81,4156.7,4186.8,4220.5,4255.6,4293.7,4332.0,4375.4,
常住人口数:广西:玉林市,千人,5635.589,9961.444943,99.80703854,0.135382416,-0.720906314,0.017710134,5487.368,5810.8,5637.8,12,,,,,,,,,,,,,,,,,,,,,,,,,,,,,,,,,,,,,,,,,,,,,,,,,,,,,,,,,5504.3,,5598.5,5653.1,5707.6,5487.37,5538.4,5581.2,5622.5,5660.1,5707.2,5756.0,5810.8,
常住人口数:广西:百色市,千人,3557.15725,3908.527249,62.51821534,-0.010189071,-1.173743483,0.017575331,3466.758,3646.5,3557.0,8,,,,,,,,,,,,,,,,,,,,,,,,,,,,,,,,,,,,,,,,,,,,,,,,,,,,,,,,,,,,,,3466.76,3495.0,3518.1,3545.2,3568.8,3596.7,3620.2,3646.5,
常住人口数:广西:贺州市,千人,2005.734,1210.090162,34.78635023,-0.059381469000000006,-0.9271761279999999,0.017343451,1954.0720000000001,2056.7,2006.6,8,,,,,,,,,,,,,,,,,,,,,,,,,,,,,,,,,,,,,,,,,,,,,,,,,,,,,,,,,,,,,,1954.07,1970.0,1987.3,1999.8,2013.4,2025.9,2038.7,2056.7,
常住人口数:广西:河池市,千人,3546.095917,29185.79533,170.8385066,1.011404978,-0.557346326,0.048176505,3369.2509999999997,3847.3,3487.9,12,,,,,,,,,,,,,,,,,,,,,,,,,,,,,,,,,,,,,,,,,,,,,,,,,,,,,,,,,,,3783.8,3815.6,3847.3,3369.25,3393.4,3415.5,3431.9,3451.4,3476.8,3499.0,3523.5,3545.7
常住人口数:广西:来宾市,千人,2197.675917,4723.7442869999995,68.72950085,0.268105408,-1.10263537,0.03127372,2099.7110000000002,2308.6,2191.25,12,,,,,,,,,,,,,,,,,,,,,,,,,,,,,,,,,,,,,,,,,,,,,,,,,,,,,,,,,,,2271.9,2291.2,2308.6,2099.71,2118.0,2135.0,2149.0,2163.7,2182.0,2200.5,2218.6,2233.9
常住人口数:广西:崇左市,千人,2037.923125,957.6034210000001,30.94516797,0.271949088,-0.7831655679999999,0.015184659,1994.285,2086.8,2033.95,8,,,,,,,,,,,,,,,,,,,,,,,,,,,,,,,,,,,,,,,,,,,,,,,,,,,,,,,,,,,,,,1994.29,2011.0,2019.7,2028.1,2039.8,2054.5,2069.2,2086.8,
常住人口数:海南:海口市,千人,1998.6368129999998,56477.60742000001,237.6501787,-0.264558324,-1.624076434,0.118906135,1626.4,2302.3,2071.7445,16,,,,,,,,,,,,,,,,,,,,,,,,,,,,,,,,,,,,,,,,,,,,,,,,,,,,,,1626.4,1669.2,1710.3,,1766.7,1794.5,1835.0,1878.5,2046.19,2097.3,2141.3,2171.1,2200.7,2223.0,2243.6,2272.1,2302.3
常住人口数:海南:三亚市,千人,642.1472,10489.28067,102.41718940000001,-0.137206659,-2.007498108,0.159491763,508.0,764.2,685.408,15,,,,,,,,,,,,,,,,,,,,,,,,,,,,,,,,,,,,,,,,,,,,,,,,,,,,,,,508.0,515.0,524.0,536.0,550.0,565.0,580.0,685.41,705.5,722.0,732.0,741.9,748.9,754.3,764.2,
常住人口数:重庆,千人,28974.217389999998,879621.4979,937.8813880000001,0.908540144,-0.316007201,0.032369516,27933.2,31017.9,28707.5,23,,,,,,,,,,,,,,,,,,,,,,,,,,,,,,,,,,,,,,,,,,,,,,,,28753.0,28733.6,28707.5,28603.7,28488.2,28292.1,28144.3,28031.9,27933.2,27980.0,28080.0,28160.0,28390.0,28590.0,28846.2,29190.0,29450.0,29700.0,29914.0,30165.5,30484.3,30751.6,31017.9
常住人口数:四川:成都市,千人,13396.05021,2679756.978,1636.996328,0.38218475700000004,-0.974086062,0.122199925,11108.5,16330.0,12866.0,19,,,,,,,,,,,,,,,,,,,,,,,,,,,,,,,,,,,,,,,,,,,,,,,,,,,,11108.5,11342.2,11574.1,11734.0,11941.3,12217.2,12485.0,12579.0,12706.0,12866.0,14047.63,14070.8,14177.83,14297.6,14427.5,14658.0,15917.6,16044.7,16330.0
常住人口数:四川:自贡市,千人,2775.3532,4604.953082,67.85980461,0.826810481,0.726429126,0.024450872000000002,2678.8979999999997,2920.0,2764.3,15,,,,,,,,,,,,,,,,,,,,,,,,,,,,,,,,,,,,,,,,,,,,,,,,,,,,,,,,2753.1,2760.4,2764.3,2800.5,2812.1,2807.3,2678.9,2684.0,2713.2,2738.3,2745.8,2770.2,2780.8,2901.4,2920.0
常住人口数:四川:攀枝花市,千人,1230.046778,60.08161844,7.75123335,-1.5262423319999998,1.263987554,0.006301576,1214.121,1236.1,1232.5,9,,,,,,,,,,,,,,,,,,,,,,,,,,,,,,,,,,,,,,,,,,,,,,,,,,,,,,,,,,,,,,1214.12,1219.9,1230.9,1233.3,1232.0,1232.5,1235.6,1236.1,1236.0
常住人口数:四川:泸州市,千人,4253.457875,5577.757139,74.6843835,-1.998060556,5.918318243,0.01755851,4021.9,4343.2,4250.0,16,,,,,,,,,,,,,,,,,,,,,,,,,,,,,,,,,,,,,,,,,,,,,,,,,,,,,,,4021.9,4204.5,4233.0,4236.1,4291.0,4304.0,4343.2,4218.43,4225.0,4250.0,4245.8,4250.0,4285.2,4306.4,4317.2,4323.6
常住人口数:四川:德阳市,千人,3594.5544170000003,13440.98367,115.9352564,-0.421528613,-0.49090547100000004,0.032253026000000004,3351.0,3788.0,3610.8795,36,,,,,,,,,,,,,,,,,,,,,,,,,,,,,,,,,,,3351.0,3361.0,3378.0,3411.0,3454.0,3493.0,3528.0,3561.0,3586.0,3606.0,3625.0,3643.0,3666.0,3691.0,3710.0,3727.0,3745.0,3788.0,3764.0,3743.0,3721.0,3704.0,3670.0,3654.0,3636.0,3648.0,3657.0,3615.76,3591.9,3531.3,3523.7,3511.0,3513.0,3519.7,3531.6,3545.0
常住人口数:四川:绵阳市,千人,4729.429111,9022.985227,94.98939534,0.033329239,-1.8331013269999998,0.020084749,4613.862,4857.0,4739.0,9,,,,,,,,,,,,,,,,,,,,,,,,,,,,,,,,,,,,,,,,,,,,,,,,,,,,,,,,,,,,,,4613.86,4620.0,4640.2,4676.4,4739.0,4771.9,4810.9,4835.6,4857.0
常住人口数:四川:广元市,千人,2608.738455,8270.151265999999,90.94037204,0.082605727,-1.180172163,0.034859904,2484.123,2745.0,2630.0,11,,,,,,,,,,,,,,,,,,,,,,,,,,,,,,,,,,,,,,,,,,,,,,,,,,,,,,,,,,,,2735.0,2745.0,2484.12,2490.0,2530.0,2545.0,2575.0,2630.0,2635.0,2660.0,2667.0
常住人口数:四川:遂宁市,千人,3262.616778,887.0574833999999,29.78351026,-1.036107877,1.048777545,0.009128719,3201.8,3298.0,3267.7,9,,,,,,,,,,,,,,,,,,,,,,,,,,,,,,,,,,,,,,,,,,,,,,,,,,,,,,,,,,,,,,3252.55,3260.1,3267.7,3275.0,3282.5,3290.0,3298.0,3235.9,3201.8
常住人口数:四川:内江市,千人,3725.1385560000003,378.9078288,19.46555493,0.07140799,-1.3848445319999998,0.005225458,3699.0,3753.7,3724.6,9,,,,,,,,,,,,,,,,,,,,,,,,,,,,,,,,,,,,,,,,,,,,,,,,,,,,,,,,,,,,,,3702.85,3709.1,3718.1,3724.6,3732.6,3739.7,3746.6,3753.7,3699.0
常住人口数:四川:乐山市,千人,3289.438385,2849.3755690000003,53.37954261,0.8644802229999999,-1.2054951059999999,0.016227555,3235.756,3379.8,3265.0,13,,,,,,,,,,,,,,,,,,,,,,,,,,,,,,,,,,,,,,,,,,,,,,,,,,,,,,,,,,3359.0,3363.9,3356.3,3379.8,3235.76,3243.34,3254.4,3255.6,3250.0,3260.5,3265.0,3272.1,3267.0
常住人口数:四川:南充市,千人,6302.937286,6944.084755,83.33117517,0.033702904,-0.550722251,0.013221007,6159.0,6440.0,6292.8,14,,,,,,,,,,,,,,,,,,,,,,,,,,,,,,,,,,,,,,,,,,,,,,,,,,,,,,,,,6262.0,6159.0,6183.0,6245.0,6253.0,6278.62,6285.3,6300.3,6317.0,6333.8,6364.0,6402.2,6417.9,6440.0
常住人口数:四川:眉山市,千人,2999.036533,1146.0211630000001,33.85293434,0.590314763,-0.457470594,0.011287937,2950.548,3061.4,2992.0,15,,,,,,,,,,,,,,,,,,,,,,,,,,,,,,,,,,,,,,,,,,,,,,,,,,,,,,,,3056.2,3061.4,3042.5,3020.1,3008.9,2992.0,2950.55,2958.3,2966.4,2978.4,2989.7,3001.3,3000.9,2974.8,2984.1
常住人口数:四川:宜宾市,千人,4490.333444,1187.995417,34.46730939,1.046122442,-0.09077161,0.007675891,4460.0,4556.0,4472.001,9,,,,,,,,,,,,,,,,,,,,,,,,,,,,,,,,,,,,,,,,,,,,,,,,,,,,,,,,,,,,,,4472.0,4460.0,4460.0,4465.0,4470.0,4490.0,4510.0,4530.0,4556.0
常住人口数:四川:广安市,千人,3410.426857,62005.3189,249.00867230000003,0.6708552839999999,-1.787284267,0.07301393099999999,3205.4759999999997,3762.0,3248.65,14,,,,,,,,,,,,,,,,,,,,,,,,,,,,,,,,,,,,,,,,,,,,,,,,,,,,,,,,,3751.2,3762.0,3723.0,3732.0,3687.0,3205.48,3210.0,3216.4,3224.3,3231.6,3247.0,3264.7,3250.3,3241.0
常住人口数:四川:达州市,千人,5601.499333,10954.62859,104.66436159999999,0.10333494300000001,-1.921854179,0.018685062,5468.092,5735.8,5582.65,12,,,,,,,,,,,,,,,,,,,,,,,,,,,,,,,,,,,,,,,,,,,,,,,,,,,,,,,,,,,5693.2,5724.5,5735.8,5468.09,5485.6,5492.7,5512.8,5530.5,5567.6,5597.7,5689.5,5720.0
常住人口数:四川:雅安市,千人,1528.7825,203.0800997,14.25061752,-0.649827437,-0.579547221,0.009321547,1502.5,1546.8,1530.763,12,,,,,,,,,,,,,,,,,,,,,,,,,,,,,,,,,,,,,,,,,,,,,,,,,,,,,,,,,,1502.5,,1522.5,1527.8,1507.26,1517.1,1526.5,1533.73,1543.7,1546.8,1539.7,1537.8,1540.0
常住人口数:四川:巴中市,千人,3311.774556,198.3473768,14.08358537,-1.065030031,0.714903018,0.00425258,3283.7709999999997,3328.6,3316.7,9,,,,,,,,,,,,,,,,,,,,,,,,,,,,,,,,,,,,,,,,,,,,,,,,,,,,,,,,,,,,,,3283.77,3296.3,3307.9,3317.2,3322.1,3328.6,3311.4,3316.7,3322.0
常住人口数:四川:资阳市,千人,3548.589538,417581.4385,646.2054151000001,-0.65883919,-0.700699211,0.18210204600000002,2512.0,4265.0,3588.5,13,,,,,,,,,,,,,,,,,,,,,,,,,,,,,,,,,,,,,,,,,,,,,,,,,,,,,,,,,,4265.0,4217.0,4233.0,4240.0,3665.06,3630.1,3588.5,3571.2,3547.2,3569.0,2540.5,2553.1,2512.0
常住人口数:贵州:贵阳市,千人,4394.088577,96502.88041,310.64912749999996,-0.135147009,-0.97662756,0.070697056,3880.9,4881.9,4420.85,14,,,,,,,,,,,,,,,,,,,,,,,,,,,,,,,,,,,,,,,,,,,,,,,,,,,,,,,,,3880.9,3966.62,4052.65,4134.42,4231.25,4329.3,4390.0,4451.7,4521.9,4556.0,4621.8,4696.8,4802.0,4881.9
常住人口数:贵州:六盘水市,千人,2939.666667,4528.384706,67.29327385,0.34965055899999997,-1.059962327,0.022891464,2850.0,3060.9,2930.7,18,,,,,,,,,,,,,,,,,,,,,,,,,,,,,,,,,,,,,,,,,,,,,,,,,,,,,2911.1,2944.6,2975.0,3007.1,3027.0,3045.2,3060.9,2981.7,2983.4,2854.3,2850.0,2859.0,2874.5,2882.0,2889.9,2906.9,2924.1,2937.3
常住人口数:贵州:遵义市,千人,6756.105881999999,409955.0531,640.2773251,0.16387269699999998,-2.154373297,0.09477017300000001,6100.0,7557.5,6270.7,17,,,,,,,,,,,,,,,,,,,,,,,,,,,,,,,,,,,,,,,,,,,,,,,,,,,,,7220.8,7282.5,7338.0,7396.8,,7458.4,7496.8,7516.2,7557.5,6132.9,6100.0,6117.0,6142.5,6154.9,6192.1,6228.4,6248.3,6270.7
常住人口数:贵州:安顺市,千人,2459.4833329999997,24156.32147,155.42304030000003,0.090919013,-1.9850805,0.06319337,2280.0,2673.6,2452.4,18,,,,,,,,,,,,,,,,,,,,,,,,,,,,,,,,,,,,,,,,,,,,,,,,,,,,,2551.7,2576.9,2600.0,2624.3,2642.5,2659.9,2673.6,2564.1,2565.7,2300.4,2280.0,2283.4,2300.5,2308.1,2313.5,2328.6,2344.4,2353.1
常住人口数:云南:昆明市,千人,6498.976922999999,55047.43692000001,234.62190209999997,-0.111890935,-1.369468891,0.036101359,6152.0,6850.0,6533.0,13,,,,,,,,,,,,,,,,,,,,,,,,,,,,,,,,,,,,,,,,,,,,,,,,,,,,,,,,,,6152.0,6193.3,6239.0,6280.0,6360.0,6486.4,6533.0,6579.0,6626.0,6677.0,6728.0,6783.0,6850.0
常住人口数:云南:曲靖市,千人,5893.838462,22733.10256,150.7750064,-0.06473946,-1.199149758,0.025581802,5657.6,6122.0,5898.9,13,,,,,,,,,,,,,,,,,,,,,,,,,,,,,,,,,,,,,,,,,,,,,,,,,,,,,,,,,5657.6,5700.6,5729.2,5782.0,5818.0,5861.4,5898.9,5936.0,5974.0,6009.0,6047.2,6084.0,6122.0,
常住人口数:云南:玉溪市,千人,2316.628571,2871.7468129999997,53.58868176,-0.451866659,-0.732352222,0.023132185,2212.8,2386.0,2324.0,14,,,,,,,,,,,,,,,,,,,,,,,,,,,,,,,,,,,,,,,,,,,,,,,,,,,,,,,,,2212.8,2246.0,2264.0,2276.0,2287.0,2306.0,2318.0,2330.0,2340.0,2351.0,2360.0,2375.0,2381.0,2386.0
常住人口数:云南:保山市,千人,2535.4,3084.592,55.53910334,-0.481463911,-0.245330117,0.02190546,2430.0,2614.0,2540.0,11,,,,,,,,,,,,,,,,,,,,,,,,,,,,,,,,,,,,,,,,,,,,,,,,,,,,,,,,,,2430.0,2468.0,,2504.0,2509.2,2525.2,2540.0,2554.0,2567.0,2581.0,2597.0,2614.0,
常住人口数:云南:昭通市,千人,5312.7762,24505.714630000002,156.5430121,0.070407893,-0.5692290839999999,0.029465388,5072.7429999999995,5591.0,5296.0,15,,,,,,,,,,,,,,,,,,,,,,,,,,,,,,,,,,,,,,,,,,,,,,,,,,,,,,,5072.74,,5075.0,5118.0,5252.2,5295.0,5343.0,5219.2,5258.5,5296.0,5342.0,5387.0,5430.0,5475.0,5537.0,5591.0
常住人口数:云南:丽江市,千人,1251.841667,830.3735606,28.81620309,-0.12498288199999999,-1.791825548,0.023019047999999997,1213.0,1290.0,1258.05,12,,,,,,,,,,,,,,,,,,,,,,,,,,,,,,,,,,,,,,,,,,,,,,,,,,,,,,,,,,1213.0,1216.0,1221.0,1226.0,1231.0,1254.1,1262.0,1269.0,1275.0,1280.0,1285.0,1290.0,
常住人口数:云南:普洱市,千人,2581.026667,617.5878094999999,24.85131404,-0.082310205,0.382233449,0.009628461,2530.3,2627.0,2581.0,15,,,,,,,,,,,,,,,,,,,,,,,,,,,,,,,,,,,,,,,,,,,,,,,,,,,,,,,2530.3,2549.0,2565.6,2573.0,2576.3,2581.0,2587.0,2590.3,2560.9,2575.0,2584.0,2594.0,2605.0,2617.0,2627.0,
常住人口数:云南:临沧市,千人,2430.9375,5910.471833,76.87959309,-0.205117663,-1.243977708,0.031625491,2298.0,2536.0,2439.9,16,,,,,,,,,,,,,,,,,,,,,,,,,,,,,,,,,,,,,,,,,,,,,,,,,,,,,,,2298.0,2318.0,2361.2,2366.0,2368.0,2382.0,2396.0,2432.1,2447.7,2463.0,2479.0,2493.0,2509.0,2520.0,2526.0,2536.0
常住人口数:陕西:西安市,千人,8666.307571,278271.3941,527.5143544,1.7498417019999999,2.810079047,0.060869563,8069.0,10003.7,8533.15,14,,,,,,,,,,,,,,,,,,,,,,,,,,,,,,,,,,,,,,,,,,,,,,,,,,,,,,,,,8069.0,8230.0,8305.4,8375.2,8434.6,8474.11,8513.4,8552.9,8588.1,8627.5,8705.6,8832.1,9616.7,10003.7
常住人口数:陕西:铜川市,千人,836.9568462,123.36510929999999,11.10698471,-2.459196743,7.3842057610000005,0.013270678000000001,803.7,847.2,839.3,13,,,,,,,,,,,,,,,,,,,,,,,,,,,,,,,,,,,,,,,,,,,,,,,,,,,,,,,,,,831.9,835.6,839.3,841.2,835.04,838.2,840.8,842.8,845.1,846.2,847.2,833.4,803.7
常住人口数:陕西:宝鸡市,千人,3747.7829409999995,366.32469710000004,19.13961068,0.157087149,-1.141770638,0.005106915,3719.31,3781.0,3744.6,17,,,,,,,,,,,,,,,,,,,,,,,,,,,,,,,,,,,,,,,,,,,,,,,,,,,,,,3721.4,3743.0,3730.0,3737.0,3758.7,3757.0,3762.5,3731.4,3719.31,3727.2,3736.7,3744.6,3753.2,3763.3,3775.0,3781.0,3771.0
常住人口数:陕西:咸阳市,千人,4879.144071,47476.06687,217.89003390000002,-2.182837787,3.465865392,0.04465743,4366.1,5010.3,4964.6,14,,,,,,,,,,,,,,,,,,,,,,,,,,,,,,,,,,,,,,,,,,,,,,,,,,,,,,,,,4980.7,4974.0,4996.7,5006.9,5010.3,4898.42,4912.3,4928.6,4942.2,4956.8,4972.4,4986.6,4376.0,4366.1
常住人口数:陕西:渭南市,千人,5382.564875,3475.6024340000004,58.95424017,-0.040770321,-1.485323386,0.010952816,5289.938,5471.1,5377.25,16,,,,,,,,,,,,,,,,,,,,,,,,,,,,,,,,,,,,,,,,,,,,,,,,,,,,,,,5431.9,5446.0,5471.1,5456.5,5420.4,5430.7,5431.8,5289.94,5304.9,5321.0,5331.7,5343.0,5359.9,5371.6,5382.9,5327.7
常住人口数:陕西:延安市,千人,2203.283083,1923.134925,43.85356228,-0.160097334,-1.05404553,0.019903735,2134.9,2263.1,2202.1,12,,,,,,,,,,,,,,,,,,,,,,,,,,,,,,,,,,,,,,,,,,,,,,,,,,,,,,,,,,,2134.9,2144.9,2151.8,2188.7,2194.0,2198.1,2206.1,2214.3,2231.3,2252.8,2263.1,2259.4
常住人口数:陕西:汉中市,千人,3454.734615,1527.0655769999998,39.07768643,0.762593159,-1.181733487,0.011311342,3415.1,3519.9,3438.1,13,,,,,,,,,,,,,,,,,,,,,,,,,,,,,,,,,,,,,,,,,,,,,,,,,,,,,,,,,,3496.2,3504.8,3513.3,3519.9,3417.55,3415.1,3418.4,3425.0,3431.5,3438.1,3446.3,3449.3,3436.1
常住人口数:陕西:榆林市,千人,3364.6356149999997,1058.0453730000002,32.527609399999996,-0.099504779,-0.39432282700000004,0.009667498,3303.3,3417.8,3356.9,13,,,,,,,,,,,,,,,,,,,,,,,,,,,,,,,,,,,,,,,,,,,,,,,,,,,,,,,,,,3303.3,3328.0,3339.8,3347.3,3354.16,3352.4,3356.9,3370.3,3383.9,3401.1,3382.0,3403.3,3417.8
常住人口数:陕西:安康市,千人,2648.501857,144.79078669999998,12.03290434,-0.13933400099999999,-0.9740812529999999,0.004543287,2630.7,2668.9,2650.05,14,,,,,,,,,,,,,,,,,,,,,,,,,,,,,,,,,,,,,,,,,,,,,,,,,,,,,,,,,2648.1,2650.1,2652.5,2657.1,2660.6,2630.83,2630.7,2633.6,2637.6,2642.0,2650.0,2656.0,2661.0,2668.9
常住人口数:陕西:商洛市,千人,2364.784,443.83878110000006,21.0674816,0.035263813,-1.7862715219999998,0.00890884,2336.2,2394.8,2364.55,12,,,,,,,,,,,,,,,,,,,,,,,,,,,,,,,,,,,,,,,,,,,,,,,,,,,,,,,,,,,2384.5,2389.6,2394.8,2342.91,2336.2,2341.9,2346.1,2350.8,2357.4,2371.7,2381.3,2380.2
常住人口数:甘肃:兰州市,千人,3558.0769229999996,34061.10692,184.5565142,-0.780716011,-1.3145787709999999,0.051869737,3270.1,3753.6,3630.5,13,,,,,,,,,,,,,,,,,,,,,,,,,,,,,,,,,,,,,,,,,,,,,,,,,,,,,,,,,,3270.1,3294.3,3310.1,3321.8,3619.0,3620.9,3630.5,3641.6,3664.9,3693.1,3705.5,3729.6,3753.6
常住人口数:甘肃:嘉峪关市,千人,240.8614444,56.30310378,7.503539417000001,0.241482682,-1.595712405,0.031152929,231.85299999999998,252.0,241.3,9,,,,,,,,,,,,,,,,,,,,,,,,,,,,,,,,,,,,,,,,,,,,,,,,,,,,,,,,,,,,,,231.85,233.2,234.3,235.5,241.3,243.9,245.9,249.8,252.0
常住人口数:甘肃:金昌市,千人,469.16923080000004,8.973974359,2.995659253,0.59100055,0.6747326,0.006385029,464.8,475.7,469.2,13,,,,,,,,,,,,,,,,,,,,,,,,,,,,,,,,,,,,,,,,,,,,,,,,,,,,,,,,,,465.5,470.2,472.9,475.7,464.8,465.9,467.4,468.6,470.1,470.5,469.8,469.2,468.6
常住人口数:甘肃:白银市,千人,1728.835714,330.0409341,18.16702876,0.314226787,-1.72204207,0.010508245,1708.3,1757.2,1724.25,14,,,,,,,,,,,,,,,,,,,,,,,,,,,,,,,,,,,,,,,,,,,,,,,,,,,,,,,,,1745.5,1746.9,1750.1,1751.2,1757.2,1710.0,1713.3,1719.2,1712.2,1708.3,1709.9,1716.4,1729.3,1734.2
常住人口数:甘肃:天水市,千人,3305.377778,896.8994444,29.94827949,0.380965445,-0.869140424,0.009060471,3266.0,3354.9,3303.1,9,,,,,,,,,,,,,,,,,,,,,,,,,,,,,,,,,,,,,,,,,,,,,,,,,,,,,,,,,,,,,,3266.0,3274.7,3282.2,3293.0,3303.1,3311.7,3323.0,3339.8,3354.9
常住人口数:甘肃:武威市,千人,1849.407143,1840.042253,42.89571369,0.701501877,-1.6000863669999998,0.023194305,1810.2,1918.3,1823.45,14,,,,,,,,,,,,,,,,,,,,,,,,,,,,,,,,,,,,,,,,,,,,,,,,,,,,,,,,,1893.8,1895.2,1901.6,1911.4,1918.3,1817.0,1819.7,1821.6,1810.2,1813.6,1816.4,1819.8,1825.3,1827.8
常住人口数:甘肃:张掖市,千人,1235.446154,1020.396026,31.94363827,0.700164387,-1.2646467670000001,0.025855952999999997,1201.0,1288.1,1224.2,13,,,,,,,,,,,,,,,,,,,,,,,,,,,,,,,,,,,,,,,,,,,,,,,,,,,,,,,,,,1271.5,1275.5,1281.6,1288.1,1201.0,1204.6,1207.6,1210.5,1213.3,1219.8,1224.2,1229.3,1233.8
常住人口数:甘肃:平凉市,千人,2124.2615379999997,2511.222564,50.11209998,0.7090166940000001,-1.3642374240000001,0.023590363,2070.0,2201.5,2103.1,13,,,,,,,,,,,,,,,,,,,,,,,,,,,,,,,,,,,,,,,,,,,,,,,,,,,,,,,,,,2187.2,2190.3,2195.8,2201.5,2070.0,2076.7,2081.9,2086.7,2092.3,2098.0,2103.1,2112.8,2119.1
常住人口数:甘肃:酒泉市,千人,1052.376471,4490.380662,67.01030265,-0.220661952,-1.990293268,0.063675219,962.0,1127.0,1097.0,17,,,,,,,,,,,,,,,,,,,,,,,,,,,,,,,,,,,,,,,,,,,,,,,,,,,,,,962.0,966.2,971.7,977.6,982.9,990.3,1013.2,1018.8,1097.0,1100.7,1104.4,1108.3,1111.9,1115.4,1119.4,1123.6,1127.0
常住人口数:甘肃:庆阳市,千人,2302.683333,16567.88879,128.7163113,1.268411201,-0.388186174,0.055898399,2214.0,2521.6,2236.2,12,,,,,,,,,,,,,,,,,,,,,,,,,,,,,,,,,,,,,,,,,,,,,,,,,,,,,,,,,,2508.9,2512.7,2521.6,,2214.0,2214.8,2218.4,2222.7,2223.5,2230.5,2241.9,2256.6,2266.6
常住人口数:甘肃:定西市,千人,2828.1642859999997,7962.8378569999995,89.23473459,0.200261095,-1.5011632719999999,0.031552175,2701.0,2944.1,2799.1,14,,,,,,,,,,,,,,,,,,,,,,,,,,,,,,,,,,,,,,,,,,,,,,,,,,,,,,,,,2944.1,2926.6,2930.8,2935.1,2941.3,2701.0,2705.1,2769.2,2770.7,2772.2,2778.3,2789.8,2808.4,2821.7
常住人口数:甘肃:陇南市,千人,2599.192857,549.4099451000001,23.43949541,-0.292313975,-1.273426508,0.00901799,2560.9,2634.3,2606.55,14,,,,,,,,,,,,,,,,,,,,,,,,,,,,,,,,,,,,,,,,,,,,,,,,,,,,,,,,,2609.0,2610.2,2614.4,2617.9,2622.1,2570.0,2560.9,2569.5,2575.2,2587.1,2590.9,2604.1,2623.1,2634.3
常住人口数:青海:西宁市,千人,2195.65,13337.10029,115.48636409999999,-0.157627244,-1.101300079,0.052597802,2002.0,2371.1,2206.85,18,,,,,,,,,,,,,,,,,,,,,,,,,,,,,,,,,,,,,,,,,,,,,,,,,,,,,2002.0,2024.6,2049.7,2069.6,2099.0,2127.3,2153.6,2177.9,2205.0,2208.7,2228.0,2247.4,2267.6,2290.7,2310.8,2333.7,2355.0,2371.1
常住人口数:宁夏:银川市,千人,2007.7100829999997,50695.76256,225.15719520000002,-0.912418597,-0.640364841,0.112146269,1617.1,2250.56,2064.518,12,,,,,,,,,,,,,,,,,,,,,,,,,,,,,,,,,,,,,,,,,,,,,,,,,,,,,,,,,,,1617.1,1654.3,1701.8,2004.46,2025.74,2046.34,2082.7,2128.94,2164.1,2191.1,2225.39,2250.56
常住人口数:宁夏:石嘴山市,千人,762.7282727,955.1887583999999,30.90612817,0.22284416199999998,-1.873485795,0.040520496,727.005,804.442,759.311,11,,,,,,,,,,,,,,,,,,,,,,,,,,,,,,,,,,,,,,,,,,,,,,,,,,,,,,,,,,,730.4,734.4,,727.01,734.07,741.59,759.31,772.68,788.01,795.13,802.98,804.44
常住人口数:宁夏:吴忠市,千人,1350.475889,2327.671288,48.24594582,-0.089235453,-1.5140657069999999,0.035725144,1282.132,1415.3870000000002,1352.942,9,,,,,,,,,,,,,,,,,,,,,,,,,,,,,,,,,,,,,,,,,,,,,,,,,,,,,,,,,,,,,,1282.13,1294.8,1312.46,1331.03,1352.94,1373.2,1388.6,1403.74,1415.39
常住人口数:宁夏:固原市,千人,1235.4227779999999,249.5910259,15.79845011,0.371623521,0.111436676,0.01278789,1211.8,1264.281,1233.2,9,,,,,,,,,,,,,,,,,,,,,,,,,,,,,,,,,,,,,,,,,,,,,,,,,,,,,,,,,,,,,,1233.2,1247.06,1264.28,1244.08,1227.37,1211.8,1220.4,1228.24,1242.38
常住人口数:宁夏:中卫市,千人,1129.1557779999998,886.0489689,29.76657469,-0.354998077,-1.160088816,0.026361796,1082.757,1168.358,1133.452,9,,,,,,,,,,,,,,,,,,,,,,,,,,,,,,,,,,,,,,,,,,,,,,,,,,,,,,,,,,,,,,1082.76,1092.88,1107.24,1124.83,1133.45,1141.6,1153.76,1157.53,1168.36
常住人口数:新疆:乌鲁木齐市,千人,3405.0625,26924.02554,164.0854215,-1.0597426540000001,-0.34014009,0.048188667000000004,3113.0,3550.0,3482.9,8,,,,,,,,,,,,,,,,,,,,,,,,,,,,,,,,,,,,,,,,,,,,,,,,,,,,,,,,,,,,,,3113.0,3212.1,3350.0,3460.0,3530.0,3550.0,3519.6,,3505.8
常住人口数:新疆:克拉玛依市,千人,359.3340526,2915.9721640000002,53.99974226,-0.090617961,-1.142029591,0.150277275,276.3,449.08099999999996,375.789,19,,,,,,,,,,,,,,,,,,,,,,,,,,,,,,,,,,,,,,,,,,,,,,,,,,,,276.3,284.26,290.04,306.04,305.77,297.38,323.28,355.38,386.22,393.48,375.1,378.2,375.79,379.24,389.79,401.47,417.75,442.77,449.08
