指标名称,商品房销售面积_:地级市合计,商品房销售面积_:北京,商品房销售面积_:天津,商品房销售面积_:河北:石家庄,商品房销售面积_:河北:唐山,商品房销售面积_:河北:秦皇岛市,商品房销售面积_:河北:邯郸市,商品房销售面积_:河北:邢台市,商品房销售面积_:河北:保定市,商品房销售面积_:河北:张家口市,商品房销售面积_:河北:承德市,商品房销售面积_:河北:沧州市,商品房销售面积_:河北:廊坊市,商品房销售面积_:河北:衡水市,商品房销售面积_:山西:太原市,商品房销售面积_:山西:大同市,商品房销售面积_:山西:阳泉市,商品房销售面积_:山西:长治市,商品房销售面积_:山西:晋城市,商品房销售面积_:山西:朔州市,商品房销售面积_:山西:晋中市,商品房销售面积_:山西:运城市,商品房销售面积_:山西:忻州市,商品房销售面积_:山西:临汾市,商品房销售面积_:山西:吕梁市,商品房销售面积_:内蒙古:呼和浩特市,商品房销售面积_:内蒙古:包头市,商品房销售面积_:内蒙古:乌海市,商品房销售面积_:内蒙古:赤峰市,商品房销售面积_:内蒙古:通辽市,商品房销售面积_:内蒙古:鄂尔多斯市,商品房销售面积_:内蒙古:呼伦贝尔市,商品房销售面积_:内蒙古:巴彦淖尔市,商品房销售面积_:内蒙古:乌兰察布市,商品房销售面积_:辽宁:沈阳市,商品房销售面积_:辽宁:大连市,商品房销售面积_:辽宁:鞍山市,商品房销售面积_:辽宁:抚顺市,商品房销售面积_:辽宁:本溪市,商品房销售面积_:辽宁:丹东市,商品房销售面积_:辽宁:锦州市,商品房销售面积_:辽宁:营口市,商品房销售面积_:辽宁:阜新市,商品房销售面积_:辽宁:辽阳市,商品房销售面积_:辽宁:盘锦市,商品房销售面积_:辽宁:铁岭市,商品房销售面积_:辽宁:朝阳市,商品房销售面积_:辽宁:葫芦岛市,商品房销售面积_:吉林:长春市,商品房销售面积_:吉林:吉林市,商品房销售面积_:吉林:四平市,商品房销售面积_:吉林:辽源市,商品房销售面积_:吉林:通化市,商品房销售面积_:吉林:白山市,商品房销售面积_:吉林:松原市,商品房销售面积_:吉林:白城市,商品房销售面积_:黑龙江:哈尔滨市,商品房销售面积_:黑龙江:齐齐哈尔市,商品房销售面积_:黑龙江:鸡西市,商品房销售面积_:黑龙江:鹤岗市,商品房销售面积_:黑龙江:双鸭山市,商品房销售面积_:黑龙江:大庆市,商品房销售面积_:黑龙江:伊春市,商品房销售面积_:黑龙江:佳木斯市,商品房销售面积_:黑龙江:七台河市,商品房销售面积_:黑龙江:牡丹江市,商品房销售面积_:黑龙江:黑河市,商品房销售面积_:黑龙江:绥化市,商品房销售面积_:上海,商品房销售面积_:江苏:南京市,商品房销售面积_:江苏:无锡市,商品房销售面积_:江苏:徐州市,商品房销售面积_:江苏:常州市,商品房销售面积_:江苏:苏州市,商品房销售面积_:江苏:南通市,商品房销售面积_:江苏:连云港市,商品房销售面积_:江苏:淮安市,商品房销售面积_:江苏:盐城市,商品房销售面积_:江苏:扬州市,商品房销售面积_:江苏:镇江市,商品房销售面积_:江苏:泰州市,商品房销售面积_:江苏:宿迁市,商品房销售面积_:浙江:杭州市,商品房销售面积_:浙江:宁波市,商品房销售面积_:浙江:温州市,商品房销售面积_:浙江:嘉兴市,商品房销售面积_:浙江:湖州市,商品房销售面积_:浙江:绍兴市,商品房销售面积_:浙江:金华市,商品房销售面积_:浙江:衢州市,商品房销售面积_:浙江:舟山市,商品房销售面积_:浙江:台州市,商品房销售面积_:浙江:丽水市,商品房销售面积_:安徽:合肥市,商品房销售面积_:安徽:芜湖市,商品房销售面积_:安徽:蚌埠市,商品房销售面积_:安徽:淮南市,商品房销售面积_:安徽:马鞍山市,商品房销售面积_:安徽:淮北市,商品房销售面积_:安徽:铜陵市,商品房销售面积_:安徽:安庆市,商品房销售面积_:安徽:黄山市,商品房销售面积_:安徽:滁州市,商品房销售面积_:安徽:阜阳市,商品房销售面积_:安徽:宿州市,商品房销售面积_:安徽:巢湖市,商品房销售面积_:安徽:六安市,商品房销售面积_:安徽:亳州市,商品房销售面积_:安徽:池州市,商品房销售面积_:安徽:宣城市,商品房销售面积_:福建:福州市,商品房销售面积_:福建:厦门市,商品房销售面积_:福建:莆田市,商品房销售面积_:福建:三明市,商品房销售面积_:福建:泉州市,商品房销售面积_:福建:漳州市,商品房销售面积_:福建:南平市,商品房销售面积_:福建:龙岩市,商品房销售面积_:福建:宁德市,商品房销售面积_:江西:南昌市,商品房销售面积_:江西:景德镇市,商品房销售面积_:江西:萍乡市,商品房销售面积_:江西:九江市,商品房销售面积_:江西:新余市,商品房销售面积_:江西:鹰潭市,商品房销售面积_:江西:赣州市,商品房销售面积_:江西:吉安市,商品房销售面积_:江西:宜春市,商品房销售面积_:江西:抚州市,商品房销售面积_:江西:上饶市,商品房销售面积_:山东:济南市,商品房销售面积_:山东:青岛市,商品房销售面积_:山东:淄博市,商品房销售面积_:山东:枣庄市,商品房销售面积_:山东:东营市,商品房销售面积_:山东:烟台市,商品房销售面积_:山东:潍坊市,商品房销售面积_:山东:济宁市,商品房销售面积_:山东:泰安市,商品房销售面积_:山东:威海市,商品房销售面积_:山东:日照市,商品房销售面积_:山东:莱芜市,商品房销售面积_:山东:临沂市,商品房销售面积_:山东:德州市,商品房销售面积_:山东:聊城市,商品房销售面积_:山东:滨州市,商品房销售面积_:山东:菏泽市,商品房销售面积_:河南:郑州市,商品房销售面积_:河南:开封市,商品房销售面积_:河南:洛阳市,商品房销售面积_:河南:平顶山市,商品房销售面积_:河南:安阳市,商品房销售面积_:河南:鹤壁市,商品房销售面积_:河南:新乡市,商品房销售面积_:河南:焦作市,商品房销售面积_:河南:濮阳市,商品房销售面积_:河南:许昌市,商品房销售面积_:河南:漯河市,商品房销售面积_:河南:三门峡市,商品房销售面积_:河南:南阳市,商品房销售面积_:河南:商丘市,商品房销售面积_:河南:信阳市,商品房销售面积_:河南:周口市,商品房销售面积_:河南:驻马店市,商品房销售面积_:湖北:武汉市,商品房销售面积_:湖北:黄石市,商品房销售面积_:湖北:十堰市,商品房销售面积_:湖北:宜昌市,商品房销售面积_:湖北:襄阳市,商品房销售面积_:湖北:鄂州市,商品房销售面积_:湖北:荆门市,商品房销售面积_:湖北:孝感市,商品房销售面积_:湖北:荆州市,商品房销售面积_:湖北:黄冈市,商品房销售面积_:湖北:咸宁市,商品房销售面积_:湖北:随州市,商品房销售面积_:湖南:长沙市,商品房销售面积_:湖南:株洲市,商品房销售面积_:湖南:湘潭市,商品房销售面积_:湖南:衡阳市,商品房销售面积_:湖南:邵阳市,商品房销售面积_:湖南:岳阳市,商品房销售面积_:湖南:常德市,商品房销售面积_:湖南:张家界市,商品房销售面积_:湖南:益阳市,商品房销售面积_:湖南:郴州市,商品房销售面积_:湖南:永州市,商品房销售面积_:湖南:怀化市,商品房销售面积_:湖南:娄底市,商品房销售面积_:广东:广州市,商品房销售面积_:广东:韶关市,商品房销售面积_:广东:深圳市,商品房销售面积_:广东:珠海市,商品房销售面积_:广东:汕头市,商品房销售面积_:广东:佛山市,商品房销售面积_:广东:江门市,商品房销售面积_:广东:湛江市,商品房销售面积_:广东:茂名市,商品房销售面积_:广东:肇庆市,商品房销售面积_:广东:惠州市,商品房销售面积_:广东:梅州市,商品房销售面积_:广东:汕尾市,商品房销售面积_:广东:河源市,商品房销售面积_:广东:阳江市,商品房销售面积_:广东:清远市,商品房销售面积_:广东:东莞市,商品房销售面积_:广东:中山市,商品房销售面积_:广东:潮州市,商品房销售面积_:广东:揭阳市,商品房销售面积_:广东:云浮市,商品房销售面积_:广西:南宁市,商品房销售面积_:广西:柳州市,商品房销售面积_:广西:桂林市,商品房销售面积_:广西:梧州市,商品房销售面积_:广西:北海市,商品房销售面积_:广西:防城港市,商品房销售面积_:广西:钦州市,商品房销售面积_:广西:贵港市,商品房销售面积_:广西:玉林市,商品房销售面积_:广西:百色市,商品房销售面积_:广西:贺州市,商品房销售面积_:广西:河池市,商品房销售面积_:广西:来宾市,商品房销售面积_:广西:崇左市,商品房销售面积_:海南:海口市,商品房销售面积_:海南:三亚市,商品房销售面积_:重庆,商品房销售面积_:四川:成都市,商品房销售面积_:四川:自贡市,商品房销售面积_:四川:攀枝花市,商品房销售面积_:四川:泸州市,商品房销售面积_:四川:德阳市,商品房销售面积_:四川:绵阳市,商品房销售面积_:四川:广元市,商品房销售面积_:四川:遂宁市,商品房销售面积_:四川:内江市,商品房销售面积_:四川:乐山市,商品房销售面积_:四川:南充市,商品房销售面积_:四川:眉山市,商品房销售面积_:四川:宜宾市,商品房销售面积_:四川:广安市,商品房销售面积_:四川:达州市,商品房销售面积_:四川:雅安市,商品房销售面积_:四川:巴中市,商品房销售面积_:四川:资阳市,商品房销售面积_:贵州:贵阳市,商品房销售面积_:贵州:六盘水市,商品房销售面积_:贵州:遵义市,商品房销售面积_:贵州:安顺市,商品房销售面积_:云南:昆明市,商品房销售面积_:云南:曲靖市,商品房销售面积_:云南:玉溪市,商品房销售面积_:云南:保山市,商品房销售面积_:云南:昭通市,商品房销售面积_:云南:丽江市,商品房销售面积_:云南:普洱市,商品房销售面积_:云南:临沧市,商品房销售面积_:西藏:拉萨,商品房销售面积_:陕西:西安市,商品房销售面积_:陕西:铜川市,商品房销售面积_:陕西:宝鸡市,商品房销售面积_:陕西:咸阳市,商品房销售面积_:陕西:渭南市,商品房销售面积_:陕西:延安市,商品房销售面积_:陕西:汉中市,商品房销售面积_:陕西:榆林市,商品房销售面积_:陕西:安康市,商品房销售面积_:陕西:商洛市,商品房销售面积_:甘肃:兰州市,商品房销售面积_:甘肃:嘉峪关市,商品房销售面积_:甘肃:金昌市,商品房销售面积_:甘肃:白银市,商品房销售面积_:甘肃:天水市,商品房销售面积_:甘肃:武威市,商品房销售面积_:甘肃:张掖市,商品房销售面积_:甘肃:平凉市,商品房销售面积_:甘肃:酒泉市,商品房销售面积_:甘肃:庆阳市,商品房销售面积_:甘肃:定西市,商品房销售面积_:甘肃:陇南市,商品房销售面积_:青海:西宁市,商品房销售面积_:宁夏:银川市,商品房销售面积_:宁夏:石嘴山市,商品房销售面积_:宁夏:吴忠市,商品房销售面积_:宁夏:固原市,商品房销售面积_:宁夏:中卫市,商品房销售面积_:新疆:乌鲁木齐市,商品房销售面积_:新疆:克拉玛依市
2002,261802.0,17083.4,5639.98,999.48,1170.0,563.0,724.0,307.0,561.0,280.0,285.0,371.0,1066.0,263.0,825.91,479.0,226.0,128.0,270.0,113.0,243.0,219.0,51.0,206.0,160.0,1206.87,752.0,206.0,383.0,186.0,357.0,517.0,194.0,85.0,2060.69,4198.56,837.0,490.0,442.0,632.0,443.0,974.0,432.0,413.0,318.0,548.0,429.0,557.0,1991.79,1284.0,207.0,264.0,165.0,127.0,63.0,158.0,3491.03,929.0,58.0,261.0,116.0,395.0,317.0,395.0,232.0,467.0,48.0,96.0,19714.7,3820.51,2354.0,1027.0,2486.0,5397.0,2037.0,773.0,881.0,968.0,1146.0,787.0,980.0,563.0,4432.37,3980.66,2098.0,1802.0,1634.0,2665.0,2003.0,1119.0,520.0,1191.0,747.0,1952.02,251.0,144.0,324.0,444.0,238.0,315.0,324.0,465.0,642.0,485.0,693.0,409.0,291.0,226.0,480.0,272.0,3589.1,2261.07,496.0,652.0,1324.0,780.0,684.0,268.0,418.0,1088.75,361.0,199.0,812.0,206.0,114.0,889.0,306.0,574.0,533.0,478.0,1946.1,4269.02,1333.0,540.0,681.0,1717.0,1053.0,701.0,450.0,1227.0,403.0,154.0,752.0,615.0,622.0,222.0,273.0,1630.56,344.0,848.0,338.0,519.0,44.0,397.0,140.0,273.0,239.0,266.0,115.0,416.0,114.0,224.0,362.0,98.0,4502.67,315.0,282.0,474.0,609.0,181.0,126.0,513.0,316.0,221.0,79.0,137.0,2320.98,410.0,466.0,378.0,93.0,472.0,710.0,182.0,211.0,318.0,70.0,223.0,42.0,7280.7,3812.0,3812.19,1432.0,515.0,195.0,589.0,564.0,56.0,951.0,1251.0,1553.0,3092.0,283.0,294.0,318.0,709.0,506.0,304.0,342.0,120.0,1108.26,888.0,604.0,330.0,100.0,63.0,46.0,250.0,54.0,31.0,7.0,,,,567.56,155.0,10165.83,8090.01,763.0,132.0,1004.0,862.0,1155.0,260.0,420.0,495.0,635.0,1136.0,642.0,523.0,704.0,307.0,225.0,251.0,926.0,2045.07,142.0,770.0,276.0,2561.12,316.0,296.0,61.0,,179.0,26.0,19.0,,2567.18,141.0,549.0,305.0,188.0,88.0,455.0,63.0,300.0,46.0,782.23,,,35.0,158.0,105.0,165.0,49.0,130.0,45.0,158.0,23.0,474.21,849.53,117.0,192.0,15.0,,2524.26,141.0
2003,330444.0,18957.69,7864.96,1180.66,1416.0,813.0,1057.0,512.0,560.0,546.0,848.0,579.0,1193.0,688.0,842.67,481.0,373.0,284.0,326.0,135.0,262.0,428.0,76.0,305.0,84.0,1373.81,1140.0,307.0,452.0,322.0,332.0,585.0,254.0,295.0,3247.97,4981.41,584.0,478.0,448.0,543.0,670.0,911.0,615.0,453.0,197.0,517.0,539.0,805.0,1852.27,1252.0,188.0,143.0,277.0,229.0,147.0,132.0,3907.78,1280.0,99.0,280.0,129.0,624.0,240.0,482.0,310.0,419.0,46.0,163.0,23764.0,4444.85,3046.0,1001.0,2059.0,6149.0,2004.0,1025.0,1209.0,1443.0,1928.0,1090.0,1224.0,655.0,5554.84,5485.91,2894.0,2465.0,1675.0,2262.0,2719.0,1493.0,657.0,1685.0,835.0,2900.09,1075.0,488.0,403.0,652.0,142.0,480.0,707.0,597.0,374.0,320.0,349.0,502.0,690.0,281.0,362.0,651.0,4521.09,2944.24,226.0,464.0,1750.0,765.0,730.0,488.0,613.0,1351.01,655.0,363.0,777.0,351.0,257.0,1328.0,444.0,714.0,1227.0,1056.0,2562.28,4626.76,1740.0,765.0,788.0,2124.0,1969.0,942.0,623.0,1639.0,649.0,173.0,998.0,1083.0,1129.0,308.0,396.0,2693.27,422.0,1522.0,240.0,503.0,19.0,351.0,232.0,400.0,169.0,485.0,106.0,525.0,107.0,415.0,239.0,168.0,5427.91,438.0,451.0,806.0,929.0,343.0,186.0,1117.0,430.0,320.0,159.0,241.0,3274.63,996.0,655.0,436.0,256.0,459.0,815.0,164.0,187.0,547.0,120.0,278.0,180.0,8155.02,688.0,4117.06,1422.0,1379.0,3955.0,1498.0,441.0,291.0,921.0,861.0,831.0,96.0,313.0,538.0,817.0,1650.0,1493.0,417.0,510.0,221.0,1921.97,972.0,1052.0,330.0,141.0,41.0,91.0,269.0,100.0,39.0,21.0,59.0,7.0,,956.72,140.0,13168.27,9663.49,988.0,363.0,1335.0,1088.0,1539.0,339.0,842.0,632.0,1117.0,1217.0,1071.0,936.0,968.0,971.0,269.0,326.0,805.0,2290.42,417.0,1186.0,236.0,3174.37,430.0,293.0,79.0,137.0,281.0,56.0,15.0,,2527.37,246.0,614.0,579.0,243.0,289.0,600.0,112.0,423.0,68.0,861.41,281.0,23.0,118.0,143.0,113.0,211.0,97.0,149.0,80.0,88.0,53.0,579.25,1703.04,312.0,254.0,55.0,,3038.01,346.0
2004,356528.0,27708.09,8581.17,1210.8,2237.0,1190.0,692.0,679.0,1179.0,1437.0,855.0,744.0,2040.0,961.0,1262.81,419.0,500.0,354.0,291.0,343.0,568.0,510.0,49.0,267.0,79.0,1581.39,1437.0,557.0,524.0,342.0,618.0,753.0,341.0,286.0,5243.13,4862.46,941.0,659.0,586.0,571.0,506.0,1063.0,640.0,431.0,244.0,369.0,625.0,749.0,1940.86,966.0,61.0,296.0,330.0,71.0,35.0,4.0,4594.18,1584.0,186.0,276.0,299.0,633.0,267.0,416.0,238.0,818.0,65.0,164.0,36420.47,6079.61,4101.0,793.0,2366.0,7071.0,2283.0,1267.0,1212.0,1220.0,2271.0,1284.0,1308.0,573.0,6051.37,5165.43,3136.0,2443.0,1785.0,3597.0,2911.0,1472.0,654.0,1757.0,632.0,3692.3,896.0,889.0,465.0,1156.0,605.0,542.0,1406.0,1000.0,473.0,595.0,264.0,698.0,830.0,376.0,478.0,636.0,4166.19,3058.94,515.0,525.0,2270.0,746.0,1002.0,704.0,862.0,2127.83,800.0,630.0,1083.0,480.0,381.0,1963.0,1156.0,890.0,1298.0,1823.0,2576.44,5162.59,,,,,,,,,,,,,,,,3144.82,529.0,1677.0,350.0,762.0,68.0,546.0,517.0,399.0,247.0,506.0,54.0,631.0,101.0,561.0,179.0,219.0,6580.8,380.0,376.0,924.0,1008.0,332.0,213.0,630.0,433.0,176.0,136.0,336.0,4705.05,1133.0,938.0,494.0,264.0,718.0,1168.0,390.0,229.0,871.0,218.0,394.0,189.0,8726.67,822.0,3816.9,1157.0,1264.0,3924.0,1377.0,443.0,747.0,880.0,1011.0,767.0,94.0,185.0,484.0,651.0,1606.0,1593.0,272.0,448.0,225.0,3336.68,1330.0,1381.0,292.0,352.0,172.0,138.0,,207.0,134.0,,190.0,66.0,13.0,1077.24,176.0,13293.2,7572.71,699.0,394.0,1420.0,1165.0,1434.0,222.0,610.0,726.0,842.0,1264.0,913.0,821.0,961.0,873.0,55.0,345.0,631.0,2247.93,351.0,1641.0,239.0,2522.04,,,,,,,,,2094.36,246.0,652.0,324.0,286.0,223.0,627.0,119.0,400.0,28.0,1423.79,14.0,6.0,124.0,186.0,106.0,188.0,184.0,186.0,81.0,39.0,30.0,733.97,2063.74,422.0,268.0,60.0,,2518.99,516.0
2005,529279.3,31234.25,14083.74,2232.01,1630.8,1617.5,1055.2,576.5,977.6,1183.4,679.4,1003.3,2300.3,831.3,2189.93,664.1,580.0,492.0,487.8,412.0,771.0,750.2,142.0,291.4,106.6,2241.13,2174.9,852.7,940.2,354.3,1116.4,1014.8,875.7,470.6,9960.88,5949.4,955.0,791.0,886.0,1002.0,568.0,1612.0,953.0,734.0,363.0,797.0,488.0,586.0,3400.41,2148.7,341.9,370.6,572.8,277.3,83.2,29.9,5774.16,1576.0,267.9,428.9,293.3,1052.2,346.8,370.9,381.9,534.8,56.2,628.1,31588.75,9466.2,5967.8,2730.4,4225.3,11285.2,3269.0,1448.6,1743.5,1781.2,3480.2,2046.0,2100.9,1912.8,7041.86,4669.84,2619.0,3865.0,2485.0,3672.0,3624.0,1387.0,878.0,1843.0,974.0,5994.7,1216.0,1104.6,420.1,1839.8,714.8,470.2,1406.0,670.7,625.9,898.8,390.0,846.3,860.0,265.8,594.6,798.6,8413.23,3266.51,649.3,980.1,1157.4,1717.2,890.4,1023.3,1041.0,3814.2,843.2,667.6,1117.9,839.6,246.8,2524.5,1561.9,1442.4,1906.4,1536.9,2612.5,9239.23,2553.8,1179.1,1619.7,4101.5,3858.8,1436.8,1024.4,2245.4,985.9,721.0,1249.9,1771.6,1422.4,471.9,1055.5,6136.85,427.2,2041.7,624.4,986.3,72.4,1192.3,741.3,455.2,685.8,769.2,160.6,829.0,236.1,1109.3,424.5,216.5,9140.59,801.8,1056.5,1061.1,1074.3,413.5,408.7,799.1,528.2,602.0,220.0,407.8,6740.76,1766.8,1005.4,863.2,502.0,1075.2,1619.5,340.7,433.5,1335.4,976.1,994.1,404.6,12722.75,1039.9,11228.19,1907.3,1550.1,5361.8,1988.7,920.3,862.0,1069.7,1494.0,652.0,137.2,422.7,666.8,1164.2,3218.5,2955.6,374.8,418.1,234.6,4557.15,2564.2,2581.8,367.7,275.2,110.0,654.2,789.0,517.0,545.9,143.4,351.2,891.4,142.5,1925.29,312.0,20176.56,12273.3,1242.6,735.3,1709.8,1766.5,1988.9,576.1,988.0,981.3,1249.1,1983.0,1115.5,1967.8,1920.1,1543.4,129.4,619.5,903.4,3687.1,315.1,1670.0,412.0,7831.16,1434.8,480.1,352.8,232.3,712.5,168.7,496.8,146.2,4562.79,459.2,847.8,674.1,402.3,158.5,795.3,244.3,507.2,118.2,2313.45,36.4,57.2,136.2,264.7,176.7,149.9,91.3,261.5,174.4,105.5,36.1,1108.78,2643.74,345.8,382.6,96.1,310.7,2430.35,893.5
2006,,26076.18,14585.98,3035.26,2289.2,2053.7,1136.0,917.5,1604.6,1564.6,1040.2,116.03,2716.9,661.5,1372.34,796.0,630.0,1039.1,319.6,490.4,1277.2,935.0,434.0,368.4,252.3,2153.22,2620.0,1099.8,1740.0,650.2,2392.7,1225.0,905.8,407.2,12437.89,6287.83,1098.5,847.2,1010.0,1041.1,1128.0,1659.3,596.0,644.0,444.3,954.8,1128.0,986.0,4082.53,2279.0,288.0,267.0,798.0,263.0,334.0,28.0,6744.08,1511.0,311.8,480.5,217.4,2005.0,160.3,522.5,590.0,609.0,170.6,650.1,30254.0,10105.05,6485.8,2884.6,4791.2,13913.8,4717.5,1945.4,2048.7,2657.2,3919.3,2453.5,2637.4,2470.5,7617.61,6093.14,2628.3,3606.4,2447.4,3871.2,2727.2,1813.0,918.0,2597.2,1130.1,6503.11,1464.4,1219.1,595.0,2279.4,724.7,732.1,1503.9,897.0,1088.0,1298.0,563.3,933.0,365.7,513.8,965.2,965.2,6645.83,4332.67,832.1,992.6,1859.7,1671.6,1235.0,1580.6,1066.9,3835.09,749.0,540.0,1451.0,1181.0,148.0,2659.8,2102.1,1620.0,1821.0,1663.3,2846.55,7184.14,3759.9,1606.2,2258.6,4589.4,3389.2,2352.6,1224.7,3553.4,1106.2,463.2,2031.4,1898.3,1473.4,538.0,1912.9,8008.23,519.0,3037.4,740.8,1204.7,234.2,1642.5,1231.3,667.4,907.1,873.6,176.4,1184.9,494.3,1772.8,753.5,422.4,9608.81,997.3,1261.0,1802.7,1193.0,472.8,541.2,1018.4,785.0,868.7,517.2,642.4,7416.86,2153.7,1664.0,1078.5,555.7,898.5,1680.7,298.3,806.1,1358.0,609.5,724.6,603.5,13168.84,1038.7,7490.78,1881.0,1658.4,6704.7,2120.4,1068.9,868.6,1148.7,2547.1,695.8,140.3,691.7,618.1,1403.3,3820.4,3822.6,316.0,301.8,279.5,4560.05,2117.8,2370.4,539.8,634.7,154.2,757.3,907.9,894.8,868.3,263.4,226.1,392.5,333.2,1416.43,522.9,22284.59,15905.59,1325.5,956.7,1864.2,2252.1,2397.3,596.8,1000.2,1184.7,1408.4,2291.1,1325.6,1945.2,1470.3,1994.1,366.8,742.3,1269.4,3877.16,,,,9132.99,1803.0,552.0,290.7,293.2,648.0,237.8,284.2,441.0,6215.02,464.3,1092.0,663.0,739.5,110.5,1016.9,53.8,577.2,130.8,2086.34,207.3,258.1,385.2,457.9,208.0,282.5,189.2,352.0,306.4,203.9,32.8,1064.42,2399.89,493.4,467.0,158.1,281.0,4134.52,491.0
2007,739063.8,21765.73,15485.93,3935.8,1671.2,2140.3,964.2,1312.5,2309.6,2008.2,1008.5,906.5,3591.7,829.6,1672.27,984.9,773.0,686.0,208.0,788.7,1238.6,1263.2,556.4,466.8,497.5,2258.93,3068.6,1589.7,2017.1,1752.4,4163.7,1869.3,971.0,1419.0,14620.43,8282.38,1232.5,1049.0,1248.6,1920.2,1778.1,1832.4,664.7,1099.2,521.8,1348.2,1339.7,1367.1,5137.73,2287.1,538.9,459.7,894.2,315.4,746.3,188.9,7489.5,1614.0,408.4,481.2,467.9,2308.2,181.3,795.6,513.5,1053.4,134.8,874.0,36949.58,11378.79,7677.4,3577.0,5794.9,19144.6,5182.9,2718.6,3236.8,3136.5,4306.6,3010.9,3142.4,3680.1,11502.83,8044.28,2971.0,4188.0,2881.0,4794.0,3671.0,1846.0,1365.0,2813.0,1344.0,10426.88,1959.2,1183.4,1040.1,2282.4,860.5,546.1,1941.8,1151.0,1347.5,1656.8,819.9,1572.3,1733.0,387.0,592.4,1494.9,6456.3,4977.01,1264.2,1572.7,2938.7,2683.1,1751.1,1344.7,1231.8,4789.93,795.5,569.7,2468.1,1256.9,281.2,3294.8,2174.0,2273.9,1915.2,1936.7,3202.45,8332.91,4614.7,1572.0,2582.6,5636.1,5029.4,2063.4,1541.4,4021.0,1650.6,763.0,2928.5,1952.9,1488.9,1143.5,2096.6,10978.95,681.4,4397.1,929.0,2297.9,512.9,2157.3,1729.4,836.1,2278.1,1391.0,370.5,2151.7,1000.7,3082.5,1940.2,2117.8,11354.13,1189.0,1446.0,2145.8,1514.0,580.0,928.0,1080.0,1379.8,1548.7,797.8,426.3,9785.59,3348.7,1870.3,1236.2,583.3,1500.8,2113.2,272.7,1434.7,1016.8,1259.9,1141.9,976.0,13513.32,1627.2,5551.1,3350.4,1828.6,7661.6,2651.8,990.0,1138.9,1575.1,3909.9,713.8,456.9,1066.0,861.0,2396.8,5730.0,5140.3,468.5,731.4,390.6,6288.41,2756.0,2885.4,780.0,823.8,290.4,807.0,1213.5,1360.1,1036.0,308.0,435.5,516.0,627.8,1704.65,790.0,35529.23,22255.0,1407.3,964.7,1612.8,1732.3,2217.8,692.5,1972.5,1221.1,1600.7,2568.0,1609.4,2108.7,1965.2,2066.1,260.1,1073.0,1376.9,4392.82,911.7,2157.5,421.6,9288.24,255.2,627.9,59.5,178.2,194.7,103.5,339.8,588.6,8339.2,446.5,1223.5,833.2,855.3,451.3,1125.9,388.2,693.3,136.6,2689.84,452.2,373.7,286.6,429.7,241.9,378.1,172.8,285.9,221.8,318.4,57.2,1395.48,3359.69,624.2,522.9,219.5,351.3,4986.93,599.0
2008,625096.41,13353.66,12520.44,3388.6,3134.1,1326.1,1506.5,1134.9,1632.6,2372.7,1156.1,1790.8,4225.7,650.2,1829.38,697.8,803.6,707.7,384.2,476.6,1417.6,1946.3,722.5,619.7,364.1,3318.91,4187.3,1366.9,2088.0,1222.7,4131.9,2927.7,1398.8,1551.1,14650.53,8227.07,2475.1,985.6,1276.0,1932.3,2005.0,2280.2,675.4,1126.5,990.1,1486.9,1379.0,1422.1,5706.43,3701.8,748.1,573.4,1163.5,633.9,988.6,252.2,5870.76,1542.1,307.6,340.9,389.9,2412.0,191.2,918.5,388.0,976.0,164.9,1205.0,22961.2,7035.48,5373.5,2942.7,5044.9,10073.6,4193.5,2980.0,2639.4,2869.1,3043.8,2140.6,3028.7,3545.5,7750.2,4483.78,1728.0,3332.2,1963.4,2168.7,3367.8,1291.4,741.0,2279.1,816.4,9331.27,1771.1,1261.9,1252.6,1107.1,766.6,385.4,2136.9,1048.0,1288.7,1259.8,899.0,1481.7,1379.7,413.7,716.7,1358.1,3706.63,3894.66,894.7,794.9,2578.8,1763.8,1097.6,841.2,684.4,3354.79,644.8,559.2,1895.3,1170.8,433.6,2334.0,2052.0,1534.5,1625.3,1671.8,3711.61,7703.0,3989.4,1124.6,2639.7,6127.7,6472.7,2315.6,1644.2,3980.3,950.2,622.6,3763.7,1971.8,1432.5,2559.4,4067.5,7368.5,891.5,2701.2,993.9,1908.0,419.6,2252.2,1264.4,766.5,1086.1,858.8,643.8,2037.2,1619.3,2572.8,2260.5,1981.7,7320.74,891.2,1369.2,1407.8,1282.7,423.4,560.0,1140.0,1297.9,1275.8,881.8,546.7,8587.38,3543.6,1197.5,1220.2,673.4,1389.4,1538.6,357.6,1417.4,851.7,1077.5,977.6,895.0,10249.56,1383.0,4667.07,1742.7,1350.5,5428.8,2261.3,679.1,1475.0,1498.7,2959.0,707.6,449.0,467.1,753.3,1254.4,5096.3,3204.3,815.5,856.3,398.4,4972.33,2001.2,2655.5,647.0,1071.5,475.8,903.0,1020.0,1374.1,773.8,239.5,338.0,559.9,471.0,1762.94,911.3,28721.95,14594.96,1025.5,764.8,2021.8,973.0,1481.7,392.8,1656.8,1240.8,1105.9,1599.6,1102.9,1651.3,1323.3,1578.4,150.6,735.7,1401.9,4119.31,598.8,922.2,225.3,5859.17,2441.4,977.3,483.6,472.2,288.2,49.3,239.0,506.0,7672.27,301.6,1465.5,1138.2,1002.9,645.2,1068.6,611.5,822.4,214.9,1401.72,551.5,261.9,461.7,391.6,62.7,374.2,140.4,327.3,210.4,123.9,20.0,1083.12,3077.31,816.6,598.3,302.0,353.9,2960.98,761.6
2009,,23622.54,15900.25,3497.56,4186.7,2011.8,1972.1,1301.2,2192.3,3282.4,1371.4,2494.1,6277.2,1131.9,1837.95,578.0,930.0,1161.0,606.0,632.0,764.0,1894.0,818.0,664.0,456.0,3795.81,5701.0,837.0,2300.0,1261.0,4193.0,2664.0,1811.0,1373.0,15329.35,11526.83,3639.1,1573.7,1731.0,2484.4,2323.7,3577.0,892.8,1308.0,1539.6,2856.0,2101.0,2872.4,7157.17,4316.9,1381.9,717.1,1431.3,739.8,1209.7,222.9,7052.78,1836.2,435.3,530.1,256.2,3153.8,470.7,1429.6,443.6,1633.7,412.2,2349.4,33724.49,11869.44,11108.0,5444.0,9227.0,23461.0,6666.0,5145.0,5313.0,5027.0,5147.0,4586.0,4084.0,5403.0,14563.83,8151.77,3139.6,6814.0,4322.8,4765.0,4201.0,2313.0,1613.4,4224.0,1274.0,12979.51,2861.0,1756.0,1749.0,1146.0,1198.0,738.0,2675.0,1459.0,2126.0,1668.0,1336.0,2183.0,1700.0,664.0,1519.0,2552.0,6901.33,5292.88,1378.7,1934.5,3643.8,2765.9,1582.2,2139.8,1593.1,4946.86,891.0,701.0,2662.0,1507.0,404.0,3704.0,2039.0,2310.0,1989.0,1655.0,4410.63,12618.57,4756.0,1988.0,3291.0,6977.0,9086.0,2773.0,2082.0,5655.0,1113.0,499.0,3883.0,3219.0,1857.0,2355.0,4206.0,11971.02,1185.9,3785.5,1315.6,2440.6,595.5,2987.0,1801.0,1092.7,1549.3,768.0,670.7,2185.2,2027.4,3683.6,1716.6,3292.0,10869.85,1001.5,1579.0,2040.8,2245.0,487.5,977.2,1656.0,1213.2,1515.2,1050.0,1016.1,14065.8,4298.7,1764.5,2258.2,891.7,1783.3,2278.9,585.3,1559.6,1266.7,1690.1,1134.0,1125.1,13754.24,2248.7,7621.52,2897.3,1314.1,7795.1,3486.7,1074.3,1657.5,2785.2,5438.1,1017.5,544.7,847.5,1056.9,2886.1,6002.7,5635.3,963.9,1063.3,509.6,7317.44,2678.0,2738.0,,1759.7,756.0,1469.0,1161.0,1737.2,975.0,244.8,596.3,626.0,788.0,1917.77,1145.0,40028.92,27087.61,1663.0,747.0,3064.0,2221.0,2631.0,843.0,2387.0,2517.0,1890.0,2602.0,1920.0,1991.0,1722.0,2780.0,370.0,741.0,2227.0,8182.24,1271.0,1641.0,809.0,8532.7,2591.0,1610.5,595.6,1025.3,583.0,731.7,471.0,589.0,12560.21,364.0,1491.0,1294.0,1004.0,387.0,1452.0,835.0,1031.0,274.0,2440.3,961.7,372.1,492.2,586.1,111.0,361.5,550.3,380.5,327.8,277.7,74.9,1546.84,5114.31,839.0,1048.0,353.0,398.0,5372.7,972.0
2010,,16395.31,15645.23,4693.07,4820.0,3262.0,2757.0,2254.0,3999.0,6670.0,3298.0,4226.0,8199.0,2444.0,2588.21,807.0,1077.0,1225.0,614.0,576.0,1146.0,1760.0,689.0,675.0,648.0,4718.8,5977.0,835.0,3508.0,2145.0,5355.0,2539.0,1769.0,1667.0,17465.16,12153.26,5531.0,2123.0,2276.0,3323.0,3530.0,5326.0,1216.0,1776.0,2613.0,4856.0,2988.0,2828.0,8630.78,4963.0,1751.0,878.7,1934.0,1130.0,1651.0,270.0,8817.49,2414.0,610.0,796.0,378.0,3053.0,772.0,2404.0,393.0,2462.0,713.0,4045.0,20555.3,8231.7,10451.0,6218.0,9157.0,15140.0,7395.0,4742.0,6408.0,5813.0,6288.0,3748.0,5247.0,6036.0,9883.4,6935.6,2285.0,5963.0,4118.0,6103.0,4246.0,1709.0,1382.0,4629.0,912.0,10049.0,3202.0,1779.0,2139.0,1281.0,1074.0,866.0,2850.0,1535.0,2826.0,1941.0,1766.0,2546.0,2174.0,711.0,1812.0,2588.0,5978.29,4267.68,1641.2,2284.0,4441.0,2863.0,1508.0,1390.0,1382.0,5208.44,1078.0,703.0,2929.0,1513.0,355.0,3822.0,1731.0,2744.0,2289.0,2326.0,5314.89,13606.92,6548.0,2258.0,3736.0,11634.0,13887.0,3517.0,2825.0,7423.0,1123.0,444.0,4568.0,4578.0,2424.0,2781.0,6271.0,15587.16,1480.0,4550.0,1284.0,3399.0,779.0,3605.0,2007.0,1488.0,1664.0,1139.0,847.0,2729.0,2713.0,4169.0,2352.0,4283.0,12080.0,1402.0,1903.0,2314.0,3827.0,646.0,1733.0,2490.0,1456.0,1700.0,1917.0,1297.0,16802.05,5138.0,2016.0,2844.0,1111.0,2414.0,3191.0,810.0,1943.0,2244.0,2395.0,1535.0,1799.0,14051.33,2340.0,4655.91,2828.0,1710.0,8855.0,3825.0,1483.0,1989.0,3422.0,6273.0,1190.0,575.0,901.0,1374.0,3262.0,5113.0,6706.0,643.0,1380.0,641.0,6665.0,2919.0,3236.0,1335.0,1796.0,1551.0,2000.0,1407.0,2538.0,1459.0,267.0,917.0,857.0,993.0,2097.61,1408.0,43143.93,25592.81,2018.0,1150.0,3443.0,2266.0,3581.0,825.0,1970.0,2617.0,2568.0,3537.0,1925.0,2692.0,2153.0,2863.0,398.0,1124.0,2835.0,8601.0,1080.0,2072.0,756.0,12425.0,3546.0,2110.0,766.0,493.0,942.0,1211.0,555.0,114.0,15878.08,440.0,1984.0,1645.0,1397.0,203.0,1653.0,923.0,1190.0,346.0,2282.14,675.0,731.0,653.0,843.0,9.0,447.0,200.0,470.0,366.0,249.0,52.0,2171.04,5361.0,1234.0,1098.0,640.0,1027.0,4767.0,596.0
2011,,14400.41,15945.7,9222.36,6867.85,3352.61,3807.14,2928.26,4776.62,7665.82,3296.28,5326.03,7287.9,4352.4,2176.87,901.65,1064.3,1443.36,1046.39,790.53,829.12,1884.21,1002.83,1107.9,600.63,5837.1,7306.5,1133.3,4770.1,2782.7,4598.8,3944.2,1783.9,1739.5,21781.55,9102.37,6062.0,3078.0,3998.0,4344.0,4167.0,6131.0,1652.0,2006.0,3461.0,4470.0,3763.0,1532.0,8809.52,5243.0,2106.0,397.0,1892.0,1339.0,1364.0,234.0,9564.15,2812.84,853.81,491.65,738.37,4387.07,736.24,3103.48,424.18,2332.47,1169.67,6993.45,17713.05,7676.98,6598.9,6393.8,6611.2,12109.1,6775.3,4356.8,5524.8,5628.2,5524.5,3313.4,4682.0,4569.5,7340.1,5265.3,1353.4,3986.6,3310.5,4567.3,3042.4,794.3,1361.2,3270.0,1022.4,12459.76,3812.97,2013.76,1871.67,2455.72,1365.76,1017.22,3113.77,1364.81,2957.72,1623.38,2502.8,,2785.92,1910.47,2114.87,2685.21,6221.81,4382.61,1894.0,2092.0,4827.0,3386.0,1506.0,1225.0,1471.0,4991.35,1188.19,443.01,3380.23,1284.67,654.78,3197.23,1072.41,2768.81,2893.95,2293.92,5940.63,10279.54,7071.0,2427.0,4046.0,12924.0,12398.0,3506.0,3014.0,7539.0,1469.0,352.0,6422.0,4501.0,2720.0,3318.0,7832.0,15567.08,1914.0,5526.0,1360.0,4181.0,1037.0,4472.0,1714.0,1915.0,2093.0,1578.0,943.0,3561.0,3180.0,4800.0,2733.0,5355.0,13235.11,1552.0,1724.0,3712.1,5778.5,672.0,1923.0,3311.0,2010.3,2579.5,2194.0,1124.7,15001.66,6017.7,1911.69,3254.52,1376.6,3268.3,3382.77,1108.8,2299.06,3038.79,3256.59,2085.41,2266.8,11940.76,2238.23,4968.89,2240.32,1591.0,8736.75,3216.32,1942.56,2610.87,3291.59,7963.01,1380.39,668.15,1307.61,1684.16,3551.26,5956.14,6284.42,542.22,1452.16,711.9,7177.3,3084.0,3036.9,1696.8,1615.2,2375.0,1291.7,1387.0,2947.0,1528.5,351.6,676.4,1160.0,1226.0,2255.52,1636.87,45335.02,27043.6,2247.2,851.8,2975.7,2137.2,4157.8,934.2,1972.3,2745.4,2677.3,4179.8,1936.3,2793.8,2010.8,2552.0,426.7,981.0,2465.6,8282.9,1028.0,2453.0,919.0,11149.22,5066.0,1374.0,834.0,894.0,1586.0,1248.0,753.0,157.0,17780.15,517.56,2117.77,2157.35,2434.89,239.75,2164.49,968.24,1331.4,435.95,1846.07,745.18,373.01,688.72,803.62,143.5,649.86,328.41,753.35,454.84,600.7,72.67,2608.27,4890.29,1116.43,928.64,559.24,969.98,4818.4,503.7
2012,,19437.0,16616.9,7687.33,8355.72,2764.49,4317.91,2068.18,4196.18,5964.5,2600.99,3592.46,7101.66,2799.73,3260.61,1101.69,1247.89,1675.48,715.2,951.82,1087.2,2645.78,690.5,1085.56,517.13,4781.8,3543.0,1163.3,3379.3,1586.8,2326.9,4207.7,1012.2,708.4,24696.53,10763.62,7669.33,3198.98,4762.07,4806.89,5004.47,6418.17,1864.32,2584.48,3765.66,5047.75,5716.36,1980.86,9080.0,6601.0,1823.0,448.0,2167.0,474.0,720.0,218.0,11683.25,2823.47,1141.91,281.11,1071.16,5263.11,498.5,1623.14,348.51,2350.28,1541.46,8789.03,18984.6,9508.7,9262.7,6983.44,7568.11,14662.87,7124.9,4188.4,6771.35,5482.03,6019.1,4201.98,3266.8,5174.78,10896.23,5902.17,2042.55,4503.14,2735.62,4837.42,3225.14,1041.21,784.03,3197.24,888.19,12424.77,4269.95,2695.6,1840.31,2602.16,1174.64,1137.82,3173.02,1378.93,3414.88,2022.8,2891.26,,2622.36,1845.01,2137.77,2656.88,8415.0,6153.0,2055.0,2187.0,5537.0,3512.0,1680.0,1550.0,1500.0,6898.56,1219.75,385.08,1964.53,781.49,545.2,3923.82,1218.26,2408.77,2644.89,1980.7,6580.0,9509.0,4640.0,2337.0,3817.0,10532.0,11079.0,4993.0,3221.0,7282.0,1185.0,599.0,7278.0,4325.0,2544.6,3719.9,2686.0,14418.7,1916.5,4941.7,1382.7,3378.0,1011.0,4367.5,1547.8,2067.8,2073.1,1125.8,994.7,3570.0,3999.8,4230.9,3010.0,4824.9,15761.1,1581.7,1524.0,3285.7,4979.4,467.0,1173.5,2155.0,1360.4,2566.7,2341.0,918.4,15269.3,5245.06,1940.73,3127.5,1697.36,4007.3,2697.7,607.28,2574.75,3500.72,3920.84,3237.4,2995.51,13331.26,2596.44,5258.33,2512.15,1899.38,8021.69,3511.17,2066.25,3276.86,3735.98,8267.21,1490.67,547.02,1282.48,1892.8,3925.67,6391.24,6541.56,482.37,1106.75,852.63,6290.14,3494.5,3226.9,1381.08,1337.55,1452.55,1432.5,1374.1,2749.1,1422.8,434.4,577.9,1195.8,1223.1,2660.74,1800.3,45224.0,28452.3,1894.1,808.1,3063.4,1997.6,3093.8,836.5,2000.0,2008.4,1690.3,4262.8,1995.0,3200.1,1784.3,1818.7,504.0,1534.1,3295.1,10406.3,1191.2,2147.0,1312.0,10514.0,4864.0,1716.0,827.0,1384.0,1888.0,1306.0,610.0,202.0,15389.11,266.81,2205.31,1398.3,2571.65,415.11,1850.16,1219.51,1216.91,529.47,2142.62,831.44,417.42,689.95,987.9,271.67,764.29,710.26,907.3,393.89,567.12,102.52,1689.7,4502.61,1019.78,1041.41,663.2,817.27,4029.3,690.6
2013,,19031.0,18471.12,9512.11,10149.25,3025.03,3558.36,2454.14,3278.59,5436.21,2884.45,4815.1,7745.73,3900.52,3976.02,1206.11,852.45,1815.51,866.17,1381.78,1269.41,2294.13,607.41,1358.12,801.12,4204.5,4082.8,1257.9,4909.0,1686.4,2331.7,4630.2,1177.6,504.3,22623.26,12221.25,8896.14,3356.45,5270.59,4908.33,5281.34,6209.84,2107.45,2750.73,3729.44,4944.93,7490.6,3132.95,8471.0,4685.0,1735.0,521.1,1858.7,895.0,1051.0,403.0,13479.69,2905.39,639.77,177.44,392.67,5941.09,492.4,1869.31,298.31,2891.68,1221.26,2595.59,23822.0,12220.13,9094.37,8568.22,8759.83,18750.52,10352.58,4896.4,8424.28,7423.16,6994.87,5922.08,4914.06,8227.25,11391.3,7300.9,3497.3,6011.3,3084.8,6077.4,3926.8,1701.9,1070.1,3517.5,1290.7,16280.94,6126.7,4142.45,2275.2,3121.35,1582.36,1262.04,4351.42,1594.44,4724.75,2990.13,4203.32,,2751.94,2657.34,1523.22,3065.93,12565.0,7867.1,2884.3,2634.6,9087.3,4895.8,2617.9,2373.5,1836.2,8414.92,1589.61,639.43,3048.45,1317.81,787.3,5817.93,1843.56,2789.05,3034.75,2387.78,8202.0,11602.0,4837.0,3139.0,3837.0,11277.0,12408.0,7348.0,4057.0,8788.3,1597.2,676.4,9011.0,6005.0,3661.0,3607.5,3246.0,16218.9,2530.3,7010.0,2173.6,3993.5,1490.1,5718.6,1747.4,2842.1,2710.6,1073.2,1229.9,4341.0,5280.3,4451.8,3306.5,6073.2,19953.6,1871.4,1778.5,4601.3,6030.8,567.8,1954.7,2427.8,1743.9,4213.1,2713.1,916.1,18405.94,5570.0,2419.77,3843.5,2300.84,3045.81,2525.35,747.35,3098.84,3635.31,4689.33,4462.37,3713.27,16999.83,3472.13,5885.82,3422.49,1729.72,9407.42,4268.14,2862.39,3298.73,4653.89,11494.57,1882.34,212.37,1924.2,2653.65,5065.21,8030.89,7803.39,728.96,1103.68,1464.05,7026.0,2804.15,3834.1,1816.0,1784.4,1457.19,1552.9,1561.48,2943.4,1505.4,472.2,646.24,1297.7,1254.5,3369.0,1841.7,48175.64,29480.3,2388.7,1338.6,3712.8,2302.0,3290.0,869.5,2488.0,1930.0,2229.1,5172.6,2861.8,3556.1,2378.5,2565.8,519.9,1437.7,4283.1,13015.0,1313.3,3582.0,1677.0,12112.0,4258.1,1712.0,765.0,1069.4,1260.9,1067.9,733.0,237.8,16627.46,282.84,2427.22,2038.95,3209.56,521.64,1643.48,1391.0,1206.25,660.7,2922.22,841.56,468.0,807.57,1079.53,310.23,942.16,885.5,1294.49,834.12,529.29,156.49,2777.97,6121.08,1336.62,1282.38,805.16,937.86,5662.5,1916.6
2014,,14590.0,16129.8,8882.58,8524.5,2256.03,3644.5,2784.7,4886.85,4846.98,3202.51,5073.58,8930.12,4029.58,4280.3,816.81,736.67,1848.5,753.99,1321.59,1369.16,1979.7,630.3,1498.65,526.99,3639.1,3774.3,1244.5,2937.8,1371.3,2356.9,5483.6,1054.9,691.3,14984.0,7464.0,3555.0,1754.0,3293.0,2566.0,3847.0,2621.0,1882.0,1718.0,3790.0,4076.0,4137.0,1862.0,7588.4,2361.4,1232.6,215.8,1462.7,327.3,775.7,89.7,10213.51,2251.01,673.35,153.74,369.65,3660.39,240.71,1068.63,142.12,1598.15,589.79,3358.65,20846.6,12075.79,8391.5,7380.33,7874.99,15991.6,9191.71,3376.39,6145.34,6245.21,6350.68,5201.54,4402.13,5841.18,11211.3,7264.4,4201.7,4973.4,3049.5,5317.3,3366.0,1668.1,917.0,3445.5,1354.0,15947.87,6236.98,4502.82,1797.12,2458.87,1206.64,1208.75,3615.69,1154.52,5039.31,3429.35,4841.03,,3311.76,3192.68,1540.75,2537.69,9656.0,7902.1,2587.1,2375.29,8017.3,4747.1,2382.1,1756.7,1771.3,8246.63,983.02,548.9,3171.97,944.11,1016.33,5821.71,1866.97,2536.79,2954.02,2581.16,8648.93,11635.3,3907.98,3460.03,3348.95,8263.31,7740.27,8225.83,2243.4,8474.58,1472.38,417.48,9060.7,4519.83,3524.58,3237.36,3620.3,15919.1,2730.0,6896.0,2104.4,4901.5,1902.3,5951.1,1932.7,2243.1,3017.0,899.8,1408.9,4446.8,6303.1,5561.2,4299.6,7755.2,22731.6,2051.6,1451.3,4778.8,5781.6,573.5,2172.9,2450.6,1625.0,4327.0,2991.6,989.6,15191.98,5372.58,1857.41,3906.51,2930.69,3404.38,2359.83,581.27,3121.13,4300.45,5207.55,3202.93,1719.2,15400.17,3653.48,5325.67,3490.36,1614.19,10611.41,3605.89,2941.68,2583.89,4941.67,9839.36,2305.4,430.55,1864.49,2798.7,4165.71,6436.52,7640.68,745.66,1078.79,1683.37,8025.71,2864.9,3516.6,1820.59,1696.2,1560.59,1489.0,1733.75,3117.28,1300.4,705.6,676.33,1471.9,1206.16,3371.2,1009.9,51003.9,29501.7,1685.6,1213.8,3055.5,1868.0,3028.4,1056.7,2935.9,1634.9,2535.8,4939.0,3319.9,2371.7,3059.5,2274.7,549.3,1806.8,4263.4,9481.14,1531.8,5654.4,,,2875.2,,,897.6,686.8,538.7,,556.1,17077.09,320.59,2631.9,2185.83,3252.57,584.35,1271.55,1067.55,1383.92,756.09,5102.84,561.19,214.69,585.85,1079.05,209.9,1169.52,612.27,1400.69,573.34,663.41,247.24,3057.1,7245.85,1004.82,1152.0,1121.27,770.69,4834.8,1450.0
2015,,15547.0,17710.7,8041.04,7915.37,2800.1,3616.51,2590.35,5946.85,4480.49,2708.35,5593.92,10783.63,4069.92,4504.25,1210.09,628.4,2133.02,1524.35,348.38,1347.17,1914.5,483.3,1211.75,620.34,3818.1,3997.1,1105.3,2515.6,1446.6,2211.0,4803.0,998.0,657.0,10650.61,6373.33,3140.35,1134.71,1287.22,1906.68,1644.34,1613.81,890.5,1239.67,3274.13,2925.35,2035.71,1045.5,8107.1,2230.8,462.9,341.7,1489.6,183.7,550.1,148.3,8760.42,2097.72,320.86,206.38,285.39,2636.39,201.99,916.28,116.25,1566.58,708.85,1695.62,24313.6,15431.56,9869.05,7905.12,7842.49,21337.31,9379.58,4415.79,7039.91,7164.94,6382.98,5978.8,5283.69,6109.26,14814.5,10072.0,5255.7,6406.3,3993.0,6777.6,3523.9,1726.5,1038.7,4420.3,1824.2,15892.07,6045.2,4838.15,1955.71,2820.4,1264.71,1437.34,3286.12,1081.29,5643.28,3526.19,3895.93,,2935.83,2942.5,1229.47,2946.75,9147.0,,2956.5,2324.21,8305.6,5518.0,2434.3,2229.5,1754.1,9010.16,676.57,895.02,3548.53,996.9,1295.8,6697.27,2088.72,3219.26,3564.86,2789.18,11911.66,14185.85,4123.09,3430.27,2814.18,7714.38,8445.23,7162.23,2378.95,8664.94,1477.5,394.43,8741.37,4472.92,3932.49,3490.75,3930.19,18986.7,3337.2,6873.2,2196.3,5540.9,1769.8,4944.6,1952.7,2828.7,4006.8,1027.9,1585.2,4856.6,7051.9,6189.9,4010.4,7906.9,26271.9,2129.7,1494.6,5591.2,6030.6,617.5,2355.8,2605.8,1833.3,4656.1,2927.3,658.7,18976.9,6586.42,2043.46,3754.67,3322.52,4488.43,2991.89,482.5,3156.39,5186.45,5036.8,4020.76,1971.09,16530.66,3149.19,8314.64,4176.92,2235.58,14214.99,5047.56,3253.22,2704.26,4951.9,12997.81,3025.74,959.66,2419.95,2843.68,5376.28,10406.55,10427.74,818.96,1146.87,1807.94,10007.28,3291.5,3582.8,1468.8,1957.8,1851.13,1704.5,2120.0,3371.57,1570.2,861.3,798.32,1563.8,1085.1,3733.5,1120.8,53813.7,30194.0,1939.9,1047.5,4033.7,2112.9,3393.3,1203.8,3253.5,2602.2,2764.6,3601.1,4251.8,3437.1,2994.5,2377.6,531.3,2079.7,4525.3,9681.7,2053.2,,,,2710.3,,,,678.7,,,358.7,17636.76,304.68,2624.0,2254.59,2209.92,555.82,1246.95,520.14,1272.64,767.21,6765.54,550.02,369.28,406.41,844.65,157.85,980.42,802.24,1208.35,590.47,653.73,327.6,3118.6,5298.06,629.03,965.47,724.27,774.79,5406.1,1219.0
2016,,16751.0,27110.85,8556.93,8524.15,2885.87,4283.97,3537.92,6081.23,4644.57,3499.77,6619.55,13464.73,4724.17,6137.25,1433.87,956.81,2190.45,1305.62,714.69,1504.91,2758.31,1137.02,1580.58,891.05,4254.9,4596.5,1130.7,2889.6,1861.2,2132.7,4266.1,1216.0,230.7,11843.16,7074.89,3024.06,1562.47,727.85,2100.31,1611.59,1782.48,655.14,778.65,2535.01,1237.9,1034.26,1151.19,10177.5,2681.0,847.4,397.2,1885.9,632.2,389.8,242.2,10433.76,2249.98,434.77,107.41,437.07,2379.86,156.23,838.45,90.34,1494.78,637.76,1528.13,27056.9,15581.8,12764.1,10714.3,9332.0,24940.5,12008.0,5244.4,8698.0,8425.5,7347.6,9965.0,6948.7,7651.0,23267.0,13369.0,7738.0,11446.0,5570.0,7726.0,4257.0,2441.0,1525.0,6621.0,2406.0,20983.4,,6762.4,2383.0,,1191.0,1723.0,,1333.7,6621.0,6626.0,5642.4,,6637.0,4124.0,1554.0,3864.0,12213.3,,3850.3,2252.11,10096.3,7450.9,2939.8,2772.1,2290.1,12446.53,999.77,1316.61,4919.25,1471.33,1549.44,8355.61,3055.41,4496.0,4500.85,3807.6,14242.51,19392.15,5032.67,4186.94,3104.84,9375.7,10014.99,8429.83,2563.56,9125.38,2097.12,524.59,10122.12,5847.93,4681.81,4454.63,4702.0,28591.8,4154.4,7703.9,3035.7,6967.3,1937.9,7399.5,2782.6,4003.9,5283.3,1429.7,2117.8,6539.0,9436.7,7240.6,4599.9,9265.6,32556.6,2325.5,2195.6,5869.2,6252.2,804.0,3059.6,3027.7,2434.0,4876.7,3070.2,1218.5,25937.1,7459.75,2539.82,5068.27,4372.93,5341.7,3823.77,589.97,3244.81,6944.66,5942.03,5880.83,2419.52,19490.98,3686.97,7361.93,6531.47,3534.47,22215.05,6797.82,4052.28,3212.59,4999.57,17719.06,3866.33,1947.26,3429.4,3112.09,7702.57,10242.48,11582.28,1009.08,1334.51,2287.86,13275.3,4128.88,4393.6,1261.9,2225.69,2193.7,1625.1,2669.3,3752.25,1865.1,942.7,949.32,1524.3,1347.0,4326.5,1515.31,62571.46,39353.1,2337.9,1264.2,5399.8,2594.3,3941.5,1296.7,4021.2,3213.2,3593.6,4042.5,4019.2,4227.2,3775.0,2570.1,686.4,2518.8,3648.6,9885.7,2487.5,8452.2,,,2785.0,,,1262.3,378.4,948.8,792.5,,20476.74,347.73,2877.59,2047.45,1744.76,665.71,1418.33,557.94,1359.84,726.93,8839.29,537.97,343.65,527.44,801.83,193.48,1089.73,951.82,1276.89,321.68,912.4,458.91,3526.0,5648.58,628.2,1511.43,1104.04,768.46,5355.6,1141.0
2017,,8750.0,14821.2,,7347.0,3440.0,,,,4210.91,,,,,,,,,,,,,899.0,,,,,,,,,,,,,,,,817.0,,1579.0,,,994.0,,,,,,,,,,485.0,,,12485.0,1662.0,,,,,144.31,,,,,,16916.0,14296.1,11820.9,11838.0,10303.1,19366.6,16576.7,6439.1,8803.6,9748.2,8797.1,7052.7,8833.3,8376.5,20536.7,15436.4,10703.5,10587.7,7439.2,10386.9,4896.7,2874.7,2183.4,8293.9,2657.5,12834.0,,,,,,,4573.1,1851.0,9093.0,,,,,5803.0,,4934.99,,,3989.7,2364.63,,7868.3,3515.06,,3072.26,,1332.5,,,,,,,,,,,,,,,,,9425.2,,,,,11594.0,,,,,30978.1,5136.3,9713.9,4378.1,8722.8,2257.5,9507.5,3030.2,4449.9,5553.2,2143.7,2613.9,7147.8,11802.1,8458.1,5854.7,10880.8,,,,,,,,,,,3707.7,,,,,,,4855.3,5293.0,892.0,3763.5,7907.76,,,,,4490.89,,5096.5,6395.81,,7881.6,,,5980.1,16456.5,4987.9,2313.2,5361.5,,9005.77,,,,,3346.2,15441.3,5287.6,5286.0,1759.3,3766.1,2396.4,1871.5,3102.2,4598.4,2458.1,1233.4,1259.6,1591.5,1658.5,5494.7,2137.9,67110.05,,,1755.77,,,,1685.7,,,,,,,,,,,,10778.8,2861.4,10372.4,,,2323.3,1413.0,,1692.4,,,,,25097.8,,,,2064.9,,,,,738.7,7336.6,692.9,,807.6,,,,,,,,,3882.2,,,,,,,
