"点击这里以选择指标，然后再点击""更新""或""下载编辑""按钮更新或新增及移除数列",地价:安阳,地价:鞍山,地价:蚌埠,地价:包头,地价:保定,地价:北海,地价:北京,地价:本溪,地价:长春,地价:长沙,地价:常州,地价:成都,地价:大连,地价:大庆,地价:大同,地价:丹东,地价:东莞,地价:佛山,地价:福州,地价:广州,地价:贵阳,地价:哈尔滨,地价:海口,地价:杭州,地价:合肥,地价:呼和浩特,地价:湖州,地价:黄石,地价:吉林,地价:济南,地价:济宁,地价:佳木斯,地价:嘉兴,地价:焦作,地价:锦州,地价:荆州,地价:九江,地价:开封,地价:昆明,地价:拉萨,地价:兰州,地价:廊坊,地价:辽阳,地价:临沂,地价:柳州,地价:洛阳,地价:牡丹江,地价:南昌,地价:南充,地价:南京,地价:南宁,地价:南通,地价:宁波,地价:平顶山,地价:秦皇岛,地价:青岛,地价:泉州,地价:汕头,地价:上海,地价:深圳,地价:沈阳,地价:石家庄,地价:苏州,地价:太原,地价:泰安,地价:唐山,地价:天津,地价:潍坊,地价:温州,地价:乌鲁木齐,地价:无锡,地价:芜湖,地价:武汉,地价:西安,地价:西宁,地价:厦门,地价:湘潭,地价:襄阳,地价:徐州,地价:烟台,地价:扬州,地价:宜宾,地价:宜昌,地价:银川,地价:岳阳,地价:枣庄,地价:湛江,地价:张家口,地价:郑州,地价:中山,地价:重庆,地价:株洲,地价:珠海,地价:淄博,地价:三亚,地价:金华,地价:安庆,地价:赣州,地价:常德,地价:惠州,地价:韶关,地价:桂林,地价:泸州,地价:遵义,(DC)地价:抚顺,(DC)地价:阜新,(DC)地价:邯郸,(DC)地价:鹤岗,(DC)地价:衡阳,(DC)地价:淮北,(DC)地价:淮南,(DC)地价:鸡西,(DC)地价:齐齐哈尔,(DC)地价:新乡,(DC)地价:伊春
单位,人民币/平方米,人民币/平方米,人民币/平方米,人民币/平方米,人民币/平方米,人民币/平方米,人民币/平方米,人民币/平方米,人民币/平方米,人民币/平方米,人民币/平方米,人民币/平方米,人民币/平方米,人民币/平方米,人民币/平方米,人民币/平方米,人民币/平方米,人民币/平方米,人民币/平方米,人民币/平方米,人民币/平方米,人民币/平方米,人民币/平方米,人民币/平方米,人民币/平方米,人民币/平方米,人民币/平方米,人民币/平方米,人民币/平方米,人民币/平方米,人民币/平方米,人民币/平方米,人民币/平方米,人民币/平方米,人民币/平方米,人民币/平方米,人民币/平方米,人民币/平方米,人民币/平方米,人民币/平方米,人民币/平方米,人民币/平方米,人民币/平方米,人民币/平方米,人民币/平方米,人民币/平方米,人民币/平方米,人民币/平方米,人民币/平方米,人民币/平方米,人民币/平方米,人民币/平方米,人民币/平方米,人民币/平方米,人民币/平方米,人民币/平方米,人民币/平方米,人民币/平方米,人民币/平方米,人民币/平方米,人民币/平方米,人民币/平方米,人民币/平方米,人民币/平方米,人民币/平方米,人民币/平方米,人民币/平方米,人民币/平方米,人民币/平方米,人民币/平方米,人民币/平方米,人民币/平方米,人民币/平方米,人民币/平方米,人民币/平方米,人民币/平方米,人民币/平方米,人民币/平方米,人民币/平方米,人民币/平方米,人民币/平方米,人民币/平方米,人民币/平方米,人民币/平方米,人民币/平方米,人民币/平方米,人民币/平方米,人民币/平方米,人民币/平方米,人民币/平方米,人民币/平方米,人民币/平方米,人民币/平方米,人民币/平方米,人民币/平方米,人民币/平方米,人民币/平方米,人民币/平方米,人民币/平方米,人民币/平方米,人民币/平方米,人民币/平方米,人民币/平方米,人民币/平方米,人民币/平方米,人民币/平方米,人民币/平方米,人民币/平方米,人民币/平方米,人民币/平方米,人民币/平方米,人民币/平方米,人民币/平方米,人民币/平方米,人民币/平方米
12/2008,642.00,669.00,733.00,610.00,1048.00,952.00,7017.00,750.00,1571.00,1679.00,1176.00,5590.00,1699.00,813.00,1666.00,746.00,1873.00,2037.00,3599.00,3383.00,2564.00,3152.00,1155.00,17838.00,2189.00,1005.00,1448.00,448.00,777.00,1944.00,768.00,453.00,1008.00,554.00,578.00,716.00,1012.00,868.00,3046.00,539.00,1473.00,1729.00,784.00,882.00,951.00,947.00,634.00,1911.00,1106.00,5389.00,1987.00,1595.00,4035.00,797.00,1295.00,2524.00,2635.00,1341.00,8156.00,7952.00,1687.00,1256.00,2355.00,1148.00,1119.00,1124.00,3750.00,974.00,5156.00,1396.00,2811.00,1484.00,2283.00,2306.00,619.00,14489.00,890.00,698.00,1752.00,1417.00,1267.00,1250.00,776.00,919.00,1052.00,736.00,766.00,847.00,1743.00,1206.00,2060.00,982.00,3049.00,778.00,,,,,,,,,,,664.00,731.00,1018.00,365.00,640.00,567.00,627.00,520.00,428.00,1068.00,246.00
03/2009,650.00,675.00,736.00,611.00,1033.00,950.00,6832.00,750.00,1582.00,1686.00,1181.00,5553.00,1695.00,818.00,1666.00,744.00,2783.00,2000.00,3597.00,3116.00,2583.00,3174.00,1165.00,17815.00,2196.00,1014.00,1373.00,451.00,769.00,1932.00,757.00,453.00,1008.00,573.00,599.00,726.00,999.00,874.00,3108.00,539.00,1480.00,1662.00,764.00,704.00,948.00,962.00,647.00,1855.00,1113.00,5249.00,1988.00,1547.00,3971.00,812.00,1293.00,2506.00,2645.00,1314.00,8074.00,7470.00,1684.00,1257.00,2343.00,1168.00,1112.00,1118.00,3764.00,979.00,5158.00,1396.00,2652.00,1439.00,2253.00,2236.00,628.00,14353.00,958.00,708.00,1761.00,1417.00,1634.00,1242.00,780.00,924.00,1094.00,730.00,766.00,852.00,1738.00,1184.00,2032.00,939.00,3088.00,814.00,,,,,,,,,,,648.00,744.00,996.00,361.00,643.00,572.00,628.00,489.00,414.00,1109.00,247.00
06/2009,661.00,670.00,761.00,616.00,1049.00,963.00,6891.00,750.00,1532.00,1705.00,1183.00,5564.00,1706.00,818.00,1666.00,750.00,2798.00,2003.00,3659.00,3427.00,2592.00,3189.00,1192.00,17766.00,2207.00,1045.00,1334.00,454.00,769.00,1938.00,763.00,455.00,1013.00,548.00,580.00,720.00,976.00,881.00,3141.00,1108.00,1523.00,1683.00,745.00,689.00,952.00,968.00,649.00,1876.00,1129.00,5288.00,2014.00,1555.00,4266.00,857.00,1296.00,2519.00,2650.00,1416.00,8607.00,8230.00,1830.00,1256.00,2363.00,1146.00,1130.00,1128.00,3821.00,990.00,5233.00,1400.00,2694.00,1435.00,2281.00,2212.00,634.00,14458.00,893.00,718.00,1775.00,1430.00,1045.00,1253.00,777.00,916.00,1063.00,738.00,778.00,862.00,1754.00,1174.00,2042.00,968.00,3108.00,753.00,,,,,,,,,,,647.00,755.00,985.00,348.00,649.00,592.00,627.00,492.00,412.00,976.00,250.00
09/2009,660.00,674.00,781.00,623.00,1055.00,972.00,7036.00,750.00,1572.00,1720.00,1181.00,5575.00,1713.00,819.00,1752.00,752.00,2825.00,2078.00,3719.00,3564.00,2607.00,3217.00,1260.00,17909.00,2212.00,1066.00,1389.00,462.00,782.00,1958.00,764.00,456.00,1020.00,545.00,595.00,734.00,1011.00,896.00,3303.00,1129.00,1578.00,1717.00,739.00,691.00,963.00,973.00,650.00,1902.00,1160.00,5467.00,2051.00,1581.00,4631.00,882.00,1320.00,2557.00,2665.00,1454.00,8849.00,9947.00,1836.00,1264.00,2376.00,1149.00,1123.00,1165.00,4020.00,1011.00,5548.00,1460.00,2763.00,1466.00,2290.00,2229.00,650.00,14539.00,901.00,729.00,1814.00,1460.00,1048.00,1328.00,782.00,934.00,1076.00,752.00,783.00,868.00,1832.00,1176.00,2058.00,966.00,3109.00,767.00,,,,,,,,,,,648.00,769.00,991.00,404.00,655.00,602.00,627.00,527.00,409.00,976.00,256.00
12/2009,659.00,680.00,802.00,630.00,1060.00,1026.00,7198.00,737.00,1687.00,1748.00,1188.00,5932.00,1780.00,834.00,1770.00,759.00,2856.00,2161.00,3810.00,3731.00,2693.00,3242.00,1319.00,19533.00,2277.00,1077.00,1508.00,466.00,788.00,1974.00,767.00,458.00,1067.00,603.00,608.00,875.00,1182.00,936.00,3163.00,1153.00,1633.00,1760.00,743.00,706.00,1011.00,998.00,647.00,1935.00,1256.00,5949.00,2094.00,1649.00,4703.00,900.00,1397.00,2588.00,2708.00,1533.00,9522.00,10589.00,1876.00,1265.00,2547.00,1172.00,1161.00,1203.00,4263.00,1016.00,5792.00,1483.00,2989.00,1556.00,2424.00,2332.00,652.00,14836.00,934.00,754.00,1892.00,1485.00,1102.00,1383.00,788.00,956.00,1098.00,760.00,835.00,872.00,2010.00,1201.00,2154.00,970.00,3446.00,799.00,,,,,,,,,,,648.00,781.00,1014.00,471.00,661.00,613.00,658.00,585.00,413.00,1072.00,258.00
03/2010,773.00,699.00,811.00,632.00,1097.00,1120.00,7582.00,737.00,1704.00,1775.00,1227.00,5975.00,1819.00,834.00,1770.00,763.00,2910.00,2202.00,3821.00,4130.00,2696.00,3265.00,1655.00,20493.00,2324.00,1104.00,1582.00,474.00,799.00,2036.00,770.00,459.00,1063.00,625.00,623.00,886.00,1184.00,953.00,3562.00,1184.00,1656.00,1781.00,749.00,713.00,1036.00,1011.00,646.00,1957.00,1288.00,6077.00,1972.00,1660.00,4732.00,904.00,1411.00,2614.00,2712.00,1585.00,10338.00,11607.00,1885.00,1266.00,2560.00,1182.00,1192.00,1279.00,4420.00,1035.00,5851.00,1484.00,3069.00,1577.00,2535.00,2424.00,661.00,14925.00,939.00,778.00,1948.00,1510.00,1120.00,1457.00,800.00,978.00,1133.00,783.00,851.00,878.00,2136.00,1376.00,2143.00,1023.00,3648.00,828.00,,,,,,,,,,,652.00,793.00,1024.00,478.00,674.00,627.00,658.00,598.00,416.00,1099.00,258.00
06/2010,778.00,703.00,824.00,641.00,1103.00,1202.00,7942.00,737.00,1749.00,1792.00,1236.00,6001.00,1827.00,834.00,1857.00,769.00,2878.00,2261.00,3767.00,4057.00,2702.00,3307.00,1809.00,20802.00,2338.00,1155.00,1565.00,481.00,808.00,2074.00,772.00,466.00,1057.00,627.00,633.00,913.00,1246.00,986.00,3711.00,1211.00,1704.00,1802.00,758.00,717.00,1090.00,1031.00,644.00,1983.00,1305.00,6194.00,1990.00,1681.00,4762.00,914.00,1435.00,2620.00,2693.00,1581.00,11086.00,12430.00,1895.00,1267.00,2560.00,1205.00,1254.00,1288.00,4563.00,1052.00,5825.00,1519.00,3119.00,1582.00,2607.00,2510.00,670.00,14955.00,959.00,786.00,1981.00,1562.00,1134.00,1510.00,854.00,994.00,1138.00,785.00,860.00,882.00,2206.00,1415.00,2164.00,1096.00,3703.00,860.00,,,,,,,,,,,653.00,799.00,1034.00,482.00,677.00,634.00,655.00,591.00,421.00,1096.00,259.00
09/2010,784.00,706.00,842.00,645.00,1218.00,1203.00,8319.00,735.00,1812.00,1867.00,1243.00,5990.00,1868.00,834.00,1849.00,775.00,2889.00,2283.00,3792.00,4110.00,2725.00,3319.00,1924.00,20798.00,2350.00,1200.00,1582.00,492.00,809.00,2103.00,780.00,466.00,1064.00,617.00,640.00,955.00,1292.00,999.00,3979.00,1232.00,1796.00,1811.00,769.00,720.00,1121.00,1066.00,648.00,2018.00,1347.00,6245.00,2082.00,1697.00,4876.00,918.00,1454.00,2649.00,2698.00,1611.00,10955.00,12986.00,1905.00,1410.00,2618.00,1217.00,1318.00,1305.00,4708.00,1077.00,5848.00,1521.00,3120.00,1589.00,2685.00,2529.00,677.00,14981.00,980.00,790.00,2005.00,1583.00,1146.00,1551.00,913.00,1020.00,1145.00,790.00,881.00,887.00,2252.00,1465.00,2255.00,1116.00,3715.00,888.00,,,,,,,,,,,655.00,804.00,1037.00,486.00,681.00,647.00,672.00,603.00,426.00,1104.00,259.00
12/2010,787.00,708.00,855.00,651.00,1225.00,1209.00,8795.00,737.00,1850.00,1901.00,1265.00,6037.00,1926.00,835.00,1855.00,782.00,,2342.00,9054.00,4191.00,2770.00,3322.00,2001.00,20836.00,2366.00,1237.00,1752.00,504.00,808.00,2150.00,784.00,468.00,1094.00,651.00,653.00,989.00,1296.00,1022.00,5683.00,1265.00,1852.00,1819.00,782.00,725.00,1247.00,1070.00,656.00,2071.00,1438.00,6340.00,2192.00,1745.00,5063.00,961.00,1517.00,2730.00,2704.00,1794.00,11174.00,13078.00,2003.00,1489.00,2679.00,1262.00,1417.00,1374.00,4844.00,1150.00,6066.00,1594.00,3167.00,1739.00,2742.00,2595.00,681.00,15426.00,1039.00,801.00,2028.00,1606.00,1155.00,1590.00,944.00,1040.00,1196.00,806.00,946.00,895.00,2299.00,1506.00,2510.00,1161.00,3737.00,961.00,,,,,,,,,,,659.00,836.00,1057.00,491.00,686.00,703.00,678.00,603.00,435.00,1128.00,261.00
03/2011,793.00,726.00,892.00,657.00,1242.00,1216.00,9028.00,737.00,1866.00,1948.00,1285.00,6310.00,1948.00,838.00,1855.00,797.00,,2409.00,9180.00,4421.00,2774.00,3324.00,2050.00,20861.00,2377.00,1287.00,1790.00,530.00,811.00,2195.00,791.00,481.00,1122.00,667.00,664.00,1031.00,1303.00,1043.00,5705.00,1299.00,1852.00,1824.00,790.00,734.00,,1091.00,667.00,2126.00,1522.00,6471.00,2312.00,1800.00,5197.00,,1580.00,2825.00,2709.00,1860.00,11417.00,14507.00,2098.00,1538.00,2770.00,1265.00,1426.00,1404.00,4917.00,1191.00,6268.00,1602.00,3213.00,1790.00,2870.00,2686.00,692.00,15536.00,1051.00,818.00,2060.00,1615.00,1166.00,1641.00,976.00,1060.00,1234.00,833.00,971.00,923.00,2315.00,1540.00,2617.00,1185.00,3814.00,987.00,,,,,,,,,,,666.00,850.00,1067.00,496.00,693.00,759.00,678.00,605.00,440.00,1179.00,264.00
06/2011,804.00,734.00,902.00,665.00,1253.00,1272.00,8992.00,738.00,1890.00,1988.00,1293.00,6512.00,1981.00,844.00,1856.00,806.00,,2460.00,9264.00,4625.00,2801.00,3329.00,2097.00,20748.00,2390.00,1331.00,1861.00,556.00,812.00,2208.00,801.00,488.00,1161.00,670.00,677.00,1061.00,1308.00,1063.00,5606.00,,1867.00,1827.00,792.00,751.00,,1109.00,673.00,2149.00,1563.00,6556.00,2413.00,1836.00,5260.00,1023.00,1621.00,2841.00,2787.00,1878.00,11482.00,15787.00,2131.00,1597.00,2891.00,1287.00,1445.00,1428.00,4961.00,1250.00,6223.00,1633.00,3260.00,1792.00,2952.00,2760.00,700.00,15612.00,1083.00,838.00,2091.00,1653.00,1175.00,1709.00,1011.00,1082.00,1248.00,848.00,990.00,933.00,2347.00,1572.00,2726.00,1194.00,4007.00,1003.00,,,,,,,,,,,669.00,865.00,1079.00,499.00,703.00,,711.00,607.00,446.00,1227.00,269.00
09/2011,824.00,737.00,912.00,680.00,1279.00,1271.00,9004.00,742.00,1954.00,2058.00,1293.00,6533.00,2029.00,847.00,1856.00,814.00,4354.00,2529.00,9305.00,4855.00,3005.00,3325.00,2205.00,10624.00,2399.00,1364.00,1962.00,568.00,814.00,2228.00,807.00,495.00,1180.00,673.00,689.00,1077.00,1320.00,1087.00,5698.00,,1871.00,1830.00,794.00,761.00,1551.00,1132.00,674.00,2189.00,1675.00,6613.00,2401.00,1866.00,5300.00,1038.00,1633.00,2834.00,2847.00,1882.00,11721.00,15950.00,2133.00,1660.00,2940.00,1288.00,1451.00,1440.00,5025.00,1276.00,6080.00,1653.00,3256.00,1805.00,3058.00,2869.00,709.00,15630.00,1105.00,858.00,2131.00,1684.00,1175.00,1756.00,1040.00,1099.00,1286.00,863.00,1005.00,960.00,2358.00,1600.00,2793.00,1217.00,4022.00,1025.00,,,,,,,,,,,673.00,886.00,1104.00,502.00,712.00,1384.00,711.00,608.00,465.00,1248.00,271.00
12/2011,827.00,735.00,925.00,695.00,1301.00,1267.00,8986.00,749.00,1966.00,2086.00,1297.00,6499.00,2050.00,848.00,1856.00,822.00,4358.00,2558.00,9325.00,4890.00,3019.00,3325.00,2255.00,10467.00,2380.00,1415.00,1952.00,570.00,815.00,2229.00,848.00,498.00,1137.00,656.00,700.00,1117.00,1329.00,1094.00,5797.00,,1959.00,1783.00,797.00,762.00,2361.00,1153.00,678.00,2198.00,1693.00,6500.00,2369.00,1853.00,5345.00,1038.00,1645.00,2824.00,3285.00,1880.00,12797.00,15554.00,2136.00,1708.00,2876.00,1320.00,1457.00,1445.00,5012.00,1289.00,5708.00,1669.00,3221.00,1679.00,3070.00,2938.00,709.00,15548.00,1108.00,861.00,2144.00,1673.00,1176.00,1722.00,1048.00,1115.00,1320.00,864.00,1018.00,974.00,2364.00,1589.00,2787.00,1232.00,3996.00,1028.00,,,,,,,,,,,675.00,885.00,1123.00,499.00,725.00,1410.00,711.00,608.00,477.00,1330.00,271.00
03/2012,839.00,739.00,930.00,699.00,1310.00,1232.00,8988.00,750.00,1976.00,2120.00,1294.00,6462.00,2061.00,848.00,1856.00,827.00,4344.00,2577.00,9348.00,4902.00,3019.00,3320.00,2273.00,10224.00,2380.00,1470.00,1965.00,572.00,818.00,2223.00,847.00,501.00,1132.00,656.00,701.00,1164.00,1345.00,1104.00,5855.00,1318.00,1962.00,1755.00,798.00,769.00,2325.00,1188.00,675.00,2192.00,1704.00,6403.00,2333.00,1791.00,5352.00,1038.00,1642.00,2808.00,3305.00,1881.00,13367.00,16888.00,2149.00,1742.00,2860.00,1356.00,1466.00,1447.00,4996.00,1305.00,5431.00,1628.00,3182.00,1653.00,3084.00,2959.00,1259.00,15487.00,1109.00,864.00,2144.00,1654.00,1177.00,1700.00,1060.00,1122.00,1340.00,873.00,1012.00,982.00,2368.00,1588.00,2771.00,1236.00,3989.00,1028.00,,,,,,,,,,,615.00,882.00,1112.00,502.00,735.00,1420.00,711.00,608.00,487.00,1315.00,271.00
06/2012,860.00,734.00,930.00,712.00,1322.00,1222.00,8990.00,763.00,1983.00,2162.00,1290.00,6472.00,2070.00,848.00,1856.00,831.00,4334.00,2554.00,9362.00,14158.00,3015.00,3325.00,2846.00,10224.00,2380.00,1487.00,1955.00,581.00,818.00,2230.00,845.00,503.00,1136.00,656.00,702.00,1196.00,1355.00,1116.00,5711.00,,1964.00,1732.00,799.00,776.00,2251.00,1201.00,672.00,2186.00,1716.00,6363.00,2342.00,1755.00,5366.00,1038.00,1647.00,2802.00,3298.00,1881.00,13567.00,17131.00,2130.00,1777.00,2842.00,1374.00,1476.00,1450.00,5073.00,1315.00,5248.00,1675.00,3177.00,1642.00,3098.00,2960.00,1273.00,15474.00,1109.00,876.00,2139.00,1653.00,1177.00,1680.00,1083.00,1128.00,1351.00,875.00,1011.00,998.00,2381.00,1596.00,2749.00,1235.00,3970.00,1030.00,,,,,,,,,,,613.00,868.00,1107.00,500.00,743.00,1433.00,711.00,609.00,498.00,1306.00,276.00
09/2012,867.00,734.00,938.00,726.00,1344.00,1223.00,8998.00,771.00,1996.00,2189.00,1293.00,6547.00,2113.00,855.00,1856.00,837.00,4357.00,2525.00,9447.00,14347.00,3021.00,3329.00,2856.00,10309.00,2381.00,1556.00,1952.00,593.00,821.00,2235.00,851.00,506.00,1149.00,656.00,705.00,1237.00,1356.00,1129.00,5805.00,,1970.00,1747.00,801.00,783.00,2257.00,1237.00,670.00,2237.00,1741.00,6345.00,2376.00,1739.00,5390.00,1050.00,1675.00,2812.00,3327.00,1903.00,13813.00,17644.00,2135.00,1818.00,2849.00,1397.00,1485.00,1454.00,5161.00,1333.00,5197.00,1651.00,3182.00,1652.00,3097.00,2967.00,1300.00,15713.00,1112.00,883.00,2147.00,1659.00,1178.00,1706.00,1103.00,1133.00,1380.00,880.00,1016.00,1000.00,2396.00,1607.00,2778.00,1234.00,3965.00,1032.00,,,,,,,,,,,613.00,869.00,1111.00,498.00,753.00,1441.00,711.00,604.00,512.00,1312.00,277.00
12/2012,872.00,735.00,943.00,743.00,1360.00,1226.00,9080.00,772.00,2007.00,2229.00,1296.00,6622.00,2166.00,868.00,1856.00,843.00,4446.00,2575.00,9504.00,14521.00,3030.00,3331.00,2876.00,10448.00,2439.00,1599.00,1961.00,606.00,824.00,2251.00,853.00,508.00,1166.00,661.00,708.00,1251.00,1362.00,1150.00,5901.00,1427.00,2044.00,1750.00,802.00,797.00,2261.00,1253.00,669.00,2278.00,1782.00,6469.00,2401.00,1744.00,5439.00,1067.00,1697.00,2833.00,3348.00,1933.00,14113.00,17990.00,2139.00,1857.00,2858.00,1407.00,1495.00,1465.00,5205.00,1345.00,5165.00,1660.00,3188.00,1652.00,3109.00,2985.00,1311.00,16124.00,1126.00,898.00,2154.00,1651.00,1179.00,1734.00,1120.00,1141.00,1406.00,887.00,1025.00,1014.00,2410.00,1634.00,2803.00,1237.00,3978.00,1037.00,,,,,,,,,,,617.00,889.00,1111.00,500.00,766.00,1443.00,711.00,597.00,523.00,1309.00,281.00
03/2013,960.00,742.00,950.00,762.00,1393.00,1235.00,9232.00,775.00,2015.00,2285.00,1300.00,6765.00,2186.00,868.00,1856.00,848.00,4549.00,2655.00,9687.00,14806.00,3241.00,2317.00,2901.00,10455.00,2443.00,2711.00,1963.00,618.00,824.00,2275.00,858.00,510.00,1210.00,661.00,716.00,1263.00,1392.00,1181.00,6012.00,1440.00,2046.00,1987.00,803.00,807.00,2263.00,1274.00,668.00,3870.00,1820.00,6568.00,2423.00,1751.00,5648.00,1076.00,1707.00,2884.00,3371.00,1961.00,14462.00,18749.00,2165.00,1881.00,2908.00,1463.00,1508.00,1468.00,5271.00,1351.00,5156.00,1671.00,3190.00,1632.00,3125.00,3039.00,1359.00,16527.00,1668.00,915.00,2165.00,1662.00,1182.00,1767.00,1136.00,1153.00,1419.00,891.00,1052.00,1017.00,2425.00,1670.00,2873.00,1246.00,4008.00,1038.00,,,,,,,,,,,617.00,891.00,1122.00,500.00,782.00,1445.00,711.00,590.00,533.00,1318.00,282.00
06/2013,960.00,749.00,954.00,783.00,1424.00,1237.00,9420.00,780.00,2023.00,2358.00,1305.00,6932.00,2211.00,880.00,1856.00,856.00,4637.00,2811.00,9796.00,15394.00,3259.00,2324.00,2970.00,10558.00,2446.00,2764.00,1968.00,630.00,823.00,2285.00,863.00,513.00,1243.00,677.00,719.00,1273.00,1416.00,1198.00,6084.00,1467.00,2056.00,1998.00,804.00,810.00,2285.00,1295.00,670.00,3958.00,1864.00,6751.00,2456.00,1759.00,5806.00,1076.00,1718.00,2910.00,3402.00,2005.00,14871.00,19213.00,2196.00,1905.00,2946.00,1510.00,1521.00,1476.00,5328.00,1398.00,5153.00,1690.00,3191.00,1631.00,4027.00,3080.00,1337.00,16919.00,1675.00,934.00,2175.00,1674.00,1187.00,1806.00,1157.00,1165.00,1455.00,897.00,1081.00,1026.00,2475.00,1710.00,2918.00,1260.00,4065.00,1049.00,,,,,,,,,,,622.00,895.00,1111.00,501.00,798.00,1447.00,710.00,589.00,543.00,1331.00,284.00
09/2013,985.00,757.00,957.00,805.00,1475.00,1248.00,9595.00,784.00,2078.00,2412.00,1311.00,7062.00,2241.00,887.00,1909.00,863.00,4744.00,2884.00,9916.00,16194.00,3276.00,2327.00,3005.00,10793.00,2489.00,2859.00,1995.00,645.00,825.00,2294.00,866.00,515.00,1268.00,686.00,722.00,1284.00,1417.00,1219.00,6541.00,1490.00,2062.00,2007.00,806.00,834.00,2322.00,1316.00,674.00,4041.00,1902.00,6946.00,2484.00,1768.00,5838.00,1076.00,1734.00,2965.00,3454.00,2049.00,15421.00,20455.00,2243.00,1929.00,2992.00,1573.00,1603.00,1489.00,5379.00,1471.00,5142.00,1705.00,3196.00,1634.00,4133.00,3126.00,1340.00,17811.00,1709.00,958.00,2186.00,1717.00,1195.00,1853.00,1185.00,1182.00,1512.00,898.00,1090.00,1031.00,2510.00,1754.00,3997.00,1281.00,4111.00,1059.00,,,,,,,,,,,625.00,903.00,1116.00,501.00,815.00,1449.00,710.00,590.00,554.00,1356.00,285.00
12/2013,1015.00,770.00,959.00,828.00,1514.00,1259.00,9771.00,785.00,2217.00,2450.00,1317.00,7251.00,2274.00,887.00,1909.00,869.00,4868.00,2958.00,10100.00,16863.00,3295.00,2332.00,3062.00,11181.00,2541.00,2974.00,1989.00,659.00,827.00,2301.00,872.00,516.00,1296.00,687.00,727.00,1296.00,1422.00,1243.00,6535.00,1513.00,2129.00,2016.00,807.00,848.00,2364.00,1334.00,677.00,4578.00,1943.00,7078.00,2524.00,1767.00,6077.00,1137.00,1747.00,3050.00,3537.00,2128.00,16246.00,21395.00,2304.00,1954.00,3006.00,1745.00,1610.00,1497.00,5443.00,1511.00,5111.00,1726.00,3200.00,1627.00,4220.00,3248.00,1340.00,18173.00,1739.00,978.00,2197.00,1724.00,1202.00,1892.00,1218.00,1200.00,1528.00,903.00,1102.00,1041.00,2550.00,1801.00,4029.00,1296.00,4199.00,1065.00,,,,,,,,,,,627.00,912.00,1119.00,499.00,831.00,1452.00,710.00,589.00,565.00,1371.00,285.00
03/2014,1042.00,775.00,960.00,848.00,1548.00,1260.00,10061.00,786.00,2266.00,2504.00,1322.00,7238.00,2312.00,887.00,1909.00,876.00,4934.00,3471.00,10350.00,17681.00,3314.00,2334.00,3113.00,11273.00,2608.00,3042.00,1988.00,668.00,829.00,2317.00,876.00,516.00,1314.00,691.00,743.00,1307.00,1434.00,1275.00,6589.00,1693.00,2129.00,2024.00,807.00,863.00,2383.00,1350.00,678.00,4677.00,1986.00,7179.00,2543.00,1767.00,6122.00,1193.00,1765.00,3193.00,3562.00,2140.00,16803.00,22094.00,2328.00,3214.00,3010.00,2180.00,1629.00,1502.00,5508.00,1543.00,5084.00,1830.00,3232.00,1617.00,4258.00,3336.00,1350.00,18672.00,1748.00,993.00,2207.00,1726.00,1205.00,1935.00,1246.00,1212.00,1558.00,907.00,1112.00,1058.00,2589.00,1872.00,4049.00,1310.00,4333.00,1071.00,,,,,,,,,,,627.00,912.00,1120.00,499.00,848.00,1455.00,947.00,589.00,575.00,1396.00,285.00
06/2014,1051.00,775.00,961.00,1638.00,1594.00,1260.00,10302.00,791.00,2270.00,2530.00,1325.00,7229.00,2349.00,887.00,1909.00,882.00,4971.00,3585.00,10298.00,18893.00,3329.00,2337.00,3155.00,11305.00,2674.00,3083.00,1984.00,680.00,830.00,2331.00,879.00,518.00,1318.00,695.00,762.00,1316.00,1460.00,1293.00,6532.00,1309.00,2134.00,2027.00,806.00,884.00,2398.00,1374.00,679.00,4701.00,2005.00,7254.00,2559.00,1754.00,6025.00,1256.00,1789.00,3313.00,3583.00,2123.00,17233.00,22319.00,2339.00,3258.00,3012.00,2225.00,1607.00,1506.00,5569.00,1567.00,5038.00,1848.00,3209.00,1622.00,4263.00,3392.00,1359.00,18696.00,1748.00,1009.00,2214.00,1731.00,1209.00,1930.00,1279.00,1227.00,1574.00,934.00,1113.00,1070.00,2629.00,1921.00,4066.00,1332.00,4425.00,1077.00,,,,,,,,,,,628.00,911.00,1134.00,499.00,869.00,1458.00,947.00,589.00,585.00,1422.00,286.00
09/2014,1069.00,774.00,963.00,1649.00,2634.00,1266.00,27972.00,793.00,2272.00,2552.00,1324.00,7132.00,2377.00,891.00,1909.00,890.00,5010.00,3649.00,10187.00,19121.00,3340.00,2338.00,3190.00,11316.00,2720.00,3134.00,1983.00,687.00,832.00,2340.00,882.00,519.00,1319.00,697.00,783.00,1316.00,1473.00,1315.00,6508.00,1763.00,2134.00,2028.00,804.00,899.00,2409.00,1396.00,679.00,4688.00,2011.00,7182.00,2566.00,1736.00,5820.00,1334.00,1808.00,3391.00,3559.00,2071.00,17344.00,22505.00,2350.00,3297.00,3006.00,2386.00,1623.00,1508.00,5588.00,1582.00,4984.00,1860.00,3168.00,1649.00,4264.00,3448.00,1360.00,18755.00,1758.00,1028.00,2215.00,1725.00,1209.00,1899.00,1307.00,1238.00,1583.00,939.00,1114.00,1082.00,2695.00,1911.00,4096.00,1368.00,4472.00,1082.00,,,,,,,,,,,626.00,904.00,1150.00,499.00,890.00,1461.00,947.00,590.00,595.00,1433.00,287.00
12/2014,1089.00,774.00,966.00,1655.00,2681.00,1265.00,28030.00,796.00,2274.00,2562.00,1325.00,7109.00,2410.00,891.00,1940.00,897.00,5017.00,3722.00,10060.00,19325.00,3369.00,2335.00,3195.00,11525.00,2772.00,3152.00,1973.00,688.00,833.00,2346.00,881.00,519.00,1311.00,698.00,797.00,1320.00,1484.00,1328.00,6499.00,1791.00,2136.00,2040.00,801.00,914.00,2402.00,1415.00,678.00,4660.00,2009.00,7295.00,2582.00,1724.00,5804.00,1418.00,1836.00,3395.00,3514.00,2052.00,17744.00,22763.00,2363.00,3335.00,3014.00,2264.00,1636.00,1508.00,5630.00,1594.00,4907.00,1895.00,3147.00,1625.00,4376.00,3478.00,1362.00,18798.00,1759.00,1029.00,2223.00,1757.00,1211.00,1840.00,1344.00,1256.00,1595.00,943.00,1129.00,1083.00,2735.00,1933.00,4123.00,1398.00,4536.00,1087.00,,,,,,,,,,,624.00,891.00,1155.00,503.00,905.00,1462.00,955.00,588.00,595.00,1477.00,288.00
03/2015,1090.00,774.00,967.00,1658.00,2738.00,1273.00,28172.00,798.00,2277.00,3984.00,1324.00,7058.00,2444.00,891.00,1940.00,906.00,5110.00,3784.00,10010.00,19681.00,3379.00,2333.00,3512.00,11546.00,2788.00,3165.00,1973.00,2003.00,834.00,2353.00,883.00,521.00,1317.00,704.00,831.00,1320.00,1493.00,1355.00,6410.00,1833.00,2136.00,2052.00,799.00,920.00,2401.00,1429.00,678.00,4641.00,2021.00,7270.00,2589.00,1710.00,7813.00,1418.00,1852.00,3490.00,3509.00,2007.00,18063.00,22927.00,2377.00,3372.00,3025.00,2273.00,1648.00,1507.00,5680.00,1608.00,4867.00,1920.00,3137.00,1630.00,4405.00,4424.00,1371.00,18720.00,1780.00,2738.00,2220.00,1754.00,1210.00,1834.00,1350.00,1264.00,1607.00,948.00,1131.00,1089.00,2785.00,1963.00,4149.00,1423.00,4614.00,1090.00,,,,,,,,,,,622.00,873.00,2403.00,503.00,921.00,1495.00,947.00,589.00,587.00,1502.00,288.00
06/2015,1095.00,775.00,968.00,1659.00,2783.00,1274.00,28390.00,796.00,2281.00,4017.00,1324.00,7028.00,2474.00,891.00,1940.00,911.00,5158.00,3848.00,10007.00,19971.00,3384.00,2336.00,3496.00,11566.00,2842.00,3182.00,1976.00,2028.00,835.00,2362.00,891.00,521.00,1328.00,716.00,867.00,1321.00,1498.00,1372.00,6448.00,1908.00,2138.00,2061.00,795.00,928.00,2413.00,1442.00,679.00,4631.00,2042.00,7342.00,2611.00,1696.00,7840.00,1418.00,1875.00,3587.00,3510.00,2011.00,18428.00,24305.00,2395.00,3403.00,3041.00,2323.00,1668.00,1508.00,5740.00,1621.00,4874.00,1941.00,3125.00,1635.00,4454.00,4452.00,1376.00,19142.00,1798.00,2739.00,2218.00,1760.00,1209.00,1830.00,1392.00,1267.00,1631.00,953.00,1147.00,1093.00,2838.00,1995.00,4182.00,2319.00,4681.00,1092.00,,,,,,,,,,,618.00,839.00,2386.00,502.00,939.00,1523.00,947.00,588.00,578.00,1555.00,288.00
09/2015,1098.00,775.00,968.00,1659.00,2845.00,1274.00,28859.00,796.00,2289.00,4039.00,1323.00,7057.00,2500.00,892.00,1940.00,919.00,5218.00,3891.00,10035.00,20415.00,3395.00,2339.00,3481.00,11586.00,2886.00,3195.00,1977.00,2056.00,837.00,2385.00,890.00,545.00,1337.00,724.00,900.00,1322.00,1504.00,1386.00,6400.00,1910.00,2142.00,2082.00,787.00,932.00,2425.00,1923.00,679.00,4671.00,2036.00,7433.00,2634.00,1687.00,7956.00,1418.00,1901.00,3680.00,3520.00,1995.00,19264.00,24998.00,2410.00,3438.00,3070.00,2356.00,1690.00,1510.00,5795.00,1634.00,4915.00,1955.00,3123.00,1638.00,4551.00,4477.00,1386.00,19491.00,1818.00,2769.00,2223.00,1713.00,1208.00,1850.00,1416.00,1272.00,1664.00,959.00,1160.00,1144.00,2914.00,2020.00,4212.00,2338.00,4794.00,1102.00,,,,,,,,,,,616.00,815.00,2388.00,500.00,953.00,1534.00,947.00,588.00,570.00,1575.00,289.00
12/2015,1101.00,778.00,969.00,1660.00,2897.00,1273.00,29330.00,795.00,2292.00,4058.00,1324.00,7072.00,2524.00,892.00,1940.00,926.00,5275.00,3917.00,10595.00,20962.00,3393.00,2343.00,3478.00,11838.00,2922.00,3196.00,1978.00,2059.00,838.00,2402.00,890.00,545.00,1324.00,726.00,904.00,1329.00,1512.00,1404.00,6350.00,1912.00,2121.00,2099.00,779.00,917.00,2435.00,1942.00,679.00,4699.00,2043.00,7377.00,2641.00,1680.00,8032.00,1437.00,1909.00,3832.00,3512.00,2048.00,20044.00,26038.00,2439.00,3479.00,3095.00,2380.00,1699.00,1513.00,5843.00,1642.00,4961.00,1979.00,3109.00,1632.00,4590.00,4484.00,1388.00,19808.00,1820.00,2773.00,2224.00,1717.00,1208.00,1841.00,1451.00,1283.00,1677.00,964.00,1173.00,1211.00,2982.00,2050.00,4238.00,2347.00,4888.00,1111.00,,,,,,,,,,,613.00,804.00,2334.00,503.00,973.00,1545.00,947.00,586.00,566.00,1577.00,289.00
03/2016,1101.00,781.00,969.00,1660.00,2942.00,1291.00,30530.00,795.00,2296.00,4088.00,1326.00,7094.00,2547.00,892.00,1940.00,927.00,5344.00,3937.00,10856.00,21525.00,3404.00,2345.00,3481.00,11861.00,2997.00,3464.00,1978.00,2064.00,840.00,2491.00,807.00,546.00,1328.00,728.00,2050.00,1331.00,1530.00,1421.00,6428.00,1913.00,2121.00,2104.00,768.00,908.00,3125.00,1955.00,679.00,4752.00,1999.00,7711.00,5874.00,1659.00,7999.00,1435.00,1921.00,3831.00,3516.00,2209.00,21194.00,26870.00,2472.00,3513.00,3113.00,2385.00,1709.00,1516.00,5910.00,1649.00,5014.00,2005.00,3121.00,1634.00,4644.00,4493.00,1393.00,20168.00,1820.00,2775.00,2221.00,1725.00,1207.00,1844.00,1452.00,1295.00,1700.00,1093.00,1180.00,1244.00,3046.00,2081.00,4242.00,2350.00,4995.00,1121.00,,,,,,,,,,,610.00,831.00,2308.00,498.00,991.00,1557.00,947.00,585.00,567.00,1741.00,289.00
06/2016,1101.00,783.00,972.00,1660.00,2983.00,1297.00,31705.00,796.00,2302.00,4118.00,1328.00,7122.00,2579.00,892.00,1940.00,930.00,5538.00,3995.00,11115.00,22109.00,3444.00,2350.00,3496.00,12159.00,3198.00,3517.00,1979.00,2065.00,841.00,2521.00,809.00,553.00,1349.00,729.00,2004.00,1334.00,1534.00,1434.00,6377.00,1933.00,2118.00,2129.00,760.00,918.00,3125.00,2298.00,679.00,4828.00,2013.00,8233.00,5912.00,1644.00,8223.00,1435.00,1941.00,3890.00,3541.00,2247.00,22383.00,27609.00,2509.00,3549.00,3152.00,2412.00,1719.00,1521.00,6088.00,1647.00,5126.00,2022.00,3136.00,1638.00,4749.00,4499.00,1403.00,22344.00,1821.00,2788.00,2219.00,1731.00,1207.00,1834.00,1457.00,1313.00,1760.00,1099.00,1179.00,1271.00,3114.00,2124.00,4267.00,2366.00,5160.00,1131.00,,,,,,,,,,,607.00,829.00,2284.00,493.00,1008.00,1550.00,947.00,586.00,568.00,1747.00,289.00
09/2016,1153.00,790.00,974.00,1665.00,3044.00,1329.00,33011.00,797.00,2313.00,4136.00,1331.00,7193.00,2606.00,892.00,1940.00,932.00,5760.00,4096.00,11457.00,22896.00,3490.00,2354.00,3540.00,12495.00,3421.00,3531.00,1980.00,2072.00,842.00,2544.00,813.00,553.00,1394.00,736.00,2007.00,1340.00,1541.00,1450.00,6392.00,1957.00,7240.00,2208.00,754.00,1312.00,3127.00,2310.00,679.00,4919.00,2006.00,8681.00,5989.00,1635.00,8492.00,1435.00,1955.00,3973.00,3556.00,2292.00,23668.00,28080.00,2549.00,3592.00,3181.00,2471.00,1740.00,1524.00,6254.00,1655.00,5223.00,2048.00,3179.00,1649.00,4894.00,4522.00,1403.00,23699.00,1811.00,2816.00,2224.00,1738.00,1208.00,1844.00,1466.00,1324.00,1792.00,1107.00,1183.00,1301.00,3258.00,2184.00,4295.00,2392.00,5350.00,1142.00,,,,,,,,,,,606.00,827.00,2286.00,486.00,1027.00,1537.00,950.00,585.00,569.00,1752.00,289.00
12/2016,1203.00,795.00,977.00,1670.00,3089.00,1332.00,34515.00,797.00,2331.00,4189.00,1334.00,7313.00,2664.00,895.00,1940.00,935.00,5890.00,4273.00,12141.00,23683.00,3494.00,2359.00,3591.00,12997.00,3508.00,3550.00,1984.00,2102.00,845.00,2586.00,815.00,555.00,1452.00,737.00,2005.00,1378.00,1552.00,1467.00,6388.00,1989.00,7261.00,2286.00,747.00,1316.00,3127.00,2327.00,680.00,5008.00,1995.00,9065.00,6062.00,1703.00,8582.00,1444.00,1966.00,4139.00,3614.00,2359.00,24767.00,28229.00,2595.00,3642.00,3209.00,2550.00,1751.00,1629.00,6411.00,1663.00,5302.00,2060.00,3289.00,1711.00,4925.00,4565.00,1406.00,24581.00,1822.00,2839.00,2230.00,1746.00,1211.00,1867.00,1478.00,1332.00,1827.00,1110.00,1194.00,1381.00,3339.00,2256.00,4329.00,2407.00,5483.00,1153.00,,,,,,,,,,,605.00,824.00,2290.00,478.00,1045.00,1501.00,958.00,577.00,570.00,1759.00,289.00
03/2017,2195.00,799.00,981.00,1676.00,3118.00,1431.00,35707.00,798.00,2348.00,4264.00,1337.00,7347.00,2701.00,895.00,1940.00,938.00,5952.00,4439.00,12178.00,20808.00,3537.00,2362.00,3691.00,13241.00,3530.00,3611.00,1985.00,2102.00,852.00,2632.00,821.00,555.00,1517.00,742.00,2006.00,1379.00,1570.00,1499.00,6440.00,2026.00,7281.00,2366.00,748.00,1320.00,3153.00,2359.00,680.00,5096.00,1998.00,9133.00,6106.00,1717.00,8620.00,1444.00,1993.00,4284.00,3658.00,2459.00,25526.00,28918.00,2646.00,3702.00,4911.00,2909.00,1760.00,1710.00,6600.00,1674.00,5311.00,2088.00,3287.00,1721.00,4956.00,4649.00,1417.00,25554.00,1841.00,2861.00,2238.00,1746.00,1230.00,1907.00,1481.00,1340.00,1883.00,1116.00,1224.00,1409.00,3411.00,2393.00,4374.00,2459.00,5548.00,1162.00,,,,,,,,,,,603.00,823.00,2297.00,476.00,1067.00,1497.00,958.00,576.00,574.00,1766.00,289.00
06/2017,2306.00,806.00,1003.00,1686.00,3151.00,1463.00,36922.00,800.00,2387.00,4304.00,1341.00,7569.00,2741.00,895.00,1937.00,939.00,6005.00,4627.00,12404.00,21580.00,3608.00,2375.00,3760.00,13565.00,3536.00,3640.00,1988.00,2136.00,862.00,2709.00,832.00,555.00,1631.00,754.00,1997.00,1418.00,1583.00,1533.00,6449.00,2061.00,7304.00,2479.00,750.00,1333.00,3179.00,2397.00,680.00,5199.00,2002.00,9138.00,6164.00,1729.00,8885.00,1444.00,2051.00,4508.00,3731.00,2573.00,26278.00,29373.00,2697.00,3773.00,5105.00,3074.00,1779.00,1786.00,6799.00,1682.00,5346.00,2127.00,3292.00,1730.00,5031.00,4765.00,1425.00,26477.00,1865.00,2901.00,2245.00,1772.00,1234.00,1940.00,1508.00,1349.00,1935.00,1122.00,1242.00,1425.00,3480.00,2482.00,4485.00,2592.00,5620.00,1180.00,,,,,,,,,,,602.00,821.00,2342.00,473.00,1087.00,1520.00,964.00,576.00,576.00,1814.00,289.00
09/2017,2522.00,819.00,1011.00,1729.00,3219.00,1487.00,38022.00,801.00,2430.00,4371.00,1350.00,7700.00,2781.00,911.00,1985.00,940.00,6053.00,4791.00,12598.00,22224.00,3740.00,2402.00,3811.00,13821.00,3544.00,3693.00,1973.00,2175.00,868.00,2763.00,840.00,555.00,1683.00,1820.00,1988.00,1421.00,1610.00,1563.00,6557.00,2064.00,7341.00,2613.00,752.00,1308.00,3208.00,2419.00,680.00,5287.00,2060.00,9144.00,6228.00,1756.00,9147.00,1459.00,2095.00,11252.00,3821.00,2698.00,26841.00,29935.00,2754.00,3865.00,5262.00,3211.00,1790.00,1855.00,6920.00,1774.00,5470.00,2142.00,3296.00,1735.00,5122.00,4891.00,1446.00,26926.00,1923.00,2928.00,2260.00,1817.00,1239.00,1968.00,1532.00,1639.00,2025.00,1128.00,1263.00,2998.00,3546.00,2565.00,4630.00,2667.00,5709.00,1230.00,7062.00,,,,,,,,,,597.00,802.00,2425.00,470.00,1107.00,1533.00,977.00,579.00,577.00,1843.00,289.00
12/2017,2821.00,826.00,1016.00,1751.00,3264.00,1581.00,38673.00,802.00,2484.00,4402.00,1358.00,7937.00,2833.00,911.00,1984.00,940.00,6318.00,4965.00,12665.00,22910.00,3820.00,2415.00,3897.00,13956.00,3582.00,3764.00,1975.00,2194.00,883.00,2963.00,844.00,556.00,1733.00,1832.00,1989.00,1435.00,1626.00,1590.00,6566.00,3335.00,7343.00,2681.00,756.00,1356.00,3236.00,2443.00,681.00,5380.00,2109.00,9147.00,6300.00,1781.00,9410.00,1472.00,2145.00,11346.00,3983.00,2733.00,27102.00,30272.00,2832.00,3954.00,5352.00,3325.00,1830.00,1890.00,7007.00,1811.00,5573.00,2203.00,3303.00,1742.00,5206.00,5224.00,1446.00,26654.00,1958.00,2952.00,2272.00,1928.00,1254.00,2000.00,1557.00,1655.00,2112.00,1135.00,1296.00,3080.00,3624.00,2634.00,4706.00,2862.00,5948.00,1270.00,7155.00,,,,,,,,,,596.00,800.00,2544.00,468.00,1129.00,1544.00,977.00,580.00,578.00,1873.00,289.00
03/2018,3394.00,833.00,763.00,1775.00,3304.00,1650.00,39331.00,757.00,2548.00,4438.00,1365.00,8110.00,2880.00,911.00,1984.00,941.00,6521.00,5132.00,12672.00,23409.00,3850.00,2704.00,4015.00,14102.00,3584.00,3814.00,1976.00,2234.00,904.00,3042.00,850.00,556.00,1783.00,1910.00,1991.00,1454.00,1648.00,1628.00,6602.00,3377.00,7352.00,2760.00,758.00,1417.00,3273.00,2470.00,682.00,5471.00,2142.00,9135.00,6358.00,1794.00,8291.00,1480.00,2699.00,11661.00,4055.00,2767.00,27352.00,30528.00,2923.00,4047.00,5410.00,3432.00,1868.00,1926.00,11648.00,1853.00,5590.00,2224.00,3319.00,1745.00,5274.00,5551.00,1451.00,26792.00,2005.00,2973.00,2300.00,2100.00,1262.00,2067.00,1578.00,1668.00,2196.00,1149.00,1322.00,3132.00,3702.00,2733.00,4787.00,2907.00,6179.00,1323.00,7458.00,,,,,,,,,,595.00,799.00,2548.00,472.00,1153.00,1553.00,980.00,580.00,579.00,1911.00,289.00
06/2018,3625.00,839.00,767.00,1801.00,3345.00,1717.00,39916.00,757.00,2622.00,4503.00,1387.00,8260.00,2936.00,911.00,1984.00,944.00,6664.00,5318.00,12700.00,24199.00,3906.00,2774.00,4138.00,14384.00,3625.00,3852.00,1979.00,2278.00,929.00,3114.00,857.00,556.00,1854.00,1951.00,1995.00,1471.00,1666.00,1691.00,6638.00,3428.00,7373.00,2835.00,762.00,1474.00,3304.00,2498.00,690.00,5565.00,2225.00,9126.00,6420.00,1799.00,8430.00,1485.00,2751.00,12054.00,4159.00,2762.00,27545.00,30667.00,3015.00,4142.00,5448.00,3450.00,1924.00,1971.00,11662.00,1941.00,5709.00,2257.00,3334.00,1756.00,5354.00,5950.00,1451.00,26442.00,2093.00,2998.00,2360.00,2415.00,1272.00,2125.00,1607.00,1691.00,2299.00,1164.00,1347.00,3217.00,3784.00,2834.00,4872.00,3422.00,6360.00,1369.00,7575.00,,,,,,,,,,595.00,801.00,2560.00,477.00,1182.00,1563.00,986.00,595.00,580.00,1940.00,289.00
09/2018,3678.00,844.00,771.00,1830.00,3384.00,1783.00,40517.00,759.00,2674.00,4584.00,1403.00,14939.00,3059.00,861.00,1983.00,946.00,6921.00,5509.00,12758.00,24750.00,3972.00,2839.00,4226.00,21211.00,3659.00,3867.00,1980.00,2313.00,965.00,3189.00,881.00,557.00,1896.00,2000.00,1982.00,1491.00,1694.00,1747.00,6683.00,3596.00,7420.00,2888.00,767.00,1429.00,3355.00,2546.00,690.00,5651.00,2278.00,9109.00,6488.00,1806.00,8466.00,1495.00,2815.00,12135.00,4256.00,2731.00,27647.00,31332.00,3126.00,4239.00,5490.00,3520.00,1969.00,2020.00,11730.00,1979.00,5693.00,2294.00,3351.00,1759.00,5471.00,6245.00,1457.00,41767.00,2156.00,3034.00,2388.00,2645.00,1283.00,2161.00,3298.00,1720.00,2375.00,1172.00,1369.00,3284.00,3867.00,2938.00,4958.00,3639.00,6600.00,1413.00,7446.00,,,,,,,,,,595.00,801.00,2586.00,486.00,1210.00,1574.00,992.00,596.00,580.00,1972.00,290.00
12/2018,3708.00,849.00,775.00,1860.00,3410.00,1827.00,40904.00,759.00,2708.00,4660.00,1410.00,14405.00,3136.00,861.00,1983.00,947.00,7154.00,5710.00,12784.00,25193.00,4046.00,2897.00,4307.00,21422.00,3697.00,3896.00,1980.00,2349.00,980.00,3235.00,890.00,556.00,1888.00,2102.00,2018.00,1499.00,1709.00,1775.00,6703.00,3679.00,7489.00,2936.00,772.00,1466.00,3380.00,2611.00,691.00,5738.00,2244.00,9107.00,6535.00,1812.00,8319.00,1509.00,2883.00,12135.00,4298.00,2733.00,27616.00,32041.00,3225.00,4338.00,5528.00,3587.00,2013.00,2067.00,11841.00,2007.00,5630.00,2308.00,3366.00,1759.00,5574.00,6372.00,1470.00,41087.00,2171.00,3061.00,2407.00,2703.00,1293.00,2194.00,3357.00,1747.00,2401.00,1182.00,1393.00,3390.00,3951.00,2983.00,5024.00,3713.00,6779.00,1444.00,7330.00,,,,,,,,,,594.00,803.00,2570.00,491.00,1235.00,1587.00,996.00,596.00,582.00,2005.00,290.00
