"点击这里以选择指标，然后再点击""更新""或""下载编辑""按钮更新或新增及移除数列",单位,平均,方差,标准差,偏度,峰度,变异系数,最小,最大,中位数,观测次数,1991,1992,1993,1994,1995,1996,1997,1998,1999,2000,2001,2002,2003,2004,2005,2006,2007,2008,2009,2010,2011,2012,2013,2014,2015,2016,2017,2018
商品房销售额:住宅:地级市合计,百万人民币,1840554,2.93947E+11,542168.3471,1.040827787,,0.29456802,1377602,2437000,1707060,3,,,,,,,,,,,,,,,1377602.00,,2437000.00,1707060.00,,,,,,,,,,
商品房销售额:住宅:北京,百万人民币,81375.89762,6470088604,80436.86098,0.647677697,-0.982300335,0.988460507,2160,248676.69,53171.4,21,2160.00,2470.00,4104.90,4083.87,6011.03,7631.91,12959.18,17979.99,23202.13,40933.63,53171.40,71665.93,78915.87,126910.23,173997.10,162629.95,184597.30,120136.85,248676.69,206051.72,160604.17,,,,,,,
商品房销售额:住宅:天津,百万人民币,76224.14174,6557258618,80976.90175,1.465076831,2.620765765,1.062352424,2480.65,324559.92,61950.83,23,,,,,2603.64,2480.65,3845.18,5296.14,5345.47,8604.28,11874.43,12992.36,17242.56,23225.91,50413.79,61950.83,78163.06,63557.28,96535.64,103431.74,116735.76,121057.06,144334.02,130970.00,164643.00,324559.92,203292.54,
商品房销售额:住宅:河北:石家庄,百万人民币,21401.61056,524908272,22910.87672,1.212030259,1.198904146,1.070521149,1118.35,82164.35,10606.28,18,,,,,,,,,,1118.35,1389.86,1186.73,1800.53,1829.00,3609.35,5774.05,9073.87,8583.69,12138.69,16977.63,34086.10,32857.11,38688.05,40364.92,43548.86,50037.85,82164.35,
商品房销售额:住宅:河北:唐山,百万人民币,22569,203871670.1,14278.36371,-0.131217045,-1.575983557,0.632653804,3193,44836.66,29160.81,13,,,,,,,,,,,,,,,3193.00,4805.00,4802.00,8781.00,13680.00,17043.00,29160.81,34867.95,44836.66,35154.68,33297.23,30791.41,32984.26,
商品房销售额:住宅:河北:秦皇岛市,百万人民币,11617.04769,28370335.54,5326.381092,-0.088477134,-1.054164301,0.458496964,3541,20615.61,13099.01,13,,,,,,,,,,,,,,,3541.00,5354.00,7325.00,4772.00,8156.00,14273.00,15111.52,13099.01,17646.20,11659.87,14224.84,15243.57,20615.61,
商品房销售额:住宅:河北:邯郸市,百万人民币,10496.48308,60088502.61,7751.677406,0.573287617,-0.206393105,0.738502349,1515,26602.36,11960.32,13,,,,,,,,,,,,,,,1515.00,1657.00,1955.00,3553.00,5132.00,7956.00,11960.32,14895.18,12719.19,13321.53,15216.80,19970.90,26602.36,
商品房销售额:住宅:河北:邢台市,百万人民币,7014.990714,26637627.83,5161.165356,0.602458863,-0.712856858,0.73573374,957,16877.61,6422.195,14,,,,,,,,,,,,,,,957.00,1338.00,2138.00,2167.00,2548.00,5144.00,6958.37,5886.02,7277.85,9531.23,9682.79,13123.00,16877.61,14581.00
商品房销售额:住宅:河北:保定市,百万人民币,12306.98308,89640558.27,9467.869785,0.663272306,-0.564440803,0.769308751,1145,30605.55,11699.7,13,,,,,,,,,,,,,,,1145.00,2282.00,4220.00,3372.00,5090.00,9885.00,13271.39,11699.70,12376.60,18890.29,20938.29,26214.96,30605.55,
商品房销售额:住宅:河北:张家口市,百万人民币,12230.87615,58660274.62,7658.999584,-0.288772343,-1.556429358,0.626202039,1537,23400.69,15372.21,13,,,,,,,,,,,,,,,1537.00,2203.00,2989.00,3811.00,6676.00,15634.00,20023.70,16520.56,15372.21,14802.76,16800.10,19231.37,23400.69,
商品房销售额:住宅:河北:承德市,百万人民币,7533.399231,23408821.37,4838.26636,-0.038057132,-1.359842043,0.642242129,924,15470.64,8868,13,,,,,,,,,,,,,,,924.00,1776.00,2041.00,2505.00,3460.00,8868.00,9548.65,8148.89,9829.19,11598.13,10619.44,13145.25,15470.64,
商品房销售额:住宅:河北:沧州市,百万人民币,12855.97692,97482100.78,9873.302425,0.421226503,-1.002282096,0.767993166,1427,30171.33,11173,13,,,,,,,,,,,,,,,1427.00,1855.00,1751.00,3554.00,6268.00,11173.00,15813.65,10365.72,17229.06,17653.72,22341.40,27524.82,30171.33,
商品房销售额:住宅:河北:廊坊市,百万人民币,46541.74,1607911745,40098.77486,1.191522487,1.073154405,0.861565873,4499,140525.1,36348.88,13,,,,,,,,,,,,,,,4499.00,6402.00,11697.00,16132.00,25267.00,37137.00,34216.36,36348.88,47248.77,65962.31,86152.47,140525.10,93454.73,
商品房销售额:住宅:河北:衡水市,百万人民币,7404.202308,39155391.53,6257.42691,0.653201826,-0.448982235,0.845118306,883,20189.61,6771.58,13,,,,,,,,,,,,,,,1158.00,883.00,1335.00,1159.00,1969.00,4770.00,9230.14,6771.58,9687.87,11223.02,12598.79,15279.62,20189.61,
商品房销售额:住宅:山西:太原市,百万人民币,15230.40278,296089852.1,17207.26161,1.585991759,2.51696542,1.129796885,497.93,63948.23,6832.305,18,,,,,,,,,,497.93,1096.16,1351.12,1272.19,2551.00,5322.86,3940.20,5306.24,6068.56,7596.05,16593.05,12506.19,19778.18,25961.77,28534.24,30853.82,40969.46,63948.23,
商品房销售额:住宅:山西:大同市,百万人民币,3248.08,4524036.472,2126.978249,1.340040544,1.625161178,0.654841706,1139,8442.14,2756.51,13,,,,,,,,,,,,,,,1139.00,1544.00,1923.00,1414.00,1562.00,2017.00,2756.51,3853.53,3923.34,2852.29,5348.02,5450.21,8442.14,
商品房销售额:住宅:山西:阳泉市,百万人民币,2163.566154,795533.1852,891.9266703,-0.304145034,-0.849059776,0.412248393,714,3425.19,2223.05,13,,,,,,,,,,,,,,,714.00,815.00,1163.00,1516.00,2153.00,2445.00,2461.01,3288.32,2548.29,2223.05,2196.61,3425.19,3177.89,
商品房销售额:住宅:山西:长治市,百万人民币,4167.99,8024867.342,2832.81968,0.654335791,-0.363363845,0.679660863,737,9907.76,3878.71,13,,,,,,,,,,,,,,,737.00,1617.00,1325.00,1258.00,2536.00,2789.00,3878.71,4633.18,5256.03,5879.83,6358.10,8008.26,9907.76,
商品房销售额:住宅:山西:晋城市,百万人民币,2875.770714,4221464.919,2054.620383,0.551878388,-1.02059191,0.71445904,543,6233.61,2705.545,14,,,,,,,,,,,,,,,715.00,619.00,543.00,992.00,1529.00,1523.00,3347.49,2492.70,3308.16,2918.39,6111.77,5817.67,6233.61,4110.00
商品房销售额:住宅:山西:朔州市,百万人民币,1605.612308,1155723.951,1075.046023,1.106894368,-0.047044868,0.669555171,454,3749.68,1190.19,13,,,,,,,,,,,,,,,454.00,637.00,1027.00,767.00,1185.00,839.00,1370.86,1716.33,3017.28,3329.44,1190.19,1590.18,3749.68,
商品房销售额:住宅:山西:晋中市,百万人民币,3975.932857,7393081.356,2719.022132,1.526609593,3.070320732,0.683870234,1016,11290,3368.56,14,,,,,,,,,,,,,,,1016.00,1635.00,2036.00,2519.00,1522.00,2560.00,2241.45,4177.12,4574.59,4913.33,5231.07,5418.44,6529.06,11290.00
商品房销售额:住宅:山西:运城市,百万人民币,4239.786154,7648142.747,2765.527571,0.889708154,0.583407806,0.652279967,890,10443.58,3286.71,13,,,,,,,,,,,,,,,890.00,1120.00,1690.00,2445.00,2989.00,2758.00,3286.71,5778.61,5546.07,5197.09,5291.09,7682.07,10443.58,
商品房销售额:住宅:山西:忻州市,百万人民币,1596.097143,875784.3631,935.8335125,0.58358658,-0.380761048,0.586326162,173,3297.37,1436.935,14,,,,,,,,,,,,,,,173.00,543.00,757.00,1224.00,987.00,1367.00,2082.88,1550.75,1559.42,1506.87,1358.00,3297.37,2889.07,3050.00
商品房销售额:住宅:山西:临汾市,百万人民币,3207.846429,5318077.97,2306.095828,0.557041495,-0.586546835,0.718892216,347,7930,2793.02,14,,,,,,,,,,,,,,,347.00,614.00,935.00,1466.00,1621.00,1431.00,2726.08,2859.96,4493.23,4864.51,4399.02,6014.37,5208.68,7930.00
商品房销售额:住宅:山西:吕梁市,百万人民币,1279.192308,585842.3491,765.4033898,0.028174767,-1.254092202,0.598348962,123,2405.57,1190.82,13,,,,,,,,,,,,,,,123.00,287.00,670.00,502.00,917.00,1315.00,1178.53,1190.82,2326.20,1763.49,1890.89,2405.57,2060.00,
商品房销售额:住宅:内蒙古:呼和浩特市,百万人民币,9476.103333,52693319.14,7259.016403,0.111790724,-1.713094256,0.766033901,653.07,20298.62,8945.9,18,,,,,,,,,,653.07,774.01,1270.74,1442.93,1984.00,3000.72,4217.72,5245.28,7738.21,10153.59,14387.50,20298.62,19879.06,15744.96,15814.99,15897.05,17915.09,14152.32,
商品房销售额:住宅:内蒙古:包头市,百万人民币,13645.26385,37265093.73,6104.514209,-0.526646284,-0.302407368,0.447372383,2812,23666.22,15258.17,13,,,,,,,,,,,,,,,2812.00,3875.00,6999.00,10086.00,16658.00,16241.00,23666.22,13485.41,16584.66,15258.17,14509.10,18467.92,18745.95,
商品房销售额:住宅:内蒙古:乌海市,百万人民币,2789.575714,1420694.573,1191.92893,0.037734821,-1.528188523,0.427279648,998,4478.16,2691,14,,,,,,,,,,,,,,,998.00,1518.00,2881.00,2501.00,1594.00,2248.00,3645.74,3849.15,4340.59,4181.39,4478.16,3385.31,1963.72,1470.00
商品房销售额:住宅:内蒙古:赤峰市,百万人民币,7744.741538,19262902.72,4388.952349,0.049525674,-0.813822781,0.566700945,1168,15787.05,8974,13,,,,,,,,,,,,,,,1168.00,2317.00,3115.00,3797.00,4486.00,8974.00,12467.48,9617.80,15787.05,8526.80,9361.62,10668.02,10395.87,
商品房销售额:住宅:内蒙古:通辽市,百万人民币,3264.376923,3783128.07,1945.026496,0.293039813,-0.170434361,0.595833919,333,7166.05,3367.12,13,,,,,,,,,,,,,,,333.00,686.00,2192.00,1775.00,1556.00,3196.00,4591.13,3367.12,4725.26,3637.33,3899.61,5312.40,7166.05,
商品房销售额:住宅:内蒙古:鄂尔多斯市,百万人民币,8654.590769,19704608.96,4438.987381,0.522567397,0.174630882,0.51290552,1555,17302,8038.9,13,,,,,,,,,,,,,,,1555.00,3804.00,8112.00,10578.00,12144.00,17302.00,15582.38,7319.21,8163.57,8038.90,7756.40,7959.14,4195.08,
商品房销售额:住宅:内蒙古:呼伦贝尔市,百万人民币,6513.463846,12754503.91,3571.344832,-0.226845992,-1.343139992,0.548301935,994,11551.85,7153.32,13,,,,,,,,,,,,,,,994.00,1408.00,2566.00,4390.00,4921.00,4725.00,8308.46,9556.93,9974.56,11551.85,10522.19,8603.72,7153.32,
商品房销售额:住宅:内蒙古:巴彦淖尔市,百万人民币,3118.824286,1381053.294,1175.182239,-0.764559964,-0.590744785,0.376802965,990,4550.41,3443.915,14,,,,,,,,,,,,,,,990.00,1111.00,1679.00,2315.00,3585.00,3725.00,3967.40,2813.35,4464.70,3302.83,3290.67,4550.41,4029.18,3840.00
商品房销售额:住宅:内蒙古:乌兰察布市,百万人民币,1541.286154,942625.9953,970.8892807,0.90524856,1.180750679,0.629921497,387,3814.11,1566.81,13,,,,,,,,,,,,,,,387.00,439.00,1748.00,1931.00,2138.00,2566.00,3814.11,1539.15,1037.02,1566.81,1626.06,469.96,774.61,
商品房销售额:住宅:辽宁:沈阳市,百万人民币,58519.17632,1742747862,41746.23171,0.193071165,-1.123593439,0.713376953,4380.43,131855.06,57458.82,19,,,,,,,,,,4706.55,4380.43,4788.70,8026.93,13945.00,28183.53,36636.67,48019.30,50407.46,57458.82,77454.78,109595.71,131855.06,122528.51,78733.08,60944.56,75173.59,94635.67,104390.00
商品房销售额:住宅:辽宁:大连市,百万人民币,46202.49421,796166874.3,28216.42916,-0.182570974,-1.60099001,0.610712249,5670.82,86766.51,51975.09,19,,,,,,,,,,5670.82,9475.13,10007.71,12057.60,13241.00,19777.45,24270.36,42466.73,43298.06,67513.24,76155.16,66082.00,73328.94,86766.51,59836.72,51975.09,59693.43,75961.44,80270.00
商品房销售额:住宅:辽宁:鞍山市,百万人民币,12132.72231,66963829.14,8183.142987,0.588159217,-0.151016621,0.674468827,1793,28917.4,11144,13,,,,,,,,,,,,,,,1793.00,2239.00,3028.00,6389.00,11144.00,18286.00,18740.00,22378.91,28917.40,8938.57,11914.43,10678.55,13278.53,
商品房销售额:住宅:辽宁:抚顺市,百万人民币,5794.838571,13998401.71,3741.4438,0.741933979,-0.441823912,0.645651083,1231,12990.38,5036.315,14,,,,,,,,,,,,,,,1231.00,1599.00,2195.00,2608.00,4266.00,6901.00,11475.00,10903.39,12990.38,7117.83,3850.48,5918.03,4902.63,5170.00
商品房销售额:住宅:辽宁:本溪市,百万人民币,5331.130769,17896008.97,4230.367474,1.067113534,-0.478794502,0.793521611,1357,12981.84,3156,13,,,,,,,,,,,,,,,1357.00,1750.00,2509.00,2487.00,3156.00,3748.00,8290.00,12887.19,12981.84,10250.77,4401.10,2736.42,2750.38,
商品房销售额:住宅:辽宁:丹东市,百万人民币,8459.300769,23367137.79,4833.956743,0.363679288,-0.427147544,0.571436916,1682,17488.58,8659,13,,,,,,,,,,,,,,,1682.00,1930.00,3954.00,4583.00,7033.00,8659.00,13023.00,15307.15,17488.58,10237.54,7738.78,8661.48,9673.38,
商品房销售额:住宅:辽宁:锦州市,百万人民币,7676.960769,27278251.3,5222.858537,0.556546823,-0.83257666,0.680328934,832,17462.15,5377,13,,,,,,,,,,,,,,,832.00,1658.00,3090.00,4770.00,5377.00,10511.00,11285.00,14305.63,17462.15,13619.51,6385.03,5245.25,5259.92,
商品房销售额:住宅:辽宁:营口市,百万人民币,9915.371429,49502530.04,7035.80344,0.784025116,-0.826405648,0.709585464,2156,21996.07,8201.545,14,,,,,,,,,,,,,,,2156.00,2381.00,3121.00,4605.00,8656.00,16434.00,19507.00,21996.07,21596.35,9547.43,6281.42,6130.84,7893.09,8510.00
商品房销售额:住宅:辽宁:阜新市,百万人民币,2666.520769,2680777.857,1637.308113,0.731677459,-0.731556691,0.614024137,804,5616.52,2406,13,,,,,,,,,,,,,,,1232.00,804.00,1080.00,1142.00,1570.00,2406.00,4037.00,4165.03,5616.52,5360.18,2754.17,2033.78,2464.09,
商品房销售额:住宅:辽宁:辽阳市,百万人民币,4263.319231,6575219.063,2564.218997,0.89152876,0.352373786,0.601460707,1107,9692.14,3828.31,13,,,,,,,,,,,,,,,1154.00,1107.00,2294.00,2760.00,3117.00,4985.00,5862.00,8226.66,9692.14,5539.91,3828.31,3009.72,3847.41,
商品房销售额:住宅:辽宁:盘锦市,百万人民币,7307.861538,22803517.74,4775.302895,-0.364263317,-1.611412872,0.653447369,590,12707.67,8124,13,,,,,,,,,,,,,,,590.00,780.00,889.00,2761.00,4705.00,8124.00,11151.00,12311.25,12528.99,12707.67,11303.06,7805.83,9345.40,
商品房销售额:住宅:辽宁:铁岭市,百万人民币,6947.479231,25303059.81,5030.214689,0.221641172,-1.820421147,0.724034505,866,13950.58,4914,13,,,,,,,,,,,,,,,866.00,1245.00,2123.00,2661.00,4914.00,11050.00,10438.00,13950.58,13870.48,12533.34,9639.45,3917.24,3109.14,
商品房销售额:住宅:辽宁:朝阳市,百万人民币,5709.835714,25846610.35,5083.956171,1.51093982,2.19147251,0.890385718,492,18758.76,3907.955,14,,,,,,,,,,,,,,,492.00,1288.00,1718.00,1814.00,3284.00,5651.00,7325.00,11818.79,18758.76,11068.62,5724.70,3178.92,3455.91,4360.00
商品房销售额:住宅:辽宁:葫芦岛市,百万人民币,5459.343846,11602891.38,3406.301717,0.693657208,0.487225486,0.623939765,714,12987.81,4619.45,13,,,,,,,,,,,,,,,714.00,1410.00,2453.00,3104.00,6153.00,8400.00,4380.00,7686.24,12987.81,6395.94,4022.06,4619.45,8645.97,
商品房销售额:住宅:吉林:长春市,百万人民币,25523.02889,429890740.2,20733.8067,0.279057231,-1.399081138,0.812356824,1638.83,64826.1,21755.935,18,,,,,,,,,,1638.83,2427.81,3551.68,3299.74,3707.00,7081.91,8908.93,14749.37,17275.71,26236.16,40072.10,46950.45,40879.00,43680.00,38784.48,45128.52,50216.73,64826.10,
商品房销售额:住宅:吉林:吉林市,百万人民币,10614.73615,32671046.87,5715.859242,0.340717843,-0.630168741,0.538483403,2804,21063,10520.48,13,,,,,,,,,,,,,,,2804.00,3233.00,4096.00,7531.00,10531.00,13852.00,18456.00,21063.00,16350.00,8123.18,9252.64,10520.48,12179.27,
商品房销售额:住宅:吉林:四平市,百万人民币,2359.092308,2921473.965,1709.231981,0.160900327,-1.765986027,0.724529505,282,4750,2258,13,,,,,,,,,,,,,,,329.00,282.00,657.00,1164.00,2258.00,3307.00,4275.00,4367.00,4750.00,4353.68,1377.24,2856.36,691.92,
商品房销售额:住宅:吉林:辽源市,百万人民币,975.5246154,145521.9964,381.4734544,0.041893188,-0.164689388,0.391044417,321,1600,1001,13,,,,,,,,,,,,,,,453.00,321.00,695.00,1001.00,1041.00,1596.00,958.00,1148.00,1600.00,661.12,1051.04,1201.81,954.85,
商品房销售额:住宅:吉林:通化市,百万人民币,3389.819231,3040644.228,1743.744313,-0.317406675,-1.356047008,0.514406284,594,5922.17,3830.94,13,,,,,,,,,,,,,,,594.00,1155.00,1324.00,1861.00,2269.00,3744.00,3868.00,5002.00,4760.00,4907.33,3830.94,5922.17,4830.21,
商品房销售额:住宅:吉林:白山市,百万人民币,1051.999231,425182.0379,652.0598423,0.600917586,-0.67835973,0.619829201,290,2225,977,13,,,,,,,,,,,,,,,290.00,292.00,453.00,822.00,1140.00,2064.00,2225.00,977.00,1810.00,784.42,401.75,1187.42,1229.40,
商品房销售额:住宅:吉林:松原市,百万人民币,1846.977692,1718279.758,1310.831705,0.531493324,-0.71916622,0.709717129,96,4351,1410,13,,,,,,,,,,,,,,,96.00,297.00,725.00,1410.00,1164.00,3345.00,4351.00,2047.00,3180.00,3205.25,1871.20,1397.56,921.70,
商品房销售额:住宅:吉林:白城市,百万人民币,400.4930769,81152.84089,284.8733769,0.544701237,-0.744136627,0.71130662,30,864.61,341,13,,,,,,,,,,,,,,,30.00,34.00,192.00,448.00,337.00,448.00,448.00,341.00,800.00,211.40,208.34,864.61,844.06,
商品房销售额:住宅:黑龙江:哈尔滨市,百万人民币,34471.89053,724898596.4,26923.94095,0.519256075,-1.026249493,0.781040452,4722.5,84328.25,26031.65,19,,,,,,,,,,4722.50,5492.71,6191.72,7106.81,7759.00,11361.88,14397.10,19652.05,17737.45,26031.65,41907.19,47284.43,51084.36,71022.05,51881.70,48407.13,56787.94,84328.25,81810.00
商品房销售额:住宅:黑龙江:齐齐哈尔市,百万人民币,5140.022857,5483837.685,2341.759528,-0.291084844,-1.17736921,0.455593213,1758,8778.51,5772.48,14,,,,,,,,,,,,,,,1758.00,1798.00,2241.00,2279.00,3902.00,5398.00,6403.73,6322.17,8778.51,6952.06,6623.50,7959.39,5654.96,5890.00
商品房销售额:住宅:黑龙江:鸡西市,百万人民币,1311.551538,800816.1001,894.8832885,0.963786987,0.766763198,0.682308901,301,3370.64,1259,13,,,,,,,,,,,,,,,301.00,400.00,577.00,439.00,875.00,1259.00,2273.99,3370.64,1953.58,1879.25,783.81,1337.18,1600.72,
商品房销售额:住宅:黑龙江:鹤岗市,百万人民币,684.27,141351.6896,375.967671,1.377075814,1.217122072,0.549443452,273.55,1461,577.96,13,,,,,,,,,,,,,,,470.00,642.00,677.00,508.00,845.00,1461.00,1439.23,741.97,546.03,384.23,577.96,273.55,329.54,
商品房销售额:住宅:黑龙江:双鸭山市,百万人民币,857.5421429,303624.3165,551.0211579,1.755835778,3.810011281,0.642558692,235,2368.31,762.91,14,,,,,,,,,,,,,,,270.00,235.00,621.00,600.00,496.00,763.00,1564.51,2368.31,809.80,835.63,577.05,762.82,1002.47,1100.00
商品房销售额:住宅:黑龙江:大庆市,百万人民币,10015.99571,32891622.72,5735.121857,0.602479833,-0.685864586,0.572596277,1996,20724.59,9338.925,14,,,,,,,,,,,,,,,1996.00,4564.00,5401.00,6521.00,9649.00,10623.00,16656.86,18737.81,20724.59,14624.28,10750.68,9028.85,4896.87,6050.00
商品房销售额:住宅:黑龙江:伊春市,百万人民币,588.5135714,178159.7764,422.0897729,0.769261015,-0.968000408,0.717213321,114,1328.85,397.425,14,,,,,,,,,,,,,,,249.00,114.00,166.00,230.00,660.00,1225.00,1328.85,998.22,1190.61,563.10,408.61,385.55,386.24,334.01
商品房销售额:住宅:黑龙江:佳木斯市,百万人民币,2893.923846,3524481.869,1877.360346,0.54452111,-0.124451251,0.648724861,374,6709.47,2793.17,13,,,,,,,,,,,,,,,374.00,592.00,983.00,1312.00,2676.00,4912.00,6709.47,3736.01,5142.69,2852.00,2728.88,2809.79,2793.17,
商品房销售额:住宅:黑龙江:七台河市,百万人民币,713.3061538,118389.8156,344.0782114,0.063662532,-1.090301985,0.482371012,214.73,1295.34,785,13,,,,,,,,,,,,,,,459.00,870.00,785.00,680.00,829.00,938.00,1295.34,1154.34,989.76,435.45,276.27,214.73,346.09,
商品房销售额:住宅:黑龙江:牡丹江市,百万人民币,4100.463846,6087011.063,2467.186872,0.131801686,-0.405242557,0.601684825,652,8931.46,4490.54,13,,,,,,,,,,,,,,,652.00,743.00,1422.00,1592.00,3230.00,5590.00,5992.72,6285.93,8931.46,4957.47,4471.86,4490.54,4947.05,
商品房销售额:住宅:黑龙江:黑河市,百万人民币,1209.593077,966334.6288,983.0232087,0.54271889,-0.459431673,0.812689182,33,3128.67,1205.33,13,,,,,,,,,,,,,,,33.00,123.00,125.00,209.00,745.00,1387.00,2287.83,3128.67,2505.66,1199.20,1295.60,1205.33,1480.42,
商品房销售额:住宅:黑龙江:绥化市,百万人民币,5696.279231,31387342.65,5602.440776,1.60171839,2.372382059,0.98352636,586,19650.41,3919.29,13,,,,,,,,,,,,,,,586.00,669.00,960.00,1662.00,3534.00,6991.00,14072.68,19650.41,6195.17,8023.40,3927.65,3861.03,3919.29,
商品房销售额:住宅:上海,百万人民币,197427.8088,21534593389,146746.6981,0.437556454,-0.63705215,0.743292948,13283,523329,194398.065,24,,,,,13283.00,15690.00,17835.00,25105.00,38564.31,48096.54,61516.64,73989.46,110986.49,212288.30,190604.78,184104.45,270630.27,160847.00,362022.82,239535.00,198191.35,220896.00,326403.00,292344.00,431993.00,523329.00,333609.00,386403.00
商品房销售额:住宅:江苏:南京市,百万人民币,44573.01571,1281837265,35802.75499,0.875862025,0.434569628,0.803238336,4933.14,126640,37325.2,14,,,,,,,,,,4933.14,6390.74,9503.70,11558.08,16806.00,34466.58,40183.82,53342.27,31692.73,76789.90,69644.59,57294.67,84776.00,126640.00,,,,,
商品房销售额:住宅:江苏:无锡市,百万人民币,41749.33333,370441606.5,19246.85965,-0.072641266,-2.095298789,0.461009988,17634,65665,43061,9,,,,,,,,,,,,,,,17634.00,20407.00,29671.00,23288.00,57132.00,65665.00,43061.00,60736.00,58150.00,,,,,
商品房销售额:住宅:江苏:徐州市,百万人民币,28883.07692,554072970.9,23538.75466,0.941260119,0.203369653,0.814967004,4343,78895,24618,13,,,,,,,,,,,,,,,4343.00,5026.00,7046.00,6747.00,15316.00,19762.00,24618.00,29299.00,38830.00,,34257.00,46702.00,64639.00,78895.00
商品房销售额:住宅:江苏:常州市,百万人民币,30549.11111,212460094.6,14576.01093,-0.018824474,-1.935802077,0.477133717,12281,50590,35692,9,,,,,,,,,,,,,,,12281.00,14868.00,19369.00,17494.00,35692.00,44451.00,36866.00,43331.00,50590.00,,,,,
商品房销售额:住宅:江苏:苏州市,百万人民币,89407.11111,1490241194,38603.64224,0.302841963,-0.792118564,0.431773734,41654,154840,88794,9,,,,,,,,,,,,,,,41654.00,52695.00,82787.00,45938.00,127375.00,97153.00,88794.00,113428.00,154840.00,,,,,
商品房销售额:住宅:江苏:南通市,百万人民币,24110.77778,193163693.4,13898.3342,0.476312084,-0.463500914,0.576436576,6471,49330,24984,9,,,,,,,,,,,,,,,6471.00,11968.00,15599.00,11337.00,24984.00,31169.00,31660.00,34479.00,49330.00,,,,,
商品房销售额:住宅:江苏:连云港市,百万人民币,12563.8,89016731.96,9434.867882,1.397726361,2.659149311,0.750956548,2423,34497,12668,10,,,,,,,,,,,,,,,2423.00,3498.00,5771.00,6178.00,12338.00,12998.00,13776.00,15399.00,18760.00,,,,34497.00,
商品房销售额:住宅:江苏:淮安市,百万人民币,16673.4,156095930.3,12493.83569,0.583984697,-0.616738023,0.749327413,2501,39632,16350,10,,,,,,,,,,,,,,,2501.00,3479.00,6911.00,6021.00,13293.00,19407.00,20141.00,24429.00,30920.00,,,,39632.00,
商品房销售额:住宅:江苏:盐城市,百万人民币,21177.69231,247571590.7,15734.40786,0.674027614,-0.553300008,0.742970841,2682,49700,19409,13,,,,,,,,,,,,,,,2682.00,4589.00,5963.00,6259.00,12250.00,16969.00,19789.00,19409.00,26050.00,,28430.00,35600.00,47620.00,49700.00
商品房销售额:住宅:江苏:扬州市,百万人民币,20686.44444,142928467.3,11955.26944,0.317509571,-1.489220157,0.577927709,7479,39860,19858,9,,,,,,,,,,,,,,,7479.00,8741.00,12368.00,9017.00,19858.00,27250.00,29243.00,32362.00,39860.00,,,,,
商品房销售额:住宅:江苏:镇江市,百万人民币,24219.57143,320967327.2,17915.56103,0.815055897,-0.422528103,0.739714205,4288,58470,18517,14,,,,,,,,,,,,,,,4288.00,5504.00,8115.00,6419.00,16606.00,15494.00,16248.00,20428.00,32050.00,26920.00,28165.00,58470.00,54138.00,46229.00
商品房销售额:住宅:江苏:泰州市,百万人民币,17479.25,100687065.3,10034.29446,0.251804258,-0.846769763,0.574068937,3825,35933,18274,12,,,,,,,,,,,,,,,3825.00,5547.00,7653.00,8664.00,12965.00,20808.00,21842.00,15740.00,26414.00,22732.00,27628.00,35933.00,,
商品房销售额:住宅:江苏:宿迁市,百万人民币,10126.44444,54039674.28,7351.168225,1.100944205,1.290591228,0.725937743,2371,25504,9418,9,,,,,,,,,,,,,,,2371.00,2991.00,5052.00,5451.00,9418.00,12574.00,12798.00,14979.00,25504.00,,,,,
商品房销售额:住宅:浙江:杭州市,百万人民币,93965.815,9357277575,96733.02216,1.385009726,1.296821068,1.029449084,7926.08,322575.49,65879.085,18,,,,,,,,,,7926.08,8274.42,12116.86,17228.48,19788.00,33849.83,40576.09,77563.08,55590.79,139495.54,113729.40,76167.38,122317.37,14220.00,133491.30,190513.80,305960.76,322575.49,
商品房销售额:住宅:浙江:宁波市,百万人民币,49812.595,2223603460,47155.10005,1.584356893,2.632307002,0.94665014,4201.66,181578.35,39393.4,18,,,,,,,,,,4201.66,5583.08,7461.50,11772.46,12914.00,17574.31,26170.14,40116.41,24435.18,59118.42,58089.84,38670.39,52228.92,66370.00,64815.30,93346.46,132180.29,181578.35,
商品房销售额:住宅:浙江:温州市,百万人民币,41267.78615,986030077.7,31401.11587,1.23194937,0.935203972,0.760911083,10845,112249.35,31828.57,13,,,,,,,,,,,,,,,10845.00,13188.00,19845.00,12100.00,38384.16,26600.05,19087.74,31828.57,50600.00,53086.18,57715.93,90951.24,112249.35,
商品房销售额:住宅:浙江:嘉兴市,百万人民币,32509.48769,727165805.2,26966.01204,1.745537713,2.644341327,0.829481298,9485,99625.83,26985.14,13,,,,,,,,,,,,,,,9485.00,9563.00,13440.00,10936.00,26985.14,27358.37,19689.22,25481.00,34930.00,28418.05,39565.22,77146.51,99625.83,
商品房销售额:住宅:浙江:湖州市,百万人民币,22822.275,402711372.5,20067.66983,1.911446147,3.572310425,0.879301903,5436,76940,17287.325,14,,,,,,,,,,,,,,,5436.00,6073.00,9232.00,6459.00,18493.13,19473.79,17054.65,15456.88,17520.00,16399.40,23706.34,33208.20,54059.46,76940.00
商品房销售额:住宅:浙江:绍兴市,百万人民币,34506.92538,404432367,20110.5039,0.771116621,0.751787056,0.582796168,9216,80083.95,35112.73,13,,,,,,,,,,,,,,,10983.00,12376.00,19631.00,9216.00,25697.14,37279.92,31390.43,35112.73,48110.00,35789.62,48725.68,54194.56,80083.95,
商品房销售额:住宅:浙江:金华市,百万人民币,23960.18692,131665695,11474.56731,0.389940313,-0.286069598,0.478901411,8171,47263.09,24354.54,13,,,,,,,,,,,,,,,9613.00,8171.00,13365.00,12744.00,19766.74,24354.54,20162.78,26418.76,30260.00,30206.19,33756.39,35400.94,47263.09,
商品房销售额:住宅:浙江:衢州市,百万人民币,9408.026429,58180161.49,7627.592116,1.548070289,1.681621039,0.810753687,2593,27552,7130.99,14,,,,,,,,,,,,,,,2593.00,3526.00,4116.00,2976.00,6860.67,7401.31,4231.02,5661.16,10164.00,9237.56,8955.74,15215.90,23222.01,27552.00
商品房销售额:住宅:浙江:舟山市,百万人民币,9317.963077,34233779.29,5850.963962,1.561456483,3.63712811,0.627923068,2735,24944.59,8511.95,13,,,,,,,,,,,,,,,2735.00,3265.00,6002.00,4115.00,9623.86,10982.46,12262.57,5424.86,11430.00,8504.48,8511.95,13331.75,24944.59,
商品房销售额:住宅:浙江:台州市,百万人民币,27129.12846,275352401.9,16593.74587,0.984568421,0.930448098,0.611657905,6388,63936.26,26365.02,13,,,,,,,,,,,,,,,6388.00,10426.00,12013.00,10467.00,24610.15,28300.11,25427.27,27650.35,29950.00,26365.02,34246.99,52898.52,63936.26,
商品房销售额:住宅:浙江:丽水市,百万人民币,8488.44,31466136.11,5609.468434,1.126043271,0.371535424,0.6608362,2722,20495.2,6517.91,13,,,,,,,,,,,,,,,2722.00,3752.00,5386.00,3370.00,6517.91,4178.78,6092.42,6582.02,9830.00,10944.91,12882.34,17596.14,20495.20,
商品房销售额:住宅:安徽:合肥市,百万人民币,53560.14947,2432489998,49320.27978,0.777010503,-0.368563375,0.920839099,1054.04,158835.01,47516.67,19,,,,,,,,,,1331.98,1054.04,2841.58,4687.78,7009.00,15044.20,16761.44,30058.93,29710.59,48337.97,47516.67,59350.02,64294.46,88317.92,91739.14,96595.21,158835.01,109894.90,144262.00
商品房销售额:住宅:安徽:芜湖市,百万人民币,18550.49231,184533017.4,13584.29304,0.703075939,-0.195607208,0.732287468,2686,46880.43,17073.89,13,,,,,,,,,,,,,,,2686.00,3404.00,5454.00,6734.00,10307.00,13515.00,17073.89,18364.34,28411.19,28863.08,23798.13,35665.34,46880.43,
商品房销售额:住宅:安徽:蚌埠市,百万人民币,14361.75714,185348996,13614.29381,1.145020362,0.378257319,0.947954604,1987,44350.95,8494.615,14,,,,,,,,,,,,,,,1987.00,2152.00,2689.00,2965.00,5285.00,6290.00,7327.40,9661.83,16631.91,18730.57,18300.87,28100.38,36592.69,44350.95
商品房销售额:住宅:安徽:淮南市,百万人民币,7423.608571,36244171.53,6020.313242,1.628883392,3.346136128,0.810968572,571,23557.21,6922.62,14,,,,,,,,,,,,,,,571.00,1102.00,2396.00,3167.00,4671.00,7340.00,6772.68,7072.56,8845.81,6700.69,7154.95,8938.95,15640.67,23557.21
商品房销售额:住宅:安徽:马鞍山市,百万人民币,9101.796154,32820191.33,5728.890934,1.235466083,1.296208653,0.629424219,3309,22730.03,8165.43,13,,,,,,,,,,,,,,,4283.00,4851.00,5163.00,3309.00,4083.00,5051.00,8165.43,10292.32,12585.64,9590.47,11729.95,16489.51,22730.03,
商品房销售额:住宅:安徽:淮北市,百万人民币,3770.696154,4066160.229,2016.472224,0.032752328,-1.168161891,0.534774519,1003,7126.17,4470.74,13,,,,,,,,,,,,,,,1003.00,1167.00,1520.00,1719.00,3130.00,2900.00,4722.76,4470.74,6387.63,4615.40,5078.27,5179.08,7126.17,
商品房销售额:住宅:安徽:铜陵市,百万人民币,3736.413077,5621786.92,2371.030772,0.738796092,0.747443136,0.634574048,760,9138.76,4062.62,13,,,,,,,,,,,,,,,760.00,1386.00,1386.00,1075.00,2493.00,3234.00,4062.62,4593.01,4615.86,4573.25,5535.86,5720.01,9138.76,
商品房销售额:住宅:安徽:安庆市,百万人民币,9433.407692,41380271.61,6432.749926,0.278550371,-1.334824881,0.681911578,1455,20140.78,8671.72,13,,,,,,,,,,,,,,,1455.00,1772.00,2852.00,3291.00,5392.00,7030.00,8671.72,10413.27,16096.90,14000.12,13572.61,17946.90,20140.78,
商品房销售额:住宅:安徽:黄山市,百万人民币,4339.136429,8480160.159,2912.071455,1.198239682,1.587465887,0.671117745,763,11290,4170.48,14,,,,,,,,,,,,,,,763.00,1120.00,1791.00,1785.00,3327.00,4273.00,4375.01,4393.12,5526.52,3810.57,4067.96,5166.53,9059.20,11290.00
商品房销售额:住宅:安徽:滁州市,百万人民币,16515.94714,310780844.4,17628.97741,1.521627147,1.787594979,1.067391246,809,59104.46,10775.35,14,,,,,,,,,,,,,,,809.00,1672.00,2278.00,2468.00,5026.00,8027.00,9826.52,11724.18,17053.08,17945.73,21227.62,26513.94,47547.73,59104.46
商品房销售额:住宅:安徽:阜阳市,百万人民币,11474.74077,163892605.8,12802.05475,1.797741383,2.891018264,1.115672677,1198,44178.93,6082.83,13,,,,,,,,,,,,,,,1198.00,1707.00,2825.00,2566.00,3757.00,5642.00,6082.83,7853.88,12846.34,14203.55,15282.64,31028.46,44178.93,
商品房销售额:住宅:安徽:宿州市,百万人民币,8653.646923,62357390.08,7896.669556,0.838653907,-0.055957652,0.912525046,340,25508.22,7857.68,13,,,,,,,,,,,,,,,340.00,773.00,1451.00,1643.00,2743.00,4382.00,7857.68,8688.18,12497.30,15564.18,12270.09,18779.76,25508.22,
商品房销售额:住宅:安徽:巢湖市,百万人民币,3683,6108168.4,2471.470898,0.705594893,-0.631071324,0.671048302,1101,7524,3193,6,,,,,,,,,,,,,,,1101.00,1482.00,2967.00,3419.00,5605.00,7524.00,,,,,,,,
商品房销售额:住宅:安徽:六安市,百万人民币,10607.85,114466568.8,10698.90503,1.567966233,2.080391273,1.00858374,414,36383.68,9943.03,13,,,,,,,,,,,,,,,1004.00,414.00,2991.00,2637.00,3911.00,6084.00,9943.03,10229.52,11105.72,13464.63,11331.24,28403.23,36383.68,
商品房销售额:住宅:安徽:亳州市,百万人民币,6795.756923,60153574.99,7755.87358,1.647333068,3.039549767,1.141281783,248,27098.13,5480.37,13,,,,,,,,,,,,,,,248.00,763.00,554.00,772.00,1428.00,1634.00,6405.12,5480.37,8089.60,10184.52,10447.88,15240.22,27098.13,
商品房销售额:住宅:安徽:池州市,百万人民币,3951.795385,5160519.647,2271.677716,-0.269267155,-1.534028487,0.574846999,715,7206.74,4631,13,,,,,,,,,,,,,,,715.00,1347.00,1037.00,1226.00,2724.00,4009.00,5108.69,6177.89,5377.09,5589.98,4631.00,6223.95,7206.74,
商品房销售额:住宅:安徽:宣城市,百万人民币,9763.999286,69385040.62,8329.768342,1.376187293,1.840976422,0.853110298,904,30298.33,8613.955,14,,,,,,,,,,,,,,,904.00,1347.00,2382.00,2917.00,5747.00,6388.00,8754.11,8473.80,11815.68,9603.76,10408.45,14927.81,22729.05,30298.33
商品房销售额:住宅:福建:福州市,百万人民币,32477.165,972797183.1,31189.69675,1.540548883,2.279553915,0.960357739,3821.2,112270,24224.085,14,,,,,,,,,,3821.20,5450.99,6219.17,8941.86,9731.00,23739.01,24709.16,29031.89,17906.44,41754.60,41817.42,51161.57,78126.00,112270.00,,,,,
商品房销售额:住宅:福建:厦门市,百万人民币,36761.20278,917433548.3,30289.16553,0.600868427,-1.171256243,0.823943811,4842.07,90731.55,30289.52,18,,,,,,,,,,5336.94,5509.69,4842.07,7558.23,9611.00,12918.68,20949.78,32916.51,13429.10,35857.01,27662.53,34122.08,62211.00,84620.00,90731.55,65471.15,81392.52,66561.81,
商品房销售额:住宅:福建:莆田市,百万人民币,12442.28571,98798882.22,9939.762684,0.539135343,-1.022437665,0.798869509,1148,29706,10502,14,,,,,,,,,,,,,,,1148.00,1769.00,2798.00,2427.00,5239.00,6465.00,9752.00,11252.00,17620.00,15347.00,18516.00,23693.00,28460.00,29706.00
商品房销售额:住宅:福建:三明市,百万人民币,6219.777778,19542508.44,4420.690946,0.622340583,-0.375285824,0.71074741,1352,14400,6099,9,,,,,,,,,,,,,,,1352.00,1672.00,3486.00,2399.00,6099.00,8131.00,8410.00,10029.00,14400.00,,,,,
商品房销售额:住宅:福建:泉州市,百万人民币,29614.17538,536273004.7,23157.56906,0.629929228,-0.580909129,0.781975819,2215,75475.91,26658,13,,,,,,,,,,,,,,,2215.00,4487.00,8223.00,8442.00,15359.00,19465.00,26658.00,28431.00,51700.00,42197.69,42428.76,59901.92,75475.91,
商品房销售额:住宅:福建:漳州市,百万人民币,10342,52312946.5,7232.768937,1.116038229,1.127205233,0.699358822,2762,25340,8866,9,,,,,,,,,,,,,,,2762.00,3515.00,7094.00,4757.00,8866.00,10545.00,14732.00,15467.00,25340.00,,,,,
商品房销售额:住宅:福建:南平市,百万人民币,8385.340714,33675319.03,5803.043945,0.770540592,-0.189291681,0.692046292,1152,20363.93,6881.5,14,,,,,,,,,,,,,,,1152.00,2036.00,4201.00,2789.00,4822.00,5462.00,6305.00,7458.00,11921.00,9975.45,9721.56,13912.18,17275.65,20363.93
商品房销售额:住宅:福建:龙岩市,百万人民币,7319.36,28752070.65,5362.095733,1.040336704,0.693554509,0.732590791,1392,19595.17,6345,13,,,,,,,,,,,,,,,1392.00,2692.00,2900.00,2073.00,6345.00,4387.00,4289.00,7025.00,11590.00,8209.56,11159.25,13494.70,19595.17,
商品房销售额:住宅:福建:宁德市,百万人民币,7937.620769,29384022.59,5420.703146,0.773742336,0.587337639,0.68291284,1512,20154.88,7438,13,,,,,,,,,,,,,,,1512.00,1903.00,3184.00,2004.00,5566.00,6062.00,7438.00,9390.00,11600.00,10516.60,10445.35,13413.24,20154.88,
商品房销售额:住宅:江西:南昌市,百万人民币,27509.99111,895521838.6,29925.2709,1.412401364,1.435134336,1.087796458,784.24,104556.43,16507.88,18,,,,,,,,,,784.24,1347.75,1626.21,2274.65,4629.00,9064.41,10990.86,16151.85,10971.49,16863.91,21189.99,23207.49,35005.52,49919.16,46776.44,56755.29,83065.15,104556.43,
商品房销售额:住宅:江西:景德镇市,百万人民币,2844.842308,3142368.757,1772.672772,0.278483947,-1.170697354,0.623118114,679,5699.33,2640,13,,,,,,,,,,,,,,,679.00,780.00,1084.00,864.00,1738.00,2385.00,3539.48,4050.33,5611.20,3808.14,2640.00,4104.47,5699.33,
商品房销售额:住宅:江西:萍乡市,百万人民币,2644.127857,6090876.813,2467.970181,1.528066907,1.618685138,0.933377777,599,8738,1519.5,14,,,,,,,,,,,,,,,599.00,654.00,820.00,903.00,1364.00,1675.00,1236.23,1274.96,2494.50,2228.23,3370.85,5622.54,6037.48,8738.00
商品房销售额:住宅:江西:九江市,百万人民币,9767.681538,49687975.56,7048.969823,0.886546878,0.68528719,0.721662535,1029,25568.25,8032,13,,,,,,,,,,,,,,,1029.00,1633.00,4210.00,3432.00,7546.00,8032.00,10782.25,6931.64,13746.82,11935.79,13227.13,18905.98,25568.25,
商品房销售额:住宅:江西:新余市,百万人民币,3613.308571,5215846.733,2283.822833,1.22556087,1.450746094,0.632058621,780,9085,3439.155,14,,,,,,,,,,,,,,,780.00,1242.00,1819.00,1800.00,2927.00,3383.00,3794.84,2381.36,3595.89,3715.40,3495.31,5463.32,7104.20,9085.00
商品房销售额:住宅:江西:鹰潭市,百万人民币,2959.558571,7480758.429,2735.097517,0.828760093,-0.510615753,0.924157252,187,8595,2022.615,14,,,,,,,,,,,,,,,262.00,187.00,495.00,677.00,983.00,1037.00,2078.84,1966.39,3260.09,3763.70,5991.07,5513.90,6623.83,8595.00
商品房销售额:住宅:江西:赣州市,百万人民币,16954.90615,221536453.6,14884.1007,1.056014576,0.539165194,0.877863939,1900,50741.08,10632.65,13,,,,,,,,,,,,,,,1900.00,2910.00,5040.00,3912.00,7330.00,9203.00,10632.65,15589.60,24212.10,25083.15,28837.69,35022.51,50741.08,
商品房销售额:住宅:江西:吉安市,百万人民币,5319.394615,14374916.9,3791.426764,1.185018808,0.518740908,0.712755311,1170,13490.8,3588.2,13,,,,,,,,,,,,,,,1170.00,2200.00,2683.00,2525.00,3426.00,3714.00,3302.78,3588.20,6458.25,7241.23,7697.07,11655.80,13490.80,
商品房销售额:住宅:江西:宜春市,百万人民币,8331.683846,45850976.13,6771.334885,1.251200753,1.413884892,0.812721055,1316,24422.77,7227.75,13,,,,,,,,,,,,,,,1316.00,1639.00,3145.00,2279.00,4124.00,5980.00,8109.41,7227.75,10260.39,9538.90,12737.54,17532.13,24422.77,
商品房销售额:住宅:江西:抚州市,百万人民币,8981.003846,46630902.84,6828.682365,0.80985226,-0.147047237,0.760347338,1439,23214.77,8745.1,13,,,,,,,,,,,,,,,1439.00,2158.00,2965.00,2862.00,3917.00,5260.00,9362.63,8745.10,11431.48,12190.71,14642.52,18564.84,23214.77,
商品房销售额:住宅:江西:上饶市,百万人民币,7344.876923,35087287.11,5923.452297,1.01111337,0.420118349,0.806474003,1190,20506.69,6377.89,13,,,,,,,,,,,,,,,1190.00,1620.00,2308.00,2218.00,2837.00,5175.00,6377.89,6378.55,8666.10,11667.83,11272.15,15266.19,20506.69,
商品房销售额:住宅:山东:济南市,百万人民币,35589.83368,1355022344,36810.62814,1.096882875,0.077410543,1.034301775,2145.98,117280,19365.55,19,,,,,,,,,,2145.98,2178.93,3854.13,5566.10,6648.00,7230.83,8524.23,10816.17,13711.64,19365.55,29113.73,35837.10,45010.00,49380.00,51797.53,69547.38,103571.63,94627.91,117280.00
商品房销售额:住宅:山东:青岛市,百万人民币,57785.85389,2395621845,48945.0901,0.929845926,0.287895554,0.847008166,4196.76,164227.65,50629.395,18,,,,,,,,,,4196.76,6455.60,7568.55,9370.34,12267.00,29677.46,25806.79,39294.36,32856.66,61964.43,77680.91,65800.14,76607.00,83910.00,80301.89,104528.44,157631.39,164227.65,
商品房销售额:住宅:山东:淄博市,百万人民币,17618.47,64906866.76,8056.479799,-0.299322454,-1.287200793,0.457274655,4359,28179,20148.62,13,,,,,,,,,,,,,,,4359.00,7348.00,9581.00,9307.00,12761.00,22052.00,28179.00,20736.00,22090.00,18903.72,20148.62,25517.79,28056.98,
商品房销售额:住宅:山东:枣庄市,百万人民币,8017.807692,27846647.28,5276.992257,0.498106044,-0.589430255,0.658158995,1398,18145.36,7754,13,,,,,,,,,,,,,,,1398.00,2355.00,3061.00,2214.00,5138.00,6468.00,7754.00,9003.00,9970.00,11432.80,11790.97,15501.37,18145.36,
商品房销售额:住宅:山东:东营市,百万人民币,11288.53692,26495503.31,5147.378294,-0.578061001,-1.296035565,0.455982766,2608,17430,13278,13,,,,,,,,,,,,,,,2608.00,4167.00,5320.00,5929.00,9309.00,13278.00,15287.00,16878.00,17430.00,12996.76,13985.95,14540.81,15021.46,
商品房销售额:住宅:山东:烟台市,百万人民币,39063.48286,450064854.8,21214.73202,0.075283577,-0.899634601,0.543083475,8744,78385,40245.575,14,,,,,,,,,,,,,,,8744.00,11302.00,14678.00,18158.00,23560.00,41083.00,57178.00,57802.00,53120.00,39408.15,37761.71,46549.11,59159.79,78385.00
商品房销售额:住宅:山东:潍坊市,百万人民币,27810.16538,250378048.6,15823.33873,-0.045983825,-0.993584385,0.568976794,5636,55586.48,31286.5,13,,,,,,,,,,,,,,,5636.00,6030.00,9304.00,13124.00,19860.00,34170.00,36999.00,42722.00,41650.00,27624.08,31286.50,37540.09,55586.48,
商品房销售额:住宅:山东:济宁市,百万人民币,15839.51615,145532857.2,12063.69998,0.488592525,-1.214190896,0.761620485,2017,37610.43,11503,13,,,,,,,,,,,,,,,2017.00,3792.00,4127.00,4791.00,6949.00,9267.00,11503.00,17996.00,23800.00,26830.28,25402.13,31828.87,37610.43,
商品房销售额:住宅:山东:泰安市,百万人民币,8829.617692,26997992.61,5195.959258,-0.062654539,-1.346624889,0.588469336,1577,16754.92,9895.24,13,,,,,,,,,,,,,,,1577.00,1951.00,3073.00,3612.00,5723.00,8949.00,10969.00,13922.00,15400.00,9895.24,10392.17,12566.70,16754.92,
商品房销售额:住宅:山东:威海市,百万人民币,25205.62,187345713,13687.42901,-0.242410988,-1.119517018,0.54303084,4143,47151.03,28612,13,,,,,,,,,,,,,,,4143.00,5711.00,11127.00,11414.00,18802.00,26148.00,28612.00,32315.00,35450.00,33469.65,33969.74,39360.64,47151.03,
商品房销售额:住宅:山东:日照市,百万人民币,5513.986923,10569715.2,3251.109842,1.142358722,1.122881022,0.589611453,1857,13037.02,5074,13,,,,,,,,,,,,,,,1857.00,2472.00,4239.00,2240.00,3183.00,3692.00,5522.00,5074.00,7290.00,6399.26,6545.12,10131.43,13037.02,
商品房销售额:住宅:山东:莱芜市,百万人民币,1797.477692,1307164.244,1143.312838,1.370395038,1.583874866,0.636065105,693,4581.46,1408,13,,,,,,,,,,,,,,,867.00,693.00,1408.00,988.00,1139.00,897.00,977.00,3131.00,2790.00,1901.52,1628.84,2365.39,4581.46,
商品房销售额:住宅:山东:临沂市,百万人民币,20240.75846,230451772.9,15180.63809,0.418473755,-0.94157206,0.750003421,1971,49254.55,19037,13,,,,,,,,,,,,,,,1971.00,3077.00,5060.00,7135.00,8876.00,11790.00,19037.00,26401.00,30220.00,31640.86,30708.50,37958.95,49254.55,
商品房销售额:住宅:山东:德州市,百万人民币,12406.73077,71602503.84,8461.826271,0.376860691,-0.827338612,0.682035133,2512,28440.71,13370,13,,,,,,,,,,,,,,,2512.00,2917.00,3059.00,3605.00,6080.00,11135.00,13370.00,15286.00,21370.00,15794.80,15439.58,22278.41,28440.71,
商品房销售额:住宅:山东:聊城市,百万人民币,9052.398462,45713915.9,6761.206689,0.809655371,0.101431026,0.746896717,1709,23605.07,8693,13,,,,,,,,,,,,,,,1709.00,2026.00,2607.00,2619.00,4194.00,6689.00,8693.00,9366.00,13070.00,11750.22,13444.11,17908.78,23605.07,
商品房销售额:住宅:山东:滨州市,百万人民币,7960.520714,28968471.52,5382.236665,0.082871857,-1.252125625,0.676116156,596,16419.13,8974.785,14,,,,,,,,,,,,,,,596.00,762.00,1629.00,3855.00,4119.00,4901.00,8587.00,10629.00,9500.00,9362.57,11806.01,16419.13,13631.58,15650.00
商品房销售额:住宅:山东:菏泽市,百万人民币,10691.30385,38546529.68,6208.585159,0.254475709,-0.553125468,0.580713564,1523,21459,9670,13,,,,,,,,,,,,,,,1523.00,2788.00,3460.00,8135.00,9377.00,14487.00,21459.00,8302.00,9670.00,11438.99,12690.09,15383.99,20272.88,
商品房销售额:住宅:河南:郑州市,百万人民币,59966.47889,4543348221,67404.36352,1.539710417,1.862419032,1.12403404,2469.44,227669,38705.22,18,,,,,,,,,,2554.03,2469.44,2985.26,5022.82,6011.00,13279.19,20285.94,33454.69,23690.76,43955.75,65654.71,61016.46,69194.32,86516.63,85086.60,122437.43,208112.59,227669.00,
商品房销售额:住宅:河南:开封市,百万人民币,6659.298462,38426262.09,6198.892005,1.236836423,1.379834393,0.930862619,457,21497.65,5439,13,,,,,,,,,,,,,,,457.00,697.00,1338.00,1619.00,2530.00,3864.00,5439.00,6155.64,8632.50,9121.00,10904.72,14315.37,21497.65,
商品房销售额:住宅:河南:洛阳市,百万人民币,18378.90929,142895715.4,11953.89959,0.490799148,-0.72218734,0.650413983,2772,41145.27,16988.045,14,,,,,,,,,,,,,,,2772.00,4928.00,8685.00,6082.00,9089.00,12263.00,17558.00,16418.09,24541.11,24156.39,24251.32,29175.55,41145.27,36240.00
商品房销售额:住宅:河南:平顶山市,百万人民币,5126.753846,21509171.05,4637.798082,1.328920835,1.264587457,0.904626635,722,15999.8,3589,13,,,,,,,,,,,,,,,722.00,1051.00,1207.00,1611.00,2363.00,2809.00,3589.00,4175.35,6372.36,6659.75,8094.58,11993.96,15999.80,
商品房销售额:住宅:河南:安阳市,百万人民币,9781.084615,59489213.64,7712.925103,0.872126078,0.029134281,0.788555197,1244,26086.82,8383.6,13,,,,,,,,,,,,,,,1244.00,1620.00,3370.00,2974.00,4359.00,6814.00,10673.00,8383.60,10942.61,13273.06,16805.45,20608.56,26086.82,
商品房销售额:住宅:河南:鹤壁市,百万人民币,3013.589231,6920159.448,2630.619594,0.662206309,-0.748757177,0.872919098,81,8159.98,2697,13,,,,,,,,,,,,,,,81.00,256.00,694.00,618.00,1117.00,1754.00,2697.00,2812.95,3580.38,5412.03,5871.47,6122.85,8159.98,
商品房销售额:住宅:河南:新乡市,百万人民币,12477.72769,120227756.9,10964.84185,1.092818687,0.844694699,0.878753097,1229,37750.95,10879,13,,,,,,,,,,,,,,,1229.00,1675.00,2830.00,3288.00,5113.00,7121.00,10879.00,11631.91,16398.90,19943.68,17825.35,26524.67,37750.95,
商品房销售额:住宅:河南:焦作市,百万人民币,4897.134615,11122868.19,3335.09643,0.989140592,0.858780729,0.681030172,616,12316.22,4581,13,,,,,,,,,,,,,,,616.00,1126.00,2338.00,2430.00,3184.00,4581.00,4649.00,4464.02,5340.03,5850.23,6877.57,9890.68,12316.22,
商品房销售额:住宅:河南:濮阳市,百万人民币,7279.072857,45779322.9,6766.041893,0.977892458,-0.234235473,0.929519738,586,20330,5577.845,14,,,,,,,,,,,,,,,586.00,938.00,1355.00,1498.00,2199.00,3171.00,4977.00,6178.69,9321.11,6826.82,9833.72,15286.19,19406.49,20330.00
商品房销售额:住宅:河南:许昌市,百万人民币,7919.54,53375751.03,7305.870997,1.166435772,0.398027519,0.922512039,767,23655.37,5396,13,,,,,,,,,,,,,,,767.00,1132.00,3509.00,1821.00,3097.00,3923.00,5396.00,5948.10,8702.86,10899.24,14477.99,19625.46,23655.37,
商品房销售额:住宅:河南:漯河市,百万人民币,2879.917692,3673446.08,1916.623615,1.395195253,2.638969792,0.66551333,735,7780.5,2787.96,13,,,,,,,,,,,,,,,735.00,869.00,1770.00,1341.00,1382.00,2279.00,3415.00,3110.03,3440.17,2787.96,3664.78,4864.49,7780.50,
商品房销售额:住宅:河南:三门峡市,百万人民币,2715.1,6038535.347,2457.343148,1.150639679,1.159713754,0.90506543,155,8472.2,2111,13,,,,,,,,,,,,,,,155.00,164.00,419.00,870.00,1293.00,1698.00,2111.00,2760.65,3588.46,3914.41,3880.14,5970.44,8472.20,
商品房销售额:住宅:河南:南阳市,百万人民币,9111.135385,53286344.3,7299.749606,0.759174077,-0.422598158,0.801189895,973,23149,8823,13,,,,,,,,,,,,,,,973.00,1431.00,2664.00,3259.00,3517.00,5163.00,8823.00,8850.12,12351.50,12960.26,14252.82,21051.06,23149.00,
商品房销售额:住宅:河南:商丘市,百万人民币,10778.90231,119261293.4,10920.68191,1.144028594,0.624099325,1.013153436,169,35288.79,7551,13,,,,,,,,,,,,,,,169.00,652.00,1485.00,2228.00,3275.00,5168.00,7551.00,9189.28,12889.09,17294.53,18292.62,26643.42,35288.79,
商品房销售额:住宅:河南:信阳市,百万人民币,13172.18571,116450364.9,10791.21702,0.874886141,-0.098080133,0.819242703,1020,35899,11296.06,14,,,,,,,,,,,,,,,1020.00,2093.00,3907.00,3401.00,5496.00,7243.00,11075.00,11517.12,12546.08,17083.02,19549.40,23865.21,29715.77,35899.00
商品房销售额:住宅:河南:周口市,百万人民币,6901.314615,26981593.74,5194.380978,0.454469683,-0.961139166,0.752665437,395,16664.84,6193,13,,,,,,,,,,,,,,,395.00,751.00,2293.00,2987.00,3093.00,4193.00,6193.00,7373.85,9282.02,12468.43,11634.29,12388.66,16664.84,
商品房销售额:住宅:河南:驻马店市,百万人民币,11551.15615,105573953.9,10274.91868,0.827261981,-0.062383784,0.889514309,217,33228.99,10628,13,,,,,,,,,,,,,,,217.00,502.00,2384.00,2715.00,4889.00,6746.00,10628.00,10931.83,14311.47,18453.00,19656.17,25502.57,33228.99,
商品房销售额:住宅:湖北:武汉市,百万人民币,88316.11222,10210402914,101046.5384,1.609150295,1.975628623,1.144146134,5551.3,353429,51225.38,18,,,,,,,,,,5551.30,6633.57,7531.84,10361.42,15119.00,24910.16,32132.81,48313.81,31979.33,54136.95,60601.09,79138.03,95878.00,126900.00,146416.08,202842.63,287815.00,353429.00,
商品房销售额:住宅:湖北:黄石市,百万人民币,5055.953077,12300359.27,3507.186802,0.768563066,-0.200311977,0.693674714,1007,12455.25,4286,13,,,,,,,,,,,,,,,1007.00,1435.00,2204.00,1796.00,2489.00,3778.00,4286.00,5164.00,5670.00,8678.43,8125.20,8639.51,12455.25,
商品房销售额:住宅:湖北:十堰市,百万人民币,3718.111111,3361127.361,1833.337765,0.468392175,-0.868075774,0.493083103,1428,6930,3423,9,,,,,,,,,,,,,,,1428.00,2160.00,2320.00,2289.00,3423.00,4719.00,5020.00,5174.00,6930.00,,,,,
商品房销售额:住宅:湖北:宜昌市,百万人民币,13374.07143,90733741.92,9525.426075,0.571484069,-0.754362632,0.712230836,1850,31719,11872,14,,,,,,,,,,,,,,,1850.00,3434.00,5010.00,3916.00,5762.00,7335.00,12358.00,11386.00,17063.00,18327.00,21712.00,27707.00,19658.00,31719.00
商品房销售额:住宅:湖北:襄阳市,百万人民币,8157.111111,58293455.61,7635.015102,0.708753612,-1.254678619,0.935994986,951,21010,4636,9,,,,,,,,,,,,,,,951.00,1453.00,2242.00,2343.00,4636.00,8809.00,16220.00,15750.00,21010.00,,,,,
商品房销售额:住宅:湖北:鄂州市,百万人民币,2179.2,9423210.178,3069.724772,2.986468199,9.199276755,1.408647564,447,10785,1423.5,10,,,,,,,,,,,,,,,447.00,527.00,1000.00,764.00,1248.00,1777.00,1875.00,1599.00,1770.00,,,,,10785.00
商品房销售额:住宅:湖北:荆门市,百万人民币,5262.769231,23542198.36,4852.030334,1.091985094,0.458975856,0.921953846,394,15913,3719,13,,,,,,,,,,,,,,,394.00,633.00,1236.00,919.00,2147.00,3719.00,4808.00,3657.00,6090.00,,6763.00,9721.00,12416.00,15913.00
商品房销售额:住宅:湖北:孝感市,百万人民币,3733.111111,7032877.361,2651.95727,0.365762006,-1.529669478,0.710387982,673,7708,3448,9,,,,,,,,,,,,,,,673.00,1187.00,1400.00,1820.00,3448.00,4854.00,7708.00,5398.00,7110.00,,,,,
商品房销售额:住宅:湖北:荆州市,百万人民币,3154.666667,3990928.5,1997.730838,0.345090525,-1.154579404,0.6332621,557,6190,2784,9,,,,,,,,,,,,,,,557.00,985.00,2012.00,2075.00,2784.00,3536.00,5730.00,4523.00,6190.00,,,,,
商品房销售额:住宅:湖北:黄冈市,百万人民币,3612.888889,12974879.86,3602.066055,1.45705584,1.652802949,0.997004382,453,11350,1863,9,,,,,,,,,,,,,,,453.00,759.00,1511.00,1597.00,1863.00,2752.00,5410.00,6821.00,11350.00,,,,,
商品房销售额:住宅:湖北:咸宁市,百万人民币,5544.714286,23022213.14,4798.146845,0.90350018,0.778422351,0.865355111,150,16816,5233,14,,,,,,,,,,,,,,,150.00,392.00,802.00,1035.00,1720.00,3503.00,4964.00,5502.00,7860.00,7925.00,7261.00,8503.00,11193.00,16816.00
商品房销售额:住宅:湖北:随州市,百万人民币,2454.923077,3411466.744,1847.015632,1.087764772,1.917201015,0.7523721,283,6999,2700,13,,,,,,,,,,,,,,,283.00,562.00,535.00,714.00,1565.00,2744.00,2825.00,2700.00,3063.00,3541.00,2307.00,4076.00,6999.00,
商品房销售额:住宅:湖南:长沙市,百万人民币,50602.49222,2086517551,45678.4145,0.61577081,-0.746479187,0.902691004,1592.49,141104.31,38805.385,18,,,,,,,,,,1592.49,2574.18,3425.70,5200.48,7245.00,12757.59,16866.83,29629.06,25393.20,47981.71,70191.47,75986.77,77613.20,94652.96,72647.66,93201.25,141104.31,132781.00,
商品房销售额:住宅:湖南:株洲市,百万人民币,14590.61692,82944258.67,9107.373862,0.101464217,-1.065235688,0.624193885,1904,30751.78,17433.26,13,,,,,,,,,,,,,,,1904.00,2995.00,5399.00,5808.00,8484.00,12393.00,18675.17,17433.26,20589.68,18580.75,21674.70,24989.68,30751.78,
商品房销售额:住宅:湖南:湘潭市,百万人民币,6720.655,28511359.72,5339.602955,1.505311098,2.245009613,0.794506332,941,20120,5957,14,,,,,,,,,,,,,,,941.00,2045.00,2596.00,1891.00,3535.00,5193.00,5945.97,5968.03,7984.16,6385.13,7160.94,8942.24,15381.70,20120.00
商品房销售额:住宅:湖南:衡阳市,百万人民币,8034.404615,43673945.47,6608.626595,0.847823635,0.211758907,0.822540924,789,22379.12,7180.67,13,,,,,,,,,,,,,,,789.00,1053.00,1659.00,1888.00,4006.00,5806.00,8022.50,7180.67,10660.32,12557.48,11695.19,16750.98,22379.12,
商品房销售额:住宅:湖南:邵阳市,百万人民币,4594.15,19549009.96,4421.426236,0.800511185,-0.702007311,0.962403543,344,13097.48,2882.03,13,,,,,,,,,,,,,,,344.00,427.00,565.00,856.00,1332.00,1888.00,2882.03,4239.60,6220.74,7625.02,8974.07,11273.01,13097.48,
商品房销售额:住宅:湖南:岳阳市,百万人民币,9571.391429,75534672.98,8691.068575,0.971002699,0.250742204,0.908025614,727,28917.15,8319.74,14,,,,,,,,,,,,,,,848.00,727.00,1707.00,1849.00,2622.00,4657.00,7811.24,11217.89,8828.24,9884.83,14754.87,18517.33,21657.93,28917.15
商品房销售额:住宅:湖南:常德市,百万人民币,7655.756154,36423904.21,6035.221969,1.478710239,2.665182631,0.788324739,1391,23120.42,7678.01,13,,,,,,,,,,,,,,,1391.00,1794.00,3056.00,2439.00,3919.00,5968.00,8113.67,7678.01,8281.22,8006.16,11492.25,14266.10,23120.42,
商品房销售额:住宅:湖南:张家界市,百万人民币,1443.096154,768548.3604,876.6689001,0.011624033,-1.262339847,0.607491675,291,2848.23,1575.23,13,,,,,,,,,,,,,,,353.00,330.00,291.00,573.00,997.00,1379.00,2576.82,1656.29,2228.30,1965.71,1575.23,1986.67,2848.23,
商品房销售额:住宅:湖南:益阳市,百万人民币,5806.42,21009489.25,4583.61094,0.755608918,0.13332141,0.78940396,257,15858,5606.34,14,,,,,,,,,,,,,,,257.00,602.00,1616.00,1819.00,2187.00,3497.00,5002.41,6210.27,8189.80,7479.68,7209.40,9352.64,12009.68,15858.00
商品房销售额:住宅:湖南:郴州市,百万人民币,8881.857692,68181380.67,8257.201746,0.904390751,-0.104251033,0.929670575,1127,26009.03,7369.57,13,,,,,,,,,,,,,,,1127.00,1575.00,1264.00,1198.00,1841.00,4543.00,7369.57,9306.66,11323.55,12995.45,15526.91,21384.98,26009.03,
商品房销售额:住宅:湖南:永州市,百万人民币,8526.041429,65273478.39,8079.200356,0.890626838,0.070813999,0.947591027,431,26397,6881.11,14,,,,,,,,,,,,,,,642.00,431.00,1015.00,1084.00,1877.00,3430.00,5681.73,8080.49,9851.54,12222.40,13037.93,16548.30,19066.19,26397.00
商品房销售额:住宅:湖南:怀化市,百万人民币,6785.21,52983724.31,7278.991984,1.329291911,1.445896767,1.07277328,426,24314.76,3552.27,13,,,,,,,,,,,,,,,735.00,426.00,985.00,960.00,1469.00,2211.00,3552.27,7187.54,11384.35,8693.61,10109.60,16179.60,24314.76,
商品房销售额:住宅:湖南:娄底市,百万人民币,3935.31,9558052.969,3091.610093,0.598900965,-0.705916741,0.785607765,304,9627.84,3841.67,13,,,,,,,,,,,,,,,304.00,531.00,1046.00,1124.00,1741.00,2827.00,3940.94,5832.24,8794.77,3841.67,4988.18,6560.39,9627.84,
商品房销售额:住宅:广东:广州市,百万人民币,109914.7528,5926381261,76982.99333,0.625053151,-0.604811891,0.700388177,20193.27,265456.45,103062.905,18,,,,,,,,,,20193.27,20750.20,26471.63,30198.84,35074.00,57028.16,71139.14,97777.43,77224.92,112679.70,118003.32,108348.38,135431.32,195145.42,176306.85,189400.50,265456.45,241836.02,
商品房销售额:住宅:广东:韶关市,百万人民币,9544.5,50155549.43,7082.058277,0.695956523,-0.26243837,0.742004115,1070,23500,8041.355,14,,,,,,,,,,,,,,,1070.00,1323.00,2808.00,2764.00,5399.00,6856.00,7247.48,8835.23,13678.28,13427.86,11557.37,13641.34,21515.44,23500.00
商品房销售额:住宅:广东:深圳市,百万人民币,98091.84722,7409158785,86076.47056,1.351559764,0.983052854,0.877508916,17586.62,300322.46,74889.24,18,,,,,,,,,,17586.62,18924.99,18296.62,20746.21,21902.00,71348.61,60713.62,66894.74,53041.25,103228.49,78429.87,98754.57,92784.24,123499.64,114145.41,251729.68,300322.46,253304.23,
商品房销售额:住宅:广东:珠海市,百万人民币,36716.87857,909264991.4,30154.02115,1.473133547,1.729739135,0.821257752,6482,109696.04,25501.7,14,,,,,,,,,,,,,,,6482.00,8032.00,20415.00,11072.00,20473.00,26396.00,22995.42,24607.40,34360.32,37274.63,54131.45,109696.04,88139.04,49962.00
商品房销售额:住宅:广东:汕头市,百万人民币,13984.39214,240942465.9,15522.32154,1.962069012,3.38049484,1.109974705,3043,55465.06,8065.32,14,,,,,,,,,,,,,,,3043.00,3644.00,4617.00,3630.00,3853.00,6547.00,6647.68,9979.87,11128.59,9482.96,14364.49,24385.84,55465.06,38993.00
商品房销售额:住宅:广东:佛山市,百万人民币,76085.41615,4141265322,64352.66368,1.70812327,2.534307251,0.845794988,15511,236209.87,59372,13,,,,,,,,,,,,,,,15511.00,22926.00,36366.00,25861.00,44127.00,59372.00,61436.98,56130.81,69726.35,77175.52,104850.21,179417.67,236209.87,
商品房销售额:住宅:广东:江门市,百万人民币,18492.25462,189210450.1,13755.37895,1.252333824,1.619640065,0.743845423,3474,51439.04,16720,13,,,,,,,,,,,,,,,3474.00,3946.00,7251.00,6670.00,11957.00,16720.00,15988.55,17963.40,22747.56,18890.94,26042.13,37309.69,51439.04,
商品房销售额:住宅:广东:湛江市,百万人民币,13090.57,171685384.5,13102.87695,1.300060855,0.809609916,1.000940139,1711,40492,8703.635,14,,,,,,,,,,,,,,,1711.00,1974.00,2209.00,1767.00,3895.00,5456.00,8273.76,9133.51,14754.02,14677.31,16978.78,22616.42,39330.18,40492.00
商品房销售额:住宅:广东:茂名市,百万人民币,8971.063077,64880026.2,8054.813853,1.585958563,3.306760878,0.897866148,1162,30296.66,8302.59,13,,,,,,,,,,,,,,,1399.00,1162.00,2192.00,2770.00,3494.00,5129.00,8302.59,11332.14,13087.96,9990.23,11875.28,15592.96,30296.66,
商品房销售额:住宅:广东:肇庆市,百万人民币,15280.48929,131781728.9,11479.62233,0.949539808,0.870929555,0.751260128,1750,41733,14435.14,14,,,,,,,,,,,,,,,1750.00,2342.00,4313.00,4007.00,8618.00,12292.00,13661.47,15208.81,19300.59,18604.10,19306.00,20516.31,32274.57,41733.00
商品房销售额:住宅:广东:惠州市,百万人民币,58363.82786,3080919017,55506.02685,1.080962407,-0.069641347,0.951034723,2942,168866,43022.94,14,,,,,,,,,,,,,,,2942.00,6882.00,13707.00,10643.00,21228.00,28597.00,41466.18,44579.70,61389.71,53529.85,75834.22,133717.39,153711.54,168866.00
商品房销售额:住宅:广东:梅州市,百万人民币,6739.195385,56062192.38,7487.469023,1.596166582,2.479828094,1.111033083,630,25836.06,3972.85,13,,,,,,,,,,,,,,,630.00,670.00,891.00,1112.00,1675.00,2947.00,3972.85,4832.72,7645.90,9877.52,11827.08,15692.41,25836.06,
商品房销售额:住宅:广东:汕尾市,百万人民币,3751.181429,25423231.54,5042.14553,2.029613269,4.018427755,1.34414867,157,17794,1769.66,14,,,,,,,,,,,,,,,157.00,183.00,668.00,661.00,1280.00,1633.00,2486.27,1918.15,877.22,1906.32,4505.93,8544.72,9901.93,17794.00
商品房销售额:住宅:广东:河源市,百万人民币,6307.354615,48324333.36,6951.570568,1.894196829,3.958812375,1.102137265,571,25151.52,4274.07,13,,,,,,,,,,,,,,,571.00,913.00,2140.00,904.00,1934.00,2291.00,4274.07,4791.99,8017.00,7458.93,9482.81,14066.29,25151.52,
商品房销售额:住宅:广东:阳江市,百万人民币,7329.49,41072371.47,6408.773008,1.05626213,0.920758545,0.874381848,875,22366.81,5680.39,13,,,,,,,,,,,,,,,875.00,1063.00,1696.00,1748.00,2619.00,3999.00,5680.39,7749.26,11092.35,11041.29,11773.37,13579.90,22366.81,
商品房销售额:住宅:广东:清远市,百万人民币,19126.30643,256696558.8,16021.75268,0.969567502,0.079184389,0.83768148,1839,51747.48,15516.055,14,,,,,,,,,,,,,,,1839.00,2778.00,6122.00,3080.00,8987.00,12456.00,14771.54,16260.57,24004.93,19074.03,24106.11,35091.63,51747.48,47450.00
商品房销售额:住宅:广东:东莞市,百万人民币,51122.19692,1186260770,34442.13655,0.970330223,-0.003399063,0.673721761,10911,122231.19,41333.22,13,,,,,,,,,,,,,,,10911.00,14604.00,27363.00,26731.00,33425.00,33415.00,41333.22,47251.86,63250.59,50926.91,91450.19,122231.19,101695.60,
商品房销售额:住宅:广东:中山市,百万人民币,34188.33231,459150037.8,21427.78658,0.667614047,-0.305002236,0.626757292,6886,73746.57,31481.99,13,,,,,,,,,,,,,,,6886.00,9950.00,18335.00,12191.00,23556.00,31220.00,33593.28,31481.99,40496.56,39295.09,53152.08,73746.57,70544.75,
商品房销售额:住宅:广东:潮州市,百万人民币,2669.786154,4530538.142,2128.506082,1.247731095,1.503397992,0.797257143,375,7790.76,1862,13,,,,,,,,,,,,,,,413.00,375.00,778.00,1610.00,1862.00,1928.00,1789.12,1759.34,3652.33,3377.85,4103.91,5267.91,7790.76,
商品房销售额:住宅:广东:揭阳市,百万人民币,4325.325714,18681709.45,4322.234312,1.882422603,3.501888629,0.999285279,320,15885,3552.595,14,,,,,,,,,,,,,,,320.00,336.00,1120.00,1511.00,2170.00,3327.00,3578.00,3527.19,3732.40,3612.46,4182.20,5946.77,11306.54,15885.00
商品房销售额:住宅:广东:云浮市,百万人民币,4805.952143,26557833.22,5153.429268,1.452013365,1.550654369,1.072301412,277,17053,2876.765,14,,,,,,,,,,,,,,,277.00,407.00,615.00,836.00,1204.00,1968.00,2473.78,3279.75,6022.66,5949.84,6078.69,7192.73,13925.88,17053.00
商品房销售额:住宅:广西:南宁市,百万人民币,32842.85316,1065381461,32640.18169,1.299110494,0.996971223,0.993829054,861.17,110706,29801.26,19,,,,,,,,,,861.17,2067.65,2209.88,3671.10,7668.00,10027.92,11150.07,19164.75,16938.95,30574.81,29801.26,30587.00,32336.50,38967.00,44002.54,54748.61,77835.00,100696.00,110706.00
商品房销售额:住宅:广西:柳州市,百万人民币,15055.1,140574511.4,11856.41225,1.477882104,1.683407776,0.787534606,3884,43941,12078.005,14,,,,,,,,,,,,,,,4480.00,3884.00,6401.00,5072.00,7615.00,9728.00,11486.00,13833.13,12670.01,14829.00,17376.14,25134.14,34321.98,43941.00
商品房销售额:住宅:广西:桂林市,百万人民币,13427.455,68002219.43,8246.345823,1.061899311,0.64329943,0.614140641,4265,31908,11531.08,14,,,,,,,,,,,,,,,4265.00,4590.00,6350.00,6640.00,7545.00,10627.00,10918.00,12144.16,15724.00,15143.00,15289.21,20067.00,26774.00,31908.00
商品房销售额:住宅:广西:梧州市,百万人民币,3458.16,4730496.985,2174.970571,-0.041848899,-1.472270148,0.628938676,464,6741,4136.6,13,,,,,,,,,,,,,,,464.00,736.00,1190.00,1062.00,2032.00,3085.00,4227.00,4136.60,5310.00,6209.48,5357.00,4406.00,6741.00,
商品房销售额:住宅:广西:北海市,百万人民币,6656.608462,26047000.66,5103.626227,1.304010196,3.049609164,0.766700679,331,19889.74,7028,13,,,,,,,,,,,,,,,331.00,950.00,1767.00,2719.00,5445.00,7323.00,7028.00,5605.05,7847.00,8870.00,8624.00,10137.12,19889.74,
商品房销售额:住宅:广西:防城港市,百万人民币,3948.000769,8678457.961,2945.92226,0.015982342,-1.329203938,0.746180771,125,8813.11,4521.19,13,,,,,,,,,,,,,,,125.00,212.00,436.00,1106.00,1812.00,3863.00,6521.00,4521.19,4889.73,5412.53,6259.02,7353.43,8813.11,
商品房销售额:住宅:广西:钦州市,百万人民币,3534.538462,4244691.436,2060.264895,-0.226185676,-1.737749556,0.582895028,724,6288,3978,13,,,,,,,,,,,,,,,724.00,837.00,1228.00,1656.00,3709.00,5601.00,3978.00,1495.00,4740.00,4667.00,5280.00,5746.00,6288.00,
商品房销售额:住宅:广西:贵港市,百万人民币,5056.063077,18428512.59,4292.844348,1.567737513,2.673743681,0.849048812,773,16062,4142,13,,,,,,,,,,,,,,,773.00,1112.00,1771.00,1816.00,2557.00,3714.00,4154.00,4142.00,5343.12,6393.70,7721.00,10170.00,16062.00,
商品房销售额:住宅:广西:玉林市,百万人民币,6403.489231,29711768.21,5450.850228,0.892495163,0.291967491,0.851231263,637,18244,6607,13,,,,,,,,,,,,,,,637.00,1118.00,2045.00,2265.00,3576.00,704.00,7938.00,6607.00,8240.00,8223.18,9510.40,14137.78,18244.00,
商品房销售额:住宅:广西:百色市,百万人民币,3307.704615,4923895.668,2218.985279,0.958133577,0.619395493,0.670853518,643,8203,3095,13,,,,,,,,,,,,,,,643.00,1140.00,1441.00,1218.00,1801.00,2948.00,3095.00,3728.00,4159.00,3563.00,4487.00,6574.16,8203.00,
商品房销售额:住宅:广西:贺州市,百万人民币,1149.153846,1462373.641,1209.286418,1.671372201,2.777362798,1.052327695,99,4281,606,13,,,,,,,,,,,,,,,99.00,265.00,341.00,331.00,318.00,401.00,606.00,862.00,1285.00,1559.00,2083.00,2508.00,4281.00,
商品房销售额:住宅:广西:河池市,百万人民币,1676.191538,1446013.833,1202.503153,0.651489978,-0.301986855,0.717401995,256,4121.81,1534,13,,,,,,,,,,,,,,,405.00,256.00,500.00,430.00,1007.00,1822.00,1534.00,1461.00,1792.67,2491.43,2699.15,3270.43,4121.81,
商品房销售额:住宅:广西:来宾市,百万人民币,2123.013846,1705494.329,1305.94576,-0.070950561,-1.806550197,0.615137656,446,3995.18,2418,13,,,,,,,,,,,,,,,446.00,471.00,692.00,840.00,1095.00,1541.00,2418.00,3007.00,3051.00,3090.00,3450.00,3503.00,3995.18,
商品房销售额:住宅:广西:崇左市,百万人民币,2220.330769,2162350.721,1470.49336,0.323483834,-0.318055266,0.662285719,140,5144.09,2657,13,,,,,,,,,,,,,,,140.00,351.00,904.00,789.00,1364.00,2098.00,2707.00,2664.00,2657.00,3003.90,3060.00,3982.31,5144.09,
商品房销售额:住宅:海南:海口市,百万人民币,15156.94421,247724751.3,15739.27417,1.348608857,1.448049781,1.03842001,755.84,56989.84,9707.35,19,,,,,,,,,,755.84,1038.35,1135.74,1832.33,2231.00,4528.80,3568.19,5525.69,7469.92,9707.35,16113.80,13116.86,16332.31,23336.36,22214.57,25210.23,34965.76,56989.84,41909.00
商品房销售额:住宅:海南:三亚市,百万人民币,17898.89769,141526069.9,11896.473,0.706301742,1.233629222,0.66464836,1176,45587.12,19404.95,13,,,,,,,,,,,,,,,1176.00,3468.00,5473.00,9008.00,12693.00,24382.00,20662.95,20348.81,25906.21,19404.95,18923.77,25651.86,45587.12,
商品房销售额:住宅:重庆,百万人民币,112979.8196,16211998819,127326.3477,1.086649923,0.479113492,1.126983103,708.67,444286.92,56175.89,24,,,,,708.67,1455.07,2223.76,4176.09,3935.69,5286.98,7191.96,11119.29,14999.15,18172.80,34067.68,41869.80,85673.27,70481.98,123170.53,161064.44,182541.19,197242.06,228356.58,225328.16,224443.11,263564.15,360156.34,444286.92
商品房销售额:住宅:四川:成都市,百万人民币,111416.6305,7486407266,86524.0271,0.33445607,-1.094740031,0.776580899,6432.01,260210,123925.3,19,,,,,,,,,,6432.01,10475.63,13083.24,17122.55,15216.00,31857.84,51860.62,87525.68,64860.65,123925.30,133438.41,145863.00,161889.00,171493.00,161825.37,162081.72,242132.05,255623.91,260210.00
商品房销售额:住宅:四川:自贡市,百万人民币,5853.415385,13870145.42,3724.264413,0.319146698,-0.499112095,0.636254933,1032,13260.26,6566,13,,,,,,,,,,,,,,,1032.00,1333.00,1950.00,1876.00,3762.00,5416.00,7317.00,6566.00,9258.00,7059.95,7877.29,9386.90,13260.26,
商品房销售额:住宅:四川:攀枝花市,百万人民币,3047.22,2611646.199,1616.058847,0.420747173,-1.09637443,0.530338751,864,5695,2601,13,,,,,,,,,,,,,,,864.00,1410.00,1826.00,1491.00,1763.00,2502.00,2601.00,3310.00,5695.00,4478.61,3700.36,4370.99,5601.90,
商品房销售额:住宅:四川:泸州市,百万人民币,11586.22357,101314370.6,10065.50399,1.240082054,1.075788528,0.868747606,1357,35233,8759.5,14,,,,,,,,,,,,,,,1357.00,1959.00,2182.00,3285.00,5717.00,8592.00,7730.00,8927.00,13659.00,10791.44,15430.36,20063.42,27280.91,35233.00
商品房销售额:住宅:四川:德阳市,百万人民币,5799.238462,6916911.784,2630.00224,-0.375893217,-1.242148039,0.453508208,1763,9127,6628,13,,,,,,,,,,,,,,,1763.00,2802.00,3061.00,1946.00,5287.00,6634.00,7294.00,6628.00,9127.00,6093.79,7013.69,8914.48,8826.14,
商品房销售额:住宅:四川:绵阳市,百万人民币,9987.988462,31247237.15,5589.922822,0.111893871,-0.757688504,0.559664525,2443,20523.84,11231.32,13,,,,,,,,,,,,,,,2443.00,3447.00,3815.00,3252.00,6912.00,11675.00,15159.00,11224.00,12805.00,11231.32,12359.58,14997.11,20523.84,
商品房销售额:住宅:四川:广元市,百万人民币,2574.371538,2824046.536,1680.489969,0.344603378,-0.854278412,0.652776782,506,5716.35,2552,13,,,,,,,,,,,,,,,506.00,596.00,932.00,668.00,1654.00,2239.00,3069.00,2552.00,2994.00,3691.81,4327.96,4520.71,5716.35,
商品房销售额:住宅:四川:遂宁市,百万人民币,7150.565385,34590202.45,5881.343592,0.95708846,0.390668821,0.822500498,718,20298.62,5235,13,,,,,,,,,,,,,,,718.00,824.00,2524.00,2136.00,3917.00,4293.00,5235.00,6693.00,8764.00,12268.18,11497.95,13788.60,20298.62,
商品房销售额:住宅:四川:内江市,百万人民币,6080.320769,15467716.6,3932.901804,0.121379113,-0.937395953,0.646824724,802,13001.7,6462,13,,,,,,,,,,,,,,,802.00,1130.00,1425.00,2014.00,4790.00,6462.00,8921.00,6563.00,6954.00,6402.98,9687.90,10890.59,13001.70,
商品房销售额:住宅:四川:乐山市,百万人民币,7106.223846,20297022.49,4505.221692,0.408919576,-0.285278155,0.633982519,1283,16373.31,7624,13,,,,,,,,,,,,,,,1283.00,1759.00,2762.00,2332.00,4082.00,7624.00,9995.00,6619.00,9013.00,9065.57,9817.86,11655.17,16373.31,
商品房销售额:住宅:四川:南充市,百万人民币,10872.20077,48662501.08,6975.85128,0.02405247,-1.376244119,0.641622743,1591,22459.37,12449.87,13,,,,,,,,,,,,,,,1591.00,2353.00,3736.00,3106.00,5594.00,9777.00,15008.00,14578.00,17875.00,18285.45,12449.87,14525.92,22459.37,
商品房销售额:住宅:四川:眉山市,百万人民币,7452.704615,31464375.79,5609.311525,0.542977289,-0.787615763,0.752654481,914,18371.83,6266,13,,,,,,,,,,,,,,,914.00,1322.00,2091.00,1827.00,4246.00,5511.00,6266.00,6937.00,10592.00,11951.10,13863.66,12992.57,18371.83,
商品房销售额:住宅:四川:宜宾市,百万人民币,8630.007692,35617256.06,5968.019442,0.876026494,0.253754485,0.691542772,2116,21755.56,7829,13,,,,,,,,,,,,,,,2116.00,2546.00,3257.00,3006.00,4339.00,6914.00,7829.00,10177.00,12447.00,8377.30,13677.07,15749.17,21755.56,
商品房销售额:住宅:四川:广安市,百万人民币,6455.121538,27111918.18,5206.910618,0.9007676,0.173400314,0.806632468,1095,17848.39,5602,13,,,,,,,,,,,,,,,1264.00,1095.00,1903.00,1508.00,2560.00,4561.00,5602.00,5712.00,8461.00,10471.86,10005.12,12925.21,17848.39,
商品房销售额:住宅:四川:达州市,百万人民币,6865.073846,18794404.6,4335.251388,0.697425405,0.962518563,0.631493773,1059,16824.36,7115,13,,,,,,,,,,,,,,,1059.00,1767.00,2599.00,2582.00,5690.00,7115.00,7511.00,6193.00,9921.00,9026.45,9715.84,9242.31,16824.36,
商品房销售额:住宅:四川:雅安市,百万人民币,1484.044615,1405301.839,1185.454275,1.201528953,2.194565074,0.79879962,157,4463.36,1682,13,,,,,,,,,,,,,,,157.00,495.00,357.00,258.00,800.00,889.00,1682.00,1872.00,2165.00,2004.70,2197.78,1951.74,4463.36,
商品房销售额:住宅:四川:巴中市,百万人民币,3577.755385,8495685.869,2914.735986,0.656643544,-0.766097054,0.814682859,434,9200.46,2644,13,,,,,,,,,,,,,,,434.00,563.00,1050.00,919.00,1200.00,2219.00,2644.00,4031.00,4817.00,5358.88,6453.51,7620.97,9200.46,
商品房销售额:住宅:四川:资阳市,百万人民币,7336.323846,27996336.87,5291.156478,0.023555542,-1.834493242,0.721227223,635,14271.4,6339,13,,,,,,,,,,,,,,,635.00,1052.00,1519.00,1945.00,3416.00,5925.00,6339.00,9560.00,13223.00,14271.40,12702.91,11234.24,13549.66,
商品房销售额:住宅:贵州:贵阳市,百万人民币,23108.125,379738771.3,19486.88716,0.333798995,-1.512246314,0.843291577,1842.03,57208,18874.945,18,,,,,,,,,,1842.03,2389.32,2762.99,3678.94,3341.00,5985.69,7601.73,10694.87,11163.87,26586.02,31048.04,33406.60,42889.00,51930.00,39126.15,39494.00,44798.00,57208.00,
商品房销售额:住宅:贵州:六盘水市,百万人民币,3704.909091,5115937.091,2261.843737,0.822267178,-0.163748918,0.610499119,926,8166,3241,11,,,,,,,,,,,,,,,,,1455.00,926.00,2195.00,2292.00,2387.00,3241.00,3750.00,4044.00,5848.00,6450.00,8166.00,
商品房销售额:住宅:贵州:遵义市,百万人民币,13683,235247146.4,15337.76863,1.462614126,1.370403308,1.120936098,825,47350,6430,10,,,,,,,,,,,,,,,,,2748.00,825.00,3020.00,4630.00,6475.00,6385.00,11050.00,,,23495.00,30852.00,47350.00
商品房销售额:住宅:贵州:安顺市,百万人民币,1949.714286,2248289.238,1499.429638,0.746379782,-0.286382623,0.769050957,329,4480,1463,7,,,,,,,,,,,,,,,,,495.00,329.00,1378.00,1463.00,2254.00,3249.00,4480.00,,,,,
商品房销售额:住宅:云南:昆明市,百万人民币,23335.99786,325372371.6,18038.08115,0.615687571,-0.681722099,0.772972352,4020.63,58470,20727.15,14,,,,,,,,,,4020.63,4143.96,5075.75,6357.00,5788.00,18452.89,23001.41,25815.27,18247.06,28065.40,37398.90,42265.70,49602.00,58470.00,,,,,
商品房销售额:住宅:云南:曲靖市,百万人民币,6209.555556,20137335.03,4487.464209,0.264454557,-1.772189304,0.722670756,414,12010,4140,9,,,,,,,,,,,,,,,1923.00,2856.00,414.00,4128.00,4140.00,7704.00,12010.00,11821.00,10890.00,,,,,
商品房销售额:住宅:云南:玉溪市,百万人民币,3882.545455,7396366.273,2719.626127,0.347772554,-0.581002892,0.700475026,675,9020,4009,11,,,,,,,,,,,,,,,675.00,705.00,796.00,1758.00,3373.00,6307.00,4009.00,5575.00,5700.00,,,,4790.00,9020.00
商品房销售额:住宅:云南:保山市,百万人民币,1494.888889,1083825.861,1041.069576,0.396320372,-1.473613709,0.696419368,324,3060,1235,9,,,,,,,,,,,,,,,479.00,486.00,324.00,949.00,1235.00,1921.00,2159.00,2841.00,3060.00,,,,,
商品房销售额:住宅:云南:昭通市,百万人民币,1350.777778,1571737.944,1253.689732,0.820594343,-0.34203951,0.928124339,169,3696,927,9,,,,,,,,,,,,,,,169.00,213.00,186.00,564.00,1791.00,927.00,1981.00,3696.00,2630.00,,,,,
商品房销售额:住宅:云南:丽江市,百万人民币,2086.333333,2865144.75,1692.673846,0.643221439,-1.575495343,0.811315152,352,4650,1330,9,,,,,,,,,,,,,,,822.00,931.00,352.00,599.00,1330.00,2033.00,3850.00,4650.00,4210.00,,,,,
商品房销售额:住宅:云南:普洱市,百万人民币,1295.111111,1418366.111,1190.951767,0.162715972,-2.128713887,0.919574974,88,2840,1221,9,,,,,,,,,,,,,,,138.00,225.00,96.00,88.00,1221.00,2005.00,2700.00,2343.00,2840.00,,,,,
商品房销售额:住宅:云南:临沧市,百万人民币,794.6666667,260262,510.1587988,0.35202763,-1.812561792,0.641978354,268,1490,650,9,,,,,,,,,,,,,,,433.00,275.00,268.00,326.00,650.00,1088.00,1485.00,1137.00,1490.00,,,,,
商品房销售额:住宅:西藏:拉萨,百万人民币,853.3333333,314609.25,560.9003922,0.594680481,-1.472283236,0.657305147,204,1707,554,9,,,,,,,,,,,,,,,204.00,490.00,1560.00,1707.00,1410.00,368.00,537.00,554.00,850.00,,,,,
商品房销售额:住宅:陕西:西安市,百万人民币,54411.25722,2612229915,51109.97862,0.755046788,-0.206461617,0.939327287,3007.92,174342.63,36144.175,18,,,,,,,,,,3007.92,3553.10,4633.24,4424.68,4513.00,11697.27,17947.16,25174.11,27217.84,45070.51,66127.33,97371.48,85853.26,97619.27,92874.28,98534.52,119441.03,174342.63,
商品房销售额:住宅:陕西:铜川市,百万人民币,792.7530769,119739.9161,346.0345591,0.380894419,-0.398665999,0.436497277,320,1458.63,798.17,13,,,,,,,,,,,,,,,340.00,501.00,453.00,320.00,636.00,1005.00,1458.63,798.17,761.63,962.49,820.85,976.00,1273.02,
商品房销售额:住宅:陕西:宝鸡市,百万人民币,5704.591538,11654528.71,3413.872978,-0.034703852,-1.428065066,0.598443018,974,11125.48,6479.01,13,,,,,,,,,,,,,,,974.00,1614.00,1710.00,2161.00,3595.00,5241.00,6489.35,6479.01,7900.24,8496.79,8972.57,9401.25,11125.48,
商品房销售额:住宅:陕西:咸阳市,百万人民币,5321.238462,9438251.676,3072.17377,-0.172254395,-1.678071886,0.577341871,934,9184.66,5144.71,13,,,,,,,,,,,,,,,934.00,1352.00,1614.00,2668.00,3416.00,4739.00,8042.91,5144.71,8249.77,9039.03,9184.66,7652.69,7139.33,
商品房销售额:住宅:陕西:渭南市,百万人民币,4043.438462,8972257.91,2995.37275,0.303391626,-1.343950576,0.740798402,394,9043.46,4755.1,13,,,,,,,,,,,,,,,394.00,828.00,1062.00,1457.00,1400.00,2093.00,5270.25,6763.83,9043.46,8348.99,5589.89,4755.10,5559.18,
商品房销售额:住宅:陕西:延安市,百万人民币,1302.675385,1169164.742,1081.279215,1.805678373,4.331686239,0.83004502,143,4270.64,962,13,,,,,,,,,,,,,,,222.00,143.00,800.00,962.00,696.00,566.00,797.78,1283.92,1548.33,1623.96,1947.79,2073.36,4270.64,
商品房销售额:住宅:陕西:汉中市,百万人民币,3388.154615,2641110.038,1625.149235,-0.255443281,-1.069272765,0.479656161,779,5841.4,3534.77,13,,,,,,,,,,,,,,,779.00,1078.00,1517.00,2343.00,2565.00,3946.00,5841.40,4938.10,4804.56,3528.04,3534.77,4023.94,5147.20,
商品房销售额:住宅:陕西:榆林市,百万人民币,2632.636154,2675565.948,1635.71573,-0.332599795,-1.248814681,0.621322368,73,4804.25,2816.7,13,,,,,,,,,,,,,,,283.00,73.00,684.00,1227.00,2413.00,3101.00,3902.41,4018.98,4804.25,4636.58,2359.28,2816.70,3905.07,
商品房销售额:住宅:陕西:安康市,百万人民币,2840.976154,2567625.871,1602.381313,-0.284660483,-1.547764037,0.564024908,500,5176.24,3626.37,13,,,,,,,,,,,,,,,500.00,665.00,983.00,1335.00,1673.00,2758.00,3952.96,3626.37,3768.50,4265.48,3934.33,4294.81,5176.24,
商品房销售额:住宅:陕西:商洛市,百万人民币,1061.64,588449.5427,767.1046491,-0.012519417,-1.899718118,0.722565699,116,2006.19,1106.43,13,,,,,,,,,,,,,,,116.00,145.00,174.00,299.00,476.00,743.00,1106.43,1308.64,1709.94,1911.01,2006.19,1899.19,1906.92,
商品房销售额:住宅:甘肃:兰州市,百万人民币,14287.11421,260039789.6,16125.74927,1.184318272,-0.21401539,1.128691843,711.5,45935.58,7453.26,19,,,,,,,,,,711.50,1049.42,1023.07,1355.86,2688.00,4759.31,4908.23,7453.26,4104.74,7861.93,8404.10,6651.63,10194.65,14135.45,26481.20,36890.12,45935.58,44893.12,41954.00
商品房销售额:住宅:甘肃:嘉峪关市,百万人民币,1397.086923,572433.714,756.5934932,-0.768590242,-0.619388406,0.541550766,27,2423.41,1691,13,,,,,,,,,,,,,,,27.00,183.00,541.00,816.00,1451.00,1691.00,1767.55,2069.70,2423.41,1821.81,1785.83,1603.80,1981.03,
商品房销售额:住宅:甘肃:金昌市,百万人民币,678.54,118261.1664,343.891213,-0.464804196,-0.779616114,0.506810524,48,1142,747,14,,,,,,,,,,,,,,,48.00,236.00,536.00,217.00,745.00,1142.00,761.93,951.25,901.31,411.46,1132.21,956.47,711.93,749.00
商品房销售额:住宅:甘肃:白银市,百万人民币,1326.38,655026.7632,809.337237,-0.229297137,-1.352213843,0.610185043,96,2524.59,1544,13,,,,,,,,,,,,,,,96.00,295.00,299.00,601.00,993.00,1544.00,2052.82,1698.78,2524.59,1720.59,1177.09,2094.10,2146.97,
商品房销售额:住宅:甘肃:天水市,百万人民币,2360.728462,2326282.995,1525.215721,0.242188778,-1.12073805,0.646078423,370,5089.99,2810.89,13,,,,,,,,,,,,,,,370.00,607.00,892.00,780.00,1231.00,1771.00,2815.41,3008.37,3526.53,4254.53,2810.89,3532.75,5089.99,
商品房销售额:住宅:甘肃:武威市,百万人民币,467.61,145109.9876,380.9330487,1.215806913,1.541007613,0.814638371,13,1384.4,397.71,13,,,,,,,,,,,,,,,179.00,299.00,308.00,66.00,211.00,13.00,397.71,826.07,885.18,593.87,403.40,512.30,1384.40,
商品房销售额:住宅:甘肃:张掖市,百万人民币,1619.496923,1264125.756,1124.333472,0.052097451,-1.814168739,0.6942486,101,3087.21,1686.91,13,,,,,,,,,,,,,,,101.00,346.00,502.00,597.00,646.00,1095.00,1686.91,1875.46,2598.98,3049.20,2659.14,3087.21,2809.56,
商品房销售额:住宅:甘肃:平凉市,百万人民币,1382.982308,1376043.129,1173.048648,0.193054381,-1.883917228,0.848202208,97,2950.82,1034.09,13,,,,,,,,,,,,,,,97.00,281.00,197.00,147.00,858.00,173.00,1034.09,2089.09,2857.23,1939.52,2508.16,2950.82,2846.86,
商品房销售额:住宅:甘肃:酒泉市,百万人民币,2047.431538,2585560.352,1607.967771,0.228715542,-1.855193154,0.785358504,227,4122.21,2034.53,13,,,,,,,,,,,,,,,227.00,350.00,415.00,518.00,704.00,922.00,2034.53,2338.92,4067.99,4122.21,3891.99,4054.90,2970.07,
商品房销售额:住宅:甘肃:庆阳市,百万人民币,1192.161538,771992.6713,878.6311349,0.733632806,-0.537180006,0.737006779,190,2921.7,1035.54,13,,,,,,,,,,,,,,,190.00,407.00,278.00,368.00,653.00,999.00,1168.01,1089.19,2921.70,1883.65,2100.30,1035.54,2404.71,
商品房销售额:住宅:甘肃:定西市,百万人民币,1296.946923,1232722.841,1110.280523,0.715446679,-0.389791313,0.856072445,76,3567.05,1369.6,13,,,,,,,,,,,,,,,76.00,209.00,434.00,173.00,522.00,472.00,1434.86,1369.60,1575.05,2095.66,2147.62,2784.47,3567.05,
商品房销售额:住宅:甘肃:陇南市,百万人民币,473.2592308,387659.9148,622.6234133,1.584174234,1.900395696,1.315607542,30,2004.6,104,13,,,,,,,,,,,,,,,30.00,45.00,59.00,30.00,104.00,77.00,84.68,242.54,454.64,707.56,966.96,1346.39,2004.60,
商品房销售额:住宅:青海:西宁市,百万人民币,6002.279444,32070230.2,5663.058378,0.760958911,-0.695165497,0.943484626,279.88,17970.97,3619.85,18,,,,,,,,,,359.33,279.88,532.57,760.00,978.00,1717.76,1910.07,3077.48,2919.96,4162.22,6609.54,8602.83,6916.22,11916.28,12707.47,11995.93,14624.52,17970.97,
商品房销售额:住宅:宁夏:银川市,百万人民币,12729.23105,96210778.52,9808.70932,0.241122013,-1.494164459,0.770565738,834.58,29580,14261.33,19,,,,,,,,,,834.58,1039.98,1315.10,2348.30,3520.00,4513.30,4637.26,6559.17,6982.43,14261.33,17106.00,15282.50,16260.57,24566.74,25243.78,20442.08,21923.10,25439.17,29580.00
商品房销售额:住宅:宁夏:石嘴山市,百万人民币,1673.717692,760535.6308,872.0869399,0.275346255,-0.980078762,0.521047811,367,3227.31,1390.21,13,,,,,,,,,,,,,,,367.00,636.00,893.00,1177.00,1314.00,2330.00,2641.11,2595.32,3227.31,2315.24,1390.21,1189.11,1683.03,
商品房销售额:住宅:宁夏:吴忠市,百万人民币,2463.578462,2150571.376,1466.482654,-0.014030588,-0.964508418,0.595265252,373,4911.67,2601.06,13,,,,,,,,,,,,,,,373.00,570.00,664.00,989.00,2216.00,2773.00,2601.06,3071.16,3981.06,3014.26,2588.19,4274.12,4911.67,
商品房销售额:住宅:宁夏:固原市,百万人民币,1490.234286,1343443.164,1159.069956,0.53488052,-0.439410439,0.777777003,88,3883,1426.385,14,,,,,,,,,,,,,,,88.00,159.00,223.00,406.00,590.00,1140.00,1236.65,1672.84,2000.67,2603.05,1616.12,2857.12,2387.83,3883.00
商品房销售额:住宅:宁夏:中卫市,百万人民币,1560.867692,869500.6057,932.4701634,-0.462804037,-1.84646669,0.597405,291,2584.46,2026.5,13,,,,,,,,,,,,,,,291.00,298.00,436.00,488.00,767.00,2027.00,2138.70,2019.47,2584.46,2026.50,2361.46,2345.64,2508.05,
商品房销售额:住宅:新疆:乌鲁木齐市,百万人民币,11931.87267,76680576.81,8756.744647,0.644537067,-0.849269872,0.733895248,2289.05,29591.81,8033.08,15,,,,,,,,,,2289.05,3368.46,4195.86,5060.68,3997.00,4321.95,7718.03,11835.26,8033.08,16607.83,18294.00,21364.51,18584.57,29591.81,23716.00,,,,
商品房销售额:住宅:新疆:克拉玛依市,百万人民币,1963.394,2807762.969,1675.638078,1.775446489,2.093561413,0.853439543,678,5688.95,1301.79,10,,,,,,,,,,,,,,,1053.00,678.00,880.00,1045.00,1589.00,1354.00,1249.58,1722.09,5688.95,4374.32,,,,
