"点击这里以选择指标，然后再点击""更新""或""下载编辑""按钮更新或新增及移除数列",单位,平均,方差,标准差,偏度,峰度,变异系数,最小,最大,中位数,观测次数,1993,1994,1995,1996,1997,1998,1999,2000,2001,2002,2003,2004,2005,2006,2007,2008,2009,2010,2011,2012,2013,2014,2015,2016,2017
商品房销售价格:住宅:地级市合计,人民币/平方米,2917,,,,,,,,,1,,,,,,,,,,,,,2917.00,,,,,,,,,,,,
商品房销售价格:住宅:北京,人民币/平方米,10044.58228,53340550.74,7303.461559,0.960490321,0.076386044,0.727104558,2255,28488.91443,6162.13,23,2255.00,2740.00,3227.00,4057.00,5357.00,,4787.00,4557.00,4716.00,4467.00,4456.00,4972.00,6162.13,7375.41,10661.24,11648.00,13224.00,17150.99,15516.91,16553.48,17854.03,18499.00,22300.29,28488.91,
商品房销售价格:住宅:天津,人民币/平方米,6133.622212,14352897.19,3788.521768,0.815128094,0.120963893,0.617664675,2119.43,15138.6725,5586.857686,20,,,2119.43,,,,2157.00,2274.00,2308.00,2414.00,2393.00,2965.00,3987.22,4649.25,5575.72,5598.00,6605.00,7912.69,8547.62,8009.60,8389.84,8827.61,9931.00,12869.80,15138.67
商品房销售价格:住宅:河北:石家庄,人民币/平方米,3679.234587,5471355.557,2339.092892,1.093913388,0.396118036,0.635755301,1534,9361.893573,2630,19,,,,,,,1917.00,1685.00,1907.00,1555.00,1570.00,1534.00,1705.23,2005.13,2378.11,2630.00,3688.00,3807.57,4352.15,4713.54,4942.72,5562.00,7490.66,7100.46,9361.89
商品房销售价格:住宅:河北:唐山,人民币/平方米,4008.533785,1248326.914,1117.285512,-0.617070374,-1.225839743,0.278726729,2107,5169.426525,4519.493699,13,,,,,,,,,,,,,2107.00,2243.00,3029.00,3008.00,3439.00,3902.68,4895.66,4876.56,5022.17,4908.00,4990.96,4519.49,5169.43
商品房销售价格:住宅:河北:秦皇岛市,人民币/平方米,4662.894881,1571534.884,1253.608744,-0.372303899,-0.597525328,0.268847739,2397,6491.60682,4871.741967,13,,,,,,,,,,,,,2397.00,2819.00,3583.00,3843.00,4249.00,4546.99,4871.74,5050.57,6294.23,5539.00,5318.97,5613.53,6491.61
商品房销售价格:住宅:河北:邯郸市,人民币/平方米,3418.531296,1695017.552,1301.928397,0.133636574,-0.8741487,0.38084437,1518,5581.472833,3351.123325,13,,,,,,,,,,,,,1518.00,1629.00,2113.00,2469.00,2848.00,3154.64,3351.12,3710.33,4050.84,4209.00,4501.28,5305.22,5581.47
商品房销售价格:住宅:河北:邢台市,人民币/平方米,2767.257996,935160.5596,967.0370001,0.33679862,-1.366717924,0.349456755,1543,4363.339244,2625.276926,13,,,,,,,,,,,,,1736.00,1543.00,1751.00,1958.00,2028.00,2360.72,2625.28,2966.10,3143.44,3575.00,4001.44,3923.03,4363.34
商品房销售价格:住宅:河北:保定市,人民币/平方米,3147.578149,1903579.623,1379.70273,0.717218667,0.218693714,0.438337879,1298,6120.189523,2981.6936,13,,,,,,,,,,,,,1298.00,1568.00,1936.00,2179.00,2384.00,2616.46,2981.69,3157.90,3896.46,4044.00,3895.94,4840.88,6120.19
商品房销售价格:住宅:河北:张家口市,人民币/平方米,3042.846014,2138439.854,1462.34054,0.835701321,0.370879503,0.480583156,1355,6295.009335,2840.268127,13,,,,,,,,,,,,,1355.00,1508.00,1605.00,1716.00,2175.00,2597.01,2840.27,3124.37,3463.39,3953.00,4371.17,4553.78,6295.01
商品房销售价格:住宅:河北:承德市,人民币/平方米,3342.742628,1437601.356,1199.000148,0.345661659,-0.410405589,0.358687545,1569,5686.809097,3372.013977,13,,,,,,,,,,,,,1569.00,1838.00,2329.00,2339.00,2803.00,2987.87,3372.01,3437.09,3834.32,4198.00,4321.00,4740.55,5686.81
商品房销售价格:住宅:河北:沧州市,人民币/平方米,3273.571114,1700632.108,1304.082861,0.290727839,-0.889076184,0.398367048,1485,5632.362047,3264.884312,13,,,,,,,,,,,,,1485.00,1635.00,2033.00,2083.00,2667.00,2865.61,3264.88,3403.22,4099.82,3913.00,4542.72,4931.82,5632.36
商品房销售价格:住宅:河北:廊坊市,人民币/平方米,5934.570728,9566804.621,3093.025157,0.849252314,0.022798513,0.521187681,2057,12312.60687,5070.480809,13,,,,,,,,,,,,,2057.00,2583.00,3336.00,3904.00,4142.00,4869.15,5070.48,5581.08,6523.38,7819.00,8297.16,10654.56,12312.61
商品房销售价格:住宅:河北:衡水市,人民币/平方米,2509.346243,932690.8809,965.7592251,0.804680051,-0.003416163,0.384864874,1419,4570.523246,2368.207894,13,,,,,,,,,,,,,1426.00,1419.00,1642.00,1805.00,1787.00,2085.70,2368.21,2615.46,2718.36,3061.00,3423.90,3699.34,4570.52
商品房销售价格:住宅:山西:太原市,人民币/平方米,4570.106952,6255337.088,2501.06719,0.186623205,-1.61657085,0.547266665,1302,8761.649411,3743,19,,,,,,,1302.00,1367.00,1975.00,1899.00,2204.00,2333.00,2902.66,3156.26,3560.54,3743.00,4499.00,7087.90,6517.47,6392.97,6923.31,7615.22,7280.46,7311.61,8761.65
商品房销售价格:住宅:山西:大同市,人民币/平方米,3254.56333,1120303.207,1058.443766,-0.093698139,-1.818612642,0.325218365,1805,4503.049053,3206.280635,13,,,,,,,,,,,,,1805.00,2007.00,2040.00,2129.00,2760.00,2747.96,3206.28,3881.44,3993.42,4503.05,4497.97,4290.67,4447.53
商品房销售价格:住宅:山西:阳泉市,人民币/平方米,2658.139204,810673.5256,900.3741031,0.088252212,-0.98364307,0.338723458,1381,4069.892384,2527,13,,,,,,,,,,,,,1381.00,1397.00,1625.00,2112.00,2527.00,2430.42,2462.82,2706.35,3118.44,3157.43,3641.09,3927.36,4069.89
商品房销售价格:住宅:山西:长治市,人民币/平方米,2825.020813,753702.5541,868.1604426,0.006337192,-1.48160319,0.307311167,1620,4046.386413,2856.954505,13,,,,,,,,,,,,,1620.00,1638.00,2150.00,1925.00,2337.00,2448.64,2856.95,3071.28,3347.04,3750.17,3567.57,4046.39,3967.22
商品房销售价格:住宅:山西:晋城市,人民币/平方米,3331.675842,1080193.143,1039.323406,-0.226283661,-1.184815859,0.311952139,1516,4622.971391,3393.430259,13,,,,,,,,,,,,,1516.00,1977.00,2662.00,2674.00,2641.00,2754.07,3393.43,3641.19,4210.48,4520.09,4110.94,4588.61,4622.97
商品房销售价格:住宅:山西:朔州市,人民币/平方米,2301.571127,648545.2805,805.3230908,0.213931142,-1.30920786,0.349901457,1109,3513.6316,2064,13,,,,,,,,,,,,,1109.00,1430.00,1436.00,1754.00,2064.00,1988.15,1971.89,2210.41,2865.60,3447.32,3513.63,2982.39,3148.02
商品房销售价格:住宅:山西:晋中市,人民币/平方米,2923.251651,1319547.144,1148.715432,-0.08354262,-1.916239155,0.392958106,1385,4371.706101,2905.811493,13,,,,,,,,,,,,,1462.00,1385.00,1713.00,1876.00,2076.00,2348.62,2905.81,3897.78,3783.22,4174.59,4132.70,3875.84,4371.71
商品房销售价格:住宅:山西:运城市,人民币/平方米,2179.653542,504407.242,710.2163346,0.167060617,-1.732680175,0.325839094,1286,3206.847527,2008.696768,13,,,,,,,,,,,,,1318.00,1286.00,1450.00,1591.00,1742.00,1752.22,2008.70,2403.50,2663.80,2888.83,3000.38,3024.23,3206.85
商品房销售价格:住宅:山西:忻州市,人民币/平方米,2239.54885,618826.5768,786.65531,0.034345522,-1.543003344,0.351256152,1234,3468.850144,2233.524529,13,,,,,,,,,,,,,1234.00,1326.00,1436.00,1789.00,1261.00,2037.26,2233.52,2427.58,2924.94,2883.02,3032.70,3060.27,3468.85
商品房销售价格:住宅:山西:临汾市,人民币/平方米,2897.136609,871196.8598,933.379269,0.005481859,-1.180453013,0.322173026,1325,4128.004184,2708.265033,13,,,,,,,,,,,,,1325.00,1766.00,2146.00,2409.00,2573.00,2381.03,2708.27,2779.75,3443.29,3983.35,3940.65,4128.00,4079.43
商品房销售价格:住宅:山西:吕梁市,人民币/平方米,2376.535342,721440.8529,849.3767438,-0.000659986,-1.379876519,0.357401268,1140,3599.26299,2339.857651,13,,,,,,,,,,,,,1304.00,1140.00,1439.00,1587.00,2108.00,2339.86,2162.72,2431.99,3077.13,3599.26,3258.99,2946.01,3501.00
商品房销售价格:住宅:内蒙古:呼和浩特市,人民币/平方米,3043.17396,2797704.712,1672.634064,0.282983217,-1.598039358,0.549634719,1187,5661.607393,2511,19,,,,,,,1188.00,1187.00,1330.00,1202.00,1277.00,1430.00,1540.78,2175.71,2458.82,2511.00,3248.00,3649.44,3916.38,4798.11,4631.42,5473.66,4945.57,5195.79,5661.61
商品房销售价格:住宅:内蒙古:包头市,人民币/平方米,3639.875522,1397434.461,1182.131322,-0.606209315,-0.776499166,0.324772458,1551,5144.559256,3997.874892,13,,,,,,,,,,,,,1551.00,1691.00,2635.00,2880.00,3218.00,3426.37,3997.87,4292.67,4707.54,5144.56,4359.57,4563.36,4851.44
商品房销售价格:住宅:内蒙古:乌海市,人民币/平方米,3168.046872,1787218.739,1336.869006,0.153829837,-1.136419893,0.421985236,1350,5443.696264,3529.957397,13,,,,,,,,,,,,,1350.00,1519.00,1939.00,1900.00,1988.00,2981.43,3529.96,3844.15,3857.62,5443.70,4987.37,3616.78,4227.60
商品房销售价格:住宅:内蒙古:赤峰市,人民币/平方米,3095.7907,1561845.243,1249.73807,0.030041427,-1.482072116,0.403689458,1337,4787.730006,3079.834984,13,,,,,,,,,,,,,1337.00,1485.00,1741.00,2186.00,2197.00,2768.90,3079.83,3398.40,3921.37,3964.48,4629.42,4787.73,4749.14
商品房销售价格:住宅:内蒙古:通辽市,人民币/平方米,2409.198084,950278.6879,974.8223879,0.172310819,-1.784316608,0.404625254,1211,3826.573325,2016.572232,13,,,,,,,,,,,,,1211.00,1243.00,1404.00,1679.00,1631.00,1945.22,2016.57,2867.83,3188.86,3826.57,3179.98,3518.61,3607.92
商品房销售价格:住宅:内蒙古:鄂尔多斯市,人民币/平方米,3426.797627,926440.4762,962.5177797,-1.042239445,-0.221692803,0.280879668,1546,4349.879078,3860.33021,13,,,,,,,,,,,,,1546.00,1776.00,2473.00,2861.00,3408.00,3860.33,4320.28,4034.62,4061.68,4349.88,4192.88,4053.55,3611.16
商品房销售价格:住宅:内蒙古:呼伦贝尔市,人民币/平方米,2479.64782,503636.2064,709.6733096,-0.234559552,-0.80542058,0.286199235,1315,3691.359691,2819.294197,13,,,,,,,,,,,,,1315.00,1498.00,1671.00,1954.00,2177.00,2399.70,2819.29,2924.31,2886.58,3691.36,2926.00,2853.83,3119.36
商品房销售价格:住宅:内蒙古:巴彦淖尔市,人民币/平方米,2727.767366,1298828.44,1139.661546,0.196864569,-1.396555264,0.417800125,1215,4593.312757,2451.736497,13,,,,,,,,,,,,,1255.00,1215.00,1777.00,1676.00,2062.00,2238.58,2451.74,2967.04,4593.31,3775.39,3517.55,4095.41,3836.95
商品房销售价格:住宅:内蒙古:乌兰察布市,人民币/平方米,2007.874762,460929.3646,678.9177893,-0.184894411,-1.320466447,0.338127558,909,3018.718357,2305.852125,13,,,,,,,,,,,,,909.00,1129.00,1427.00,1362.00,1651.00,1690.38,2305.85,2428.06,2371.42,3018.72,2657.83,2374.73,2777.38
商品房销售价格:住宅:辽宁:沈阳市,人民币/平方米,4410.241737,3136886.053,1771.125646,0.48521161,-1.189160792,0.401593779,2437,7944.247867,3856,19,,,,,,,2437.00,2549.00,2605.00,2601.00,2753.00,2852.00,3026.64,3184.00,3535.75,3856.00,4196.00,5108.83,5612.10,5989.45,6073.68,6217.13,6416.00,6837.76,7944.25
商品房销售价格:住宅:辽宁:大连市,人民币/平方米,5675.171044,7281320.751,2698.392253,0.110545466,-1.546010637,0.475473291,2199,10019.00621,5617,19,,,,,,,2199.00,2369.00,2679.00,2668.00,2699.00,2973.00,3579.86,4256.42,5417.28,5617.00,6175.00,6759.12,7928.98,7583.97,7859.14,9215.77,8710.86,9118.85,10019.01
商品房销售价格:住宅:辽宁:鞍山市,人民币/平方米,3510.042934,655179.2015,809.4314063,-0.436404447,-0.959949272,0.230604418,2113,4664.126582,3624.057242,13,,,,,,,,,,,,,2113.00,2316.00,2727.00,2812.00,3254.00,3570.09,3624.06,3826.48,4187.66,4664.13,4355.09,3983.60,4197.46
商品房销售价格:住宅:辽宁:抚顺市,人民币/平方米,3499.331718,1056075.948,1027.655559,-0.439755125,-0.992075715,0.293671947,1727,5033.175599,3987.14385,13,,,,,,,,,,,,,1727.00,2086.00,2275.00,2801.00,2995.00,3492.41,3987.14,4069.99,4494.03,5033.18,4093.73,4217.51,4219.33
商品房销售价格:住宅:辽宁:本溪市,人民币/平方米,3081.026229,775090.8322,880.3924308,-0.215265919,-1.796873195,0.28574649,1846,4224.265421,3425.619835,13,,,,,,,,,,,,,1846.00,1958.00,2270.00,2259.00,2117.00,2919.00,3425.62,3559.32,3619.94,3942.36,3901.31,4224.27,4011.53
商品房销售价格:住宅:辽宁:丹东市,人民币/平方米,3336.308035,1000825.164,1000.412497,-0.031380988,-1.490878672,0.299856154,1887,4680.530008,3239.552239,13,,,,,,,,,,,,,1887.00,2032.00,2222.00,2502.00,3029.00,2955.29,3239.55,3495.49,3934.21,4680.53,4488.54,4385.37,4521.01
商品房销售价格:住宅:辽宁:锦州市,人民币/平方米,3011.562474,783342.2541,885.0662428,-0.325193247,-1.152130202,0.293889385,1667,4203.526074,3091.780822,13,,,,,,,,,,,,,1699.00,1667.00,1872.00,2525.00,2556.00,3318.91,3091.78,3086.25,3492.54,4147.96,4203.53,3735.12,3755.22
商品房销售价格:住宅:辽宁:营口市,人民币/平方米,3151.183759,1151942.296,1073.285748,-0.592674933,-1.459745627,0.340597639,1475,4292.174742,3575.329912,13,,,,,,,,,,,,,1475.00,1544.00,1805.00,2145.00,2662.00,3346.37,3575.33,3960.91,4024.78,4292.17,4190.22,3972.22,3972.39
商品房销售价格:住宅:辽宁:阜新市,人民币/平方米,2687.284628,721663.0377,849.5075266,-0.054452148,-1.495588678,0.316121157,1481,3913.209352,2757.513661,13,,,,,,,,,,,,,1481.00,1495.00,1833.00,2011.00,2219.00,2377.47,2757.51,2793.69,3376.27,3913.21,3623.74,3535.18,3518.63
商品房销售价格:住宅:辽宁:辽阳市,人民币/平方米,3218.477551,836560.3943,914.6367554,-0.277573475,-1.391976309,0.284183047,1797,4419.371362,3357.388316,13,,,,,,,,,,,,,1797.00,1915.00,2194.00,2575.00,2666.00,3125.39,3357.39,3475.69,3966.64,4419.37,4048.41,4028.99,4271.32
商品房销售价格:住宅:辽宁:盘锦市,人民币/平方米,3181.766311,783355.1923,885.0735519,-0.90291336,-0.547330042,0.278170508,1695,4252.757256,3481.258061,13,,,,,,,,,,,,,1695.00,1780.00,1764.00,2937.00,3227.00,3392.07,3531.03,3773.25,3903.25,4252.76,4015.85,3481.26,3610.51
商品房销售价格:住宅:辽宁:铁岭市,人民币/平方米,2763.846119,932898.3439,965.8666284,-0.124317709,-1.483587251,0.34946469,1295,4188.294897,2727.462765,13,,,,,,,,,,,,,1295.00,1519.00,1788.00,1934.00,2063.00,2665.86,2727.46,3163.65,3485.03,4188.29,3734.83,3642.13,3723.75
商品房销售价格:住宅:辽宁:朝阳市,人民币/平方米,2344.542537,671805.1683,819.6372175,0.078201571,-1.635149051,0.349593665,1213,3462.660815,2268.504181,13,,,,,,,,,,,,,1213.00,1379.00,1476.00,1642.00,1728.00,2122.04,2268.50,2497.69,2894.16,3374.17,3330.50,3462.66,3091.33
商品房销售价格:住宅:辽宁:葫芦岛市,人民币/平方米,3255.161941,1344384.279,1159.475864,-0.357492772,-1.334454876,0.356196062,1345,4815.15392,3350.618269,13,,,,,,,,,,,,,1345.00,1623.00,2034.00,2390.00,2586.00,3350.62,3110.80,4061.14,4384.09,4055.61,4277.08,4284.62,4815.15
商品房销售价格:住宅:吉林:长春市,人民币/平方米,3901.019074,3423183.117,1850.184617,0.229252579,-1.763597713,0.474282382,1725,6810.680479,3344,19,,,,,,,1818.00,1725.00,2196.00,2064.00,1973.00,2119.00,2271.70,2408.03,3118.30,3344.00,4012.00,5096.92,5968.65,5273.35,5728.52,5846.76,6327.79,6017.66,6810.68
商品房销售价格:住宅:吉林:吉林市,人民币/平方米,3220.044583,1324402.627,1150.826932,-0.283032489,-1.391925,0.35739472,1477,4768.517286,3517.53507,13,,,,,,,,,,,,,1477.00,1570.00,1939.00,2192.00,2634.00,3114.91,3870.81,3517.54,3831.73,3951.73,4515.02,4478.32,4768.52
商品房销售价格:住宅:吉林:四平市,人民币/平方米,2425.286811,958687.1163,979.1256897,0.117712055,-1.46437647,0.403715423,1096,3941.051869,2266.702015,13,,,,,,,,,,,,,1221.00,1096.00,1345.00,1618.00,1825.00,2141.84,2266.70,2659.56,3037.08,3941.05,3598.75,3530.29,3248.45
商品房销售价格:住宅:吉林:辽源市,人民币/平方米,2473.473162,785390.2107,886.2224386,-0.018863594,-1.723440555,0.358290703,1250,3625.094913,2663.573086,13,,,,,,,,,,,,,1250.00,1320.00,1655.00,1843.00,1681.00,1992.51,2668.52,2663.57,3285.42,3335.62,3212.22,3623.18,3625.09
商品房销售价格:住宅:吉林:通化市,人民币/平方米,2547.453331,820662.8045,905.9044124,0.199663089,-1.323371943,0.35561178,1221,3937.243234,2505.181347,13,,,,,,,,,,,,,1221.00,1532.00,1665.00,1842.00,1939.00,2203.65,2505.18,2645.16,2933.74,3765.60,3326.33,3600.98,3937.24
商品房销售价格:住宅:吉林:白山市,人民币/平方米,2102.836961,296770.1218,544.7661166,-0.261242801,-1.30025869,0.25906246,1216,2918.803419,2353.657086,13,,,,,,,,,,,,,1216.00,1407.00,1586.00,1565.00,1714.00,2080.65,2458.56,2406.40,2381.58,2704.90,2544.33,2353.66,2918.80
商品房销售价格:住宅:吉林:松原市,人民币/平方米,2738.362393,1672561.569,1293.275519,-0.123056201,-1.65338361,0.472280631,1071,4726.113241,3173.643411,13,,,,,,,,,,,,,1534.00,1134.00,1071.00,1564.00,1156.00,2513.15,3833.48,3173.64,3533.33,4726.11,3879.74,3899.44,3580.81
商品房销售价格:住宅:吉林:白城市,人民币/平方米,2107.697042,735415.4486,857.5636703,1.023577451,0.319135471,0.40687236,1157,3917.580426,1833.978873,13,,,,,,,,,,,,,1157.00,1239.00,1261.00,1819.00,1512.00,1763.78,2251.26,2005.88,2272.73,2891.93,1833.98,3917.58,3474.93
商品房销售价格:住宅:黑龙江:哈尔滨市,人民币/平方米,3981.149237,3596169.615,1896.356932,0.465822167,-1.10632352,0.476334048,1783,7892.626049,3515,19,,,,,,,1783.00,2033.00,2127.00,2157.00,2183.00,2215.00,2384.04,2502.86,2942.74,3515.00,4146.00,5195.95,5340.50,5081.30,5886.10,5760.33,6147.74,6348.66,7892.63
商品房销售价格:住宅:黑龙江:齐齐哈尔市,人民币/平方米,2873.872115,1126143.593,1061.19913,-0.180326584,-1.444126977,0.369257603,1359,4232.272975,2907.594618,13,,,,,,,,,,,,,1359.00,1404.00,1638.00,1813.00,2659.00,2726.26,2907.59,2989.68,3614.88,3803.83,3993.33,4219.48,4232.27
商品房销售价格:住宅:黑龙江:鸡西市,人民币/平方米,2645.175047,603190.312,776.6532765,-0.623980609,-1.257494489,0.293611297,1323,3479.062206,2930.74438,13,,,,,,,,,,,,,1323.00,1567.00,1648.00,1939.00,2480.00,2644.96,3160.94,3248.62,3248.92,3263.50,2930.74,3453.53,3479.06
商品房销售价格:住宅:黑龙江:鹤岗市,人民币/平方米,2345.59258,563956.5774,750.9704238,-0.233163146,-1.880244865,0.320162346,1227,3252.172463,2659.646871,13,,,,,,,,,,,,,1227.00,1440.00,1534.00,1682.00,1733.00,1979.67,3114.40,2942.61,3252.17,3060.08,3025.81,2659.65,2842.31
商品房销售价格:住宅:黑龙江:双鸭山市,人民币/平方米,2086.931965,297524.8612,545.4583955,-0.835768301,-0.718101224,0.261368557,1090,2690.62098,2298.192771,13,,,,,,,,,,,,,1090.00,1204.00,1478.00,1684.00,2015.00,2298.19,2690.62,2638.55,2365.78,2524.06,2279.09,2399.14,2463.68
商品房销售价格:住宅:黑龙江:大庆市,人民币/平方米,3659.751194,802604.698,895.8820782,-0.584200709,-1.016830796,0.244793165,2047,4795.157153,3830.674728,13,,,,,,,,,,,,,2047.00,2479.00,2549.00,2938.00,3425.00,3749.74,4150.81,4225.72,3830.67,4478.45,4795.16,4509.42,4398.80
商品房销售价格:住宅:黑龙江:伊春市,人民币/平方米,1905.581026,590105.1626,768.1830268,-0.078138728,-1.331737048,0.403122731,794,3115.39144,1906.54986,13,,,,,,,,,,,,,794.00,870.00,1010.00,1319.00,1515.00,1691.99,1906.55,2239.52,2632.37,2564.69,2411.50,2702.54,3115.39
商品房销售价格:住宅:黑龙江:佳木斯市,人民币/平方米,2492.340258,731228.7456,855.1191412,-0.200669105,-1.137891414,0.343098876,1191,3782.123412,2675.923995,13,,,,,,,,,,,,,1191.00,1298.00,1482.00,1743.00,2238.00,2434.09,2675.92,2745.47,3033.68,2943.94,3279.44,3553.75,3782.12
商品房销售价格:住宅:黑龙江:七台河市,人民币/平方米,2583.155392,592888.9414,769.9928191,-0.321258004,-1.563102325,0.298082268,1377,3514.250747,2804.691684,13,,,,,,,,,,,,,1566.00,1377.00,1749.00,1895.00,1986.00,2649.72,3328.90,3514.25,3479.18,3251.16,3135.80,2804.69,2844.33
商品房销售价格:住宅:黑龙江:牡丹江市,人民币/平方米,2677.907184,760591.6543,872.1190597,-0.535036106,-1.463311174,0.325671877,1351,3623.007439,3030.611977,13,,,,,,,,,,,,,1389.00,1351.00,1540.00,1882.00,2316.00,2767.33,3030.61,3063.65,3498.11,3504.03,3386.33,3461.73,3623.01
商品房销售价格:住宅:黑龙江:黑河市,人民币/平方米,2090.477009,408144.1981,638.8616424,-0.971203051,-0.735500374,0.305605677,960,2715.106565,2446.939814,13,,,,,,,,,,,,,1280.00,960.00,1013.00,1614.00,2159.00,2338.95,2446.94,2463.16,2479.81,2660.91,2552.63,2492.68,2715.11
商品房销售价格:住宅:黑龙江:绥化市,人民币/平方米,2772.355493,1723122.329,1312.677542,0.859667324,0.544189836,0.473488175,1162,5761,2803.447609,16,,,,,,,,,,4007.00,4989.00,5761.00,1162.00,1186.00,1328.00,1579.00,1837.00,2064.68,2536.98,2640.45,3077.20,3080.37,2966.44,3117.44,3025.13
商品房销售价格:住宅:上海,人民币/平方米,9812.580541,53336649.22,7303.194453,0.941477033,-0.132645502,0.744268485,2477,25910.00272,7039.000127,23,,,2477.00,2968.00,2891.00,3026.00,3102.00,3326.00,3658.00,4007.00,4989.00,6361.00,6698.00,7039.00,8253.00,8115.00,12364.00,14212.35,13448.30,13869.89,16192.15,16415.43,21501.10,25910.00,24866.13
商品房销售价格:住宅:江苏:南京市,人民币/平方米,5331.692798,8685900.629,2947.185204,0.835494307,-0.803883836,0.552767257,2577,11078.12149,4270.361514,15,,,,,,,2808.00,2598.00,2577.00,2780.00,2888.00,3098.00,3849.54,4270.36,5010.94,4808.00,6893.00,9226.95,8414.62,9674.86,11078.12,,,,
商品房销售价格:住宅:江苏:无锡市,人民币/平方米,5910.204204,3339282.944,1827.3705,-0.16364796,-1.926176443,0.309189063,3472,8064.763831,5858,9,,,,,,,,,,,,,3472.00,3687.00,4363.00,5096.00,5858.00,7461.93,8064.76,7741.41,7447.73,,,,
商品房销售价格:住宅:江苏:徐州市,人民币/平方米,3772.197786,2083679.905,1443.495724,-0.082018622,-1.485363264,0.38266703,1717,5997.420624,3940.976461,12,,,,,,,,,,,,,1717.00,1993.00,2192.00,2518.00,3110.00,3601.60,4280.35,4696.52,5070.24,,5002.27,5087.97,5997.42
商品房销售价格:住宅:江苏:常州市,人民币/平方米,5003.106674,1979185.3,1406.835207,0.260330471,-2.05742643,0.281192327,3380,6853.180652,4448,9,,,,,,,,,,,,,3380.00,3645.00,3765.00,4111.00,4448.00,5734.87,6853.18,6516.08,6574.83,,,,
商品房销售价格:住宅:江苏:苏州市,人民币/平方米,6806.647881,4500408.455,2121.416615,0.087355302,-2.077224573,0.311668335,4276,9479.557943,6331,9,,,,,,,,,,,,,4276.00,4415.00,5004.00,5533.00,6331.00,8213.12,9028.09,8980.06,9479.56,,,,
商品房销售价格:住宅:江苏:南通市,人民币/平方米,4052.78465,1423280.74,1193.013303,-0.142751543,-1.777843884,0.294368787,2304,5457.524099,4191,9,,,,,,,,,,,,,2304.00,2926.00,3325.00,3010.00,4191.00,4689.18,5312.35,5457.52,5260.01,,,,
商品房销售价格:住宅:江苏:连云港市,人民币/平方米,3319.783861,1379805.2,1174.651097,0.83736337,0.00086561,0.353833607,2036,5666.951408,3015.294191,10,,,,,,,,,,,,,2036.00,2192.00,2401.00,2464.00,2790.00,3240.59,3880.24,4140.74,4386.32,,,,5666.95
商品房销售价格:住宅:江苏:淮安市,人民币/平方米,3261.825006,1409755.886,1187.331414,0.39938702,-0.627230441,0.364008312,1671,5429.933688,3135.031049,10,,,,,,,,,,,,,1671.00,1992.00,2343.00,2541.00,2807.00,3463.06,4168.60,4079.31,4123.34,,,,5429.93
商品房销售价格:住宅:江苏:盐城市,人民币/平方米,3496.097229,1562795.558,1250.118218,-0.128817338,-1.404148431,0.357575358,1680,5418.752845,3779.164882,12,,,,,,,,,,,,,1680.00,1868.00,2156.00,2509.00,2868.00,3459.53,4098.80,4149.29,4415.81,,4591.66,4738.33,5418.75
商品房销售价格:住宅:江苏:扬州市,人民币/平方米,4340.031312,2158472.087,1469.173947,0.197445992,-1.843067258,0.3385169,2586,6190.133058,4254,9,,,,,,,,,,,,,2586.00,2696.00,3201.00,3386.00,4254.00,4680.52,6041.19,6025.43,6190.13,,,,
商品房销售价格:住宅:江苏:镇江市,人民币/平方米,4798.33957,2988122.328,1728.618618,0.187017316,-0.052795559,0.360253499,2252,8327.385713,5210.570697,13,,,,,,,,,,,,,2252.00,2444.00,2940.00,3340.00,3999.00,5152.64,5769.07,5280.62,5814.10,5680.85,5210.57,6168.18,8327.39
商品房销售价格:住宅:江苏:泰州市,人民币/平方米,4403.906777,2044048.077,1429.702094,-0.468325163,-1.628503975,0.324644041,2115,5828.306142,5024.397573,12,,,,,,,,,,,,,2115.00,2447.00,2929.00,3309.00,3632.00,4481.59,5628.59,5652.04,5828.31,5614.30,5642.85,5567.21,
商品房销售价格:住宅:江苏:宿迁市,人民币/平方米,2301.642033,751349.8327,866.8043797,0.405217684,-1.883705893,0.376602603,1392,3422.509954,2045,9,,,,,,,,,,,,,1392.00,1454.00,1518.00,1729.00,2045.00,2470.82,3276.67,3406.78,3422.51,,,,
商品房销售价格:住宅:浙江:杭州市,人民币/平方米,9350.629219,32536311.5,5704.060966,0.352215483,-1.014858767,0.610018944,2624,21226.2611,8212,19,,,,,,,2685.00,2733.00,2624.00,3197.00,3657.00,3884.00,5453.81,5967.44,7431.76,8212.00,10613.00,14258.90,12743.41,13291.03,14679.47,14041.37,14750.22,16213.28,21226.26
商品房销售价格:住宅:浙江:宁波市,人民币/平方米,7292.097467,18588936.15,4311.488855,-0.02413721,-1.694655477,0.591254968,1781,14144.92093,6843,19,,,,,,,1813.00,1781.00,1864.00,2357.00,2541.00,3026.00,4516.55,5105.08,6097.17,6843.00,9068.00,11669.35,11284.04,11386.29,11403.78,10889.67,11022.13,11737.88,14144.92
商品房销售价格:住宅:浙江:温州市,人民币/平方米,12248.41008,17901103.82,4230.969607,-0.733558731,-0.749646132,0.345430107,4662,17497.83947,13842.5502,13,,,,,,,,,,,,,4662.00,5589.00,7550.00,8615.00,14086.00,13818.18,16861.96,17497.84,15941.53,13842.55,12632.07,14149.23,13983.97
商品房销售价格:住宅:浙江:嘉兴市,人民币/平方米,6124.756989,4877475.063,2208.500637,0.647668784,0.950898212,0.360585839,3183,11182.60523,6777.700516,13,,,,,,,,,,,,,3183.00,3291.00,3933.00,4284.00,4918.00,6105.71,6777.70,6914.79,7039.50,6997.80,7183.23,7811.51,11182.61
商品房销售价格:住宅:浙江:湖州市,人民币/平方米,5649.181982,3089228.086,1757.620006,-0.462532928,-0.776461487,0.311128233,2617,8457.362328,6307.461538,13,,,,,,,,,,,,,2617.00,3076.00,3760.00,4107.00,5087.00,6199.94,6477.27,6737.96,6982.86,6307.46,6849.56,6779.95,8457.36
商品房销售价格:住宅:浙江:绍兴市,人民币/平方米,7069.480929,4529285.981,2128.211921,-0.62463851,-1.13012325,0.301042176,3392,9494.770081,8080.745089,13,,,,,,,,,,,,,3392.00,3869.00,4835.00,5061.00,6278.00,7622.16,8621.38,8909.60,9494.77,8080.75,8194.70,8116.60,9428.30
商品房销售价格:住宅:浙江:金华市,人民币/平方米,7276.25145,8488994.713,2913.587945,-0.228373125,-1.7344911,0.400424307,3092,11032.46732,8010.63965,13,,,,,,,,,,,,,3092.00,3384.00,4065.00,4543.00,5214.00,6453.24,8010.64,9452.15,9348.16,10239.39,10377.00,9380.22,11032.47
商品房销售价格:住宅:浙江:衢州市,人民币/平方米,5517.37572,6736577.186,2595.491704,0.153988301,-0.704292577,0.470421417,2095,10536.30218,6655.302594,13,,,,,,,,,,,,,2095.00,2244.00,2604.00,2908.00,3683.00,5461.99,7159.09,6787.96,7020.31,6655.30,6815.63,7755.30,10536.30
商品房销售价格:住宅:浙江:舟山市,人民币/平方米,8428.608905,9120766.09,3020.06061,-0.475891264,-1.333767713,0.358310683,3554,12257.78378,9483.592401,13,,,,,,,,,,,,,3554.00,4082.00,4809.00,6091.00,6493.00,9483.59,10766.08,10197.11,11832.30,10833.73,9405.47,9766.85,12257.78
商品房销售价格:住宅:浙江:台州市,人民币/平方米,7787.074501,5898778.346,2428.740074,-0.458548361,-1.698653711,0.311893776,3995,10265.9377,9126.801866,13,,,,,,,,,,,,,3995.00,4509.00,4971.00,5304.00,6495.00,7245.26,9126.80,10018.24,9943.56,9675.24,9726.50,9956.43,10265.94
商品房销售价格:住宅:浙江:丽水市,人民币/平方米,7131.776066,5104049.561,2259.214368,-0.405039803,-1.428828808,0.316781451,3355,9806.315789,7384.751515,13,,,,,,,,,,,,,3355.00,4022.00,4731.00,5289.00,6080.00,6546.58,7384.75,9231.44,8985.37,9259.65,8847.76,9174.21,9806.32
商品房销售价格:住宅:安徽:合肥市,人民币/平方米,4470.658253,8178552.737,2859.816906,0.973513483,0.386462067,0.639685868,1499,11441.91952,3425,19,,,,,,,1667.00,1499.00,1522.00,1618.00,1889.00,2271.00,2799.45,2873.78,3153.80,3425.00,4095.00,5500.29,5608.00,5754.31,6083.79,6917.36,7511.89,9311.92,11441.92
商品房销售价格:住宅:安徽:芜湖市,人民币/平方米,4398.738574,1309969.779,1144.539112,-0.219621488,-0.275626877,0.260197121,2472,6501.350183,4738.779804,13,,,,,,,,,,,,,2472.00,2740.00,3074.00,3967.00,3763.00,4738.78,5000.00,4802.58,5148.04,5142.86,4603.26,5230.72,6501.35
商品房销售价格:住宅:安徽:蚌埠市,人民币/平方米,3621.07483,1135064.798,1065.394198,-0.662313924,-1.263110719,0.294220431,1906,4866.001319,4042.416452,13,,,,,,,,,,,,,1906.00,1925.00,2419.00,2576.00,3238.00,4042.42,4384.00,3970.34,4370.55,4559.58,4360.67,4456.42,4866.00
商品房销售价格:住宅:安徽:淮南市,人民币/平方米,3441.303904,1076772.28,1037.676385,-0.554434249,-0.618783901,0.301535817,1473,5015.145797,3852,13,,,,,,,,,,,,,1473.00,2042.00,2415.00,2675.00,2914.00,3633.66,3852.00,4152.11,4220.29,4203.60,4034.11,4107.03,5015.15
商品房销售价格:住宅:安徽:马鞍山市,人民币/平方米,3785.658339,827682.6839,909.7706765,-0.694076439,-0.918809769,0.240320334,2201,4943.381717,4244.207428,13,,,,,,,,,,,,,2480.00,2201.00,2514.00,3176.00,3863.00,4258.85,3669.00,4281.54,4397.14,4244.21,4518.85,4666.59,4943.38
商品房销售价格:住宅:安徽:淮北市,人民币/平方米,3394.914694,1562718.881,1250.087549,-0.159450439,-1.520190093,0.368223553,1578,5268.672993,3729,13,,,,,,,,,,,,,1578.00,1746.00,1905.00,2435.00,2680.00,2832.03,3729.00,4056.16,4452.55,4421.73,4410.17,4619.57,5268.67
商品房销售价格:住宅:安徽:铜陵市,人民币/平方米,3835.243315,982142.4417,991.0309994,-1.047047237,0.144229881,0.258401076,1795,4954.114018,4200,13,,,,,,,,,,,,,1795.00,2164.00,3234.00,3158.00,3645.00,4200.00,4508.00,4470.63,4721.16,4578.54,4446.07,3983.64,4954.11
商品房销售价格:住宅:安徽:安庆市,人民币/平方米,3157.134859,1849544.458,1359.97958,-0.071306081,-1.587572892,0.430763854,1226,5179.041585,3233,13,,,,,,,,,,,,,1226.00,1489.00,1699.00,1739.00,2329.00,2817.64,3233.00,3674.43,4231.04,4370.46,4503.46,4551.68,5179.04
商品房销售价格:住宅:安徽:黄山市,人民币/平方米,3312.370612,1699839.667,1303.778995,-0.074315755,-0.999186162,0.393609033,1388,5589.538619,3846.535061,13,,,,,,,,,,,,,1388.00,1543.00,1888.00,2098.00,2599.00,3203.15,3852.00,3846.54,4144.05,4059.18,4264.40,4585.97,5589.54
商品房销售价格:住宅:安徽:滁州市,人民币/平方米,3298.668976,1605005.576,1266.888147,0.064063512,-0.61100812,0.384060406,1396,5710.905335,3785,13,,,,,,,,,,,,,1396.00,1682.00,1926.00,2133.00,2611.00,3196.73,3785.00,3903.69,4041.73,4042.47,4070.12,4384.05,5710.91
商品房销售价格:住宅:安徽:阜阳市,人民币/平方米,3587.598258,2410096.286,1552.448481,-0.054152561,-1.426881586,0.432726401,1447,6026.039998,4001,13,,,,,,,,,,,,,1447.00,1502.00,1888.00,2215.00,2505.00,3202.04,4001.00,4168.25,4629.72,4785.77,4875.06,5393.89,6026.04
商品房销售价格:住宅:安徽:宿州市,人民币/平方米,2847.467678,880166.4553,938.1718688,-0.307469925,-1.319061892,0.329475862,1302,4230.922656,3287.552819,13,,,,,,,,,,,,,1302.00,1610.00,1933.00,1980.00,2239.00,2688.34,3423.00,3500.85,3287.55,3604.83,3436.59,3780.99,4230.92
商品房销售价格:住宅:安徽:巢湖市,人民币/平方米,2283.095177,425038.7721,651.9499767,0.287664613,-0.833402118,0.285555321,1449,3230.571061,2220,6,,,,,,,,,,,,,1449.00,1812.00,2036.00,2404.00,2767.00,3230.57,,,,,,,
商品房销售价格:住宅:安徽:六安市,人民币/平方米,3415.933375,1879603.702,1370.986397,-0.221518194,-1.19261631,0.40135045,1356,5646.952188,4053,13,,,,,,,,,,,,,1428.00,1356.00,1968.00,2245.00,2565.00,3220.75,4053.00,4341.14,4324.94,4498.13,4249.27,4510.95,5646.95
商品房销售价格:住宅:安徽:亳州市,人民币/平方米,3158.65541,1813115.05,1346.519606,0.199208351,-0.861123833,0.426295189,1286,5711.287759,3625.806324,13,,,,,,,,,,,,,1286.00,1686.00,1563.00,2018.00,2242.00,2622.79,3641.00,3625.81,3963.46,4122.53,4256.48,4324.17,5711.29
商品房销售价格:住宅:安徽:池州市,人民币/平方米,3268.853172,1453808.587,1205.73985,-0.325566413,-1.506609922,0.368857146,1386,4897.513439,3615.482124,13,,,,,,,,,,,,,1386.00,1605.00,1949.00,2226.00,2492.00,3105.34,3910.00,3615.48,4251.99,4346.97,4374.17,4335.62,4897.51
商品房销售价格:住宅:安徽:宣城市,人民币/平方米,3291.701737,1517625.277,1231.919347,-0.235679785,-1.320311919,0.374249991,1407,5179.498901,3726,13,,,,,,,,,,,,,1407.00,1605.00,1828.00,2404.00,2552.00,2985.05,3726.00,3915.50,4349.41,4458.47,4150.07,4232.13,5179.50
商品房销售价格:住宅:福建:福州市,人民币/平方米,4933.421135,10546094.99,3247.475171,0.721350087,-1.005907987,0.658260279,1773,10643.86921,3976.265186,15,,,,,,,1773.00,1850.00,2002.00,1960.00,2178.00,2463.00,2981.13,3976.27,4899.65,5244.00,6441.00,7876.67,9557.15,10643.87,10155.59,,,,
商品房销售价格:住宅:福建:厦门市,人民币/平方米,7165.728828,19094683.27,4369.746362,0.388755669,-1.424953166,0.609811851,2505,14551.52015,6600.72593,15,,,,,,,2826.00,2505.00,2559.00,2595.00,3077.00,3768.00,4744.01,6600.73,8907.02,8940.00,8935.00,11589.02,12936.10,12952.53,14551.52,,,,
商品房销售价格:住宅:福建:莆田市,人民币/平方米,5479.973618,4661455.84,2159.040491,-0.360340345,-1.28996797,0.393987388,1888,8485.896595,6064.901193,12,,,,,,,,,,,,,1888.00,,2726.00,3193.00,4087.00,4371.20,5591.74,6538.06,7462.62,7088.68,7035.76,7291.72,8485.90
商品房销售价格:住宅:福建:三明市,人民币/平方米,3878.47429,2267280.4,1505.749116,-0.087618425,-0.807449011,0.388232331,1571,6060.861147,3782.853422,8,,,,,,,,,,,,,1571.00,,2390.00,3316.00,3413.00,4152.71,4781.13,5343.10,6060.86,,,,
商品房销售价格:住宅:福建:泉州市,人民币/平方米,4768.155483,2608242.95,1615.005557,-0.245995295,-1.249727595,0.338706563,2255,6598.596043,4736.565327,8,,,,,,,,,,,,,2255.00,,3224.00,3839.00,4554.00,4919.13,6593.62,6161.90,6598.60,,,,
商品房销售价格:住宅:福建:漳州市,人民币/平方米,3922.913574,1876302.554,1369.781936,0.060221441,-1.077609055,0.34917464,1882,5909.514925,3756.643519,8,,,,,,,,,,,,,1882.00,,2900.00,2979.00,3445.00,4068.29,4918.86,5280.64,5909.51,,,,
商品房销售价格:住宅:福建:南平市,人民币/平方米,3816.882037,1876915.76,1370.005752,-0.316914546,-0.842838846,0.358933218,1505,5723.94304,3969.476744,9,,,,,,,,,,,,,1505.00,,2591.00,2787.00,3294.00,3969.48,4572.15,4871.33,5038.04,,,,5723.94
商品房销售价格:住宅:福建:龙岩市,人民币/平方米,3953.281728,2501080.937,1581.480616,0.168213269,-0.549644331,0.400042477,1585,6406.854616,3870.400834,8,,,,,,,,,,,,,1585.00,,2673.00,2995.00,3675.00,4065.80,4592.08,5633.52,6406.85,,,,
商品房销售价格:住宅:福建:宁德市,人民币/平方米,4500.015501,3980500.346,1995.119131,-0.012918663,-1.455899113,0.44335828,1579,6947.355812,4262.139442,8,,,,,,,,,,,,,1579.00,,2756.00,3281.00,3694.00,4830.28,6008.08,6904.41,6947.36,,,,
商品房销售价格:住宅:江西:南昌市,人民币/平方米,4070.590676,5211415.629,2282.85252,0.404497912,-1.208412597,0.560816034,1168,8106.43973,3508.695136,19,,,,,,,1168.00,1298.00,1491.00,1632.00,2079.00,2429.00,2518.52,3053.13,3508.70,3361.00,3637.00,4330.68,5322.66,5879.99,6639.31,6224.61,6955.39,7706.80,8106.44
商品房销售价格:住宅:江西:景德镇市,人民币/平方米,3159.055865,1491426.676,1221.239811,-0.589656228,-1.103654595,0.386583797,1053,4640.687163,3593.486471,11,,,,,,,,,,,,,1053.00,,1521.00,,2084.00,2302.12,3249.37,3593.49,3798.78,4162.54,4024.41,4320.23,4640.69
商品房销售价格:住宅:江西:萍乡市,人民币/平方米,3236.672402,1611597.833,1269.487232,-0.520942503,-1.270419374,0.392219871,1102,4613.506215,3585.225595,11,,,,,,,,,,,,,1102.00,,1526.00,,2108.00,2463.24,2988.78,3585.23,4106.02,4294.03,4231.04,4613.51,4585.55
商品房销售价格:住宅:江西:九江市,人民币/平方米,3423.693032,1366347.306,1168.908596,-0.94949102,0.292676686,0.341417465,1047,4738.469069,3652.143217,11,,,,,,,,,,,,,1047.00,,1808.00,,2964.00,2884.02,3538.94,3652.14,4738.47,3982.61,4042.12,4290.95,4712.37
商品房销售价格:住宅:江西:新余市,人民币/平方米,2992.398207,1210229.393,1100.104264,-0.696886519,-0.823528381,0.367632978,990,4265.725514,3287.659129,11,,,,,,,,,,,,,990.00,,1514.00,,2089.00,2329.89,3090.50,3287.66,3624.56,4265.73,4004.79,3901.03,3819.23
商品房销售价格:住宅:江西:鹰潭市,人民币/平方米,3352.980647,1266411.1,1125.349324,-0.870517391,0.101076742,0.335626549,1116,4804.33259,3790.061446,11,,,,,,,,,,,,,1116.00,,1810.00,,2607.00,3059.00,3364.17,3790.06,4390.12,3919.48,4804.33,3817.21,4205.42
商品房销售价格:住宅:江西:赣州市,人民币/平方米,3900.959316,2791115.515,1670.663196,-0.667045533,-0.864121616,0.428269833,899,6015.051534,4659.808791,11,,,,,,,,,,,,,899.00,,1717.00,,2306.00,2972.55,4037.17,4659.81,4872.62,5371.95,4984.90,5074.50,6015.05
商品房销售价格:住宅:江西:吉安市,人民币/平方米,3145.442812,1755025.131,1324.773615,-0.655070499,-1.111351787,0.421172373,856,4658.798633,3446.010706,11,,,,,,,,,,,,,856.00,,1359.00,,1813.00,2371.65,3402.03,3446.01,3990.49,4104.41,4283.35,4315.13,4658.80
商品房销售价格:住宅:江西:宜春市,人民币/平方米,3144.694611,1624354.732,1274.501758,-0.581201974,-1.235767309,0.405286337,999,4674.88539,3595.096016,11,,,,,,,,,,,,,999.00,,1440.00,,1887.00,2296.47,3209.28,3595.10,3952.74,4077.37,4177.04,4282.76,4674.89
商品房销售价格:住宅:江西:抚州市,人民币/平方米,3263.161839,1753993.854,1324.38433,-0.65702297,-0.866043103,0.405859223,842,4791.763163,3495.091541,11,,,,,,,,,,,,,842.00,,1605.00,,2076.00,2443.10,3490.31,3495.09,3914.40,4325.29,4396.63,4515.19,4791.76
商品房销售价格:住宅:江西:上饶市,人民币/平方米,3330.293454,2186450.48,1478.665101,-0.425671924,-1.254210487,0.444004446,956,5197.328887,3578.597813,11,,,,,,,,,,,,,956.00,,1295.00,,1894.00,2519.47,3191.74,3578.60,4092.30,4894.34,4523.68,4490.77,5197.33
商品房销售价格:住宅:山东:济南市,人民币/平方米,4853.018508,6830550.319,2613.532154,0.339379177,-1.33094867,0.538537438,1685,9718.222825,4155,19,,,,,,,1685.00,1800.00,1858.00,2068.00,2307.00,2831.00,2992.83,3318.90,3719.62,4155.00,4790.00,6099.73,6676.21,8061.97,7026.18,7159.71,7531.01,8408.97,9718.22
商品房销售价格:住宅:山东:青岛市,人民币/平方米,5328.973457,8201160.585,2863.766852,0.146883559,-1.47085448,0.537395593,1684,10051.65756,5104.940421,19,,,,,,,1684.00,1743.00,1831.00,2066.00,2297.00,2747.00,3593.70,4000.92,5104.94,4788.00,5383.00,6420.61,7171.37,9092.82,7986.86,7855.21,8436.59,8996.81,10051.66
商品房销售价格:住宅:山东:淄博市,人民币/平方米,3975.046224,2289544.523,1513.124094,-0.185979234,-1.735244777,0.380655723,1833,6035.842479,4308.056872,13,,,,,,,,,,,,,1833.00,2112.00,2201.00,2488.00,2848.00,3646.16,4308.06,4900.97,5000.00,5347.05,5394.21,5561.31,6035.84
商品房销售价格:住宅:山东:枣庄市,人民币/平方米,3114.167489,1066505.795,1032.717674,-0.499140769,-1.054139532,0.331619182,1322,4473.11917,3519.237557,13,,,,,,,,,,,,,1322.00,1587.00,2079.00,2275.00,2680.00,3061.05,3840.29,4287.14,3519.24,3756.31,3717.45,3886.57,4473.12
商品房销售价格:住宅:山东:东营市,人民币/平方米,3811.021903,1884036.518,1372.602098,-0.301333909,-1.747541429,0.360166415,1832,5379.675018,4086.340551,13,,,,,,,,,,,,,1832.00,1989.00,2224.00,2396.00,2905.00,3661.89,4086.34,4919.27,4796.37,4819.66,5379.68,5179.98,5354.11
商品房销售价格:住宅:山东:烟台市,人民币/平方米,4491.733519,1900182.403,1378.471038,-0.264435779,-1.659165209,0.306890654,2397,6241.60016,4833.713754,13,,,,,,,,,,,,,2397.00,2682.00,2942.00,3242.00,3748.00,3954.09,4833.71,5999.17,5358.62,5688.51,5624.32,5681.51,6241.60
商品房销售价格:住宅:山东:潍坊市,人民币/平方米,3235.380564,1190857.793,1091.264309,-0.138434413,-1.558711917,0.337290865,1634,4806.281366,3449.147012,13,,,,,,,,,,,,,1634.00,1816.00,2009.00,2310.00,2591.00,2803.81,3449.15,4480.08,3803.65,4008.53,4134.46,4214.00,4806.28
商品房销售价格:住宅:山东:济宁市,人民币/平方米,3173.921621,1036025.991,1017.85362,-0.284382996,-1.325358418,0.320692739,1517,4654.818982,3596.935585,13,,,,,,,,,,,,,1517.00,1786.00,2262.00,2183.00,2677.00,2823.58,3596.94,3971.75,3621.98,3949.90,4010.85,4206.16,4654.82
商品房销售价格:住宅:山东:泰安市,人民币/平方米,3665.372967,1773121.028,1331.585907,-0.25083945,-1.595806416,0.363287971,1789,5457.237592,4079.211603,13,,,,,,,,,,,,,1789.00,1850.00,2085.00,2298.00,2995.00,3411.74,4079.21,4827.32,4237.75,4829.68,4629.47,5160.43,5457.24
商品房销售价格:住宅:山东:威海市,人民币/平方米,3798.998336,1104063.35,1050.744189,-0.467778097,-0.88391597,0.276584535,1924,5293.886228,3971.131159,13,,,,,,,,,,,,,1924.00,2267.00,2834.00,2948.00,3422.00,3753.12,3971.13,4845.55,4381.41,4483.72,4504.20,4758.95,5293.89
商品房销售价格:住宅:山东:日照市,人民币/平方米,3858.103545,1413522.688,1188.916602,-0.26534826,-1.563067801,0.308160885,2001,5473.521664,4145.645646,13,,,,,,,,,,,,,2001.00,2320.00,2733.00,2606.00,3072.00,3626.72,4145.65,4522.28,5048.48,4811.46,4792.51,5002.74,5473.52
商品房销售价格:住宅:山东:莱芜市,人民币/平方米,3356.464705,2125229.849,1457.816809,-0.078479867,-1.725481242,0.434331041,1216,5262.184874,3020.20202,13,,,,,,,,,,,,,1216.00,1591.00,1975.00,1851.00,2476.00,3020.20,2942.77,5262.18,4157.97,4648.58,4703.57,4697.25,5092.51
商品房销售价格:住宅:山东:临沂市,人民币/平方米,3083.400224,1201070.214,1095.93349,-0.055859198,-1.585434869,0.355430178,1635,4769.892123,3154.955254,13,,,,,,,,,,,,,1659.00,1635.00,1824.00,2026.00,2385.00,2745.69,3154.96,3885.36,3740.10,4035.57,3980.69,4242.95,4769.89
商品房销售价格:住宅:山东:德州市,人民币/平方米,3005.014494,1313395.718,1146.03478,-0.090632455,-1.835600401,0.381374127,1522,4623.48702,3193.979933,13,,,,,,,,,,,,,1522.00,1620.00,1651.00,1962.00,2003.00,2579.34,3193.98,4147.04,3841.45,3889.45,3857.53,4174.91,4623.49
商品房销售价格:住宅:山东:聊城市,人民币/平方米,3121.397569,1352721.233,1163.065446,-0.357363943,-1.39590981,0.37261048,1277,4724.203782,3461.967344,13,,,,,,,,,,,,,1277.00,1488.00,1904.00,1985.00,2527.00,3018.50,3461.97,4106.09,3926.10,3924.15,3903.34,4332.81,4724.20
商品房销售价格:住宅:山东:滨州市,人民币/平方米,2652.205217,1099212.364,1048.43329,0.410139426,-1.114994007,0.395306247,1409,4521.405195,2770,13,,,,,,,,,,,,,1409.00,1579.00,1474.00,1734.00,1919.00,2023.53,2770.00,3027.34,2904.84,3315.41,3727.15,4073.98,4521.41
商品房销售价格:住宅:山东:菏泽市,人民币/平方米,2705.752741,620067.6136,787.4437209,-0.411923835,-1.494697078,0.29102575,1486,3650.53415,2955.785124,13,,,,,,,,,,,,,1615.00,1486.00,1676.00,2125.00,2349.00,2493.03,2955.79,3396.89,3151.89,3356.57,3434.19,3484.90,3650.53
商品房销售价格:住宅:河南:郑州市,人民币/平方米,4152.961995,5281667.379,2298.187847,0.568001952,-1.078864383,0.553385234,1467,8323.151895,3598,19,,,,,,,1467.00,1891.00,1880.00,1914.00,1955.00,2004.00,2386.52,2690.69,3328.18,3598.00,4057.00,4595.76,4691.16,5643.08,6586.83,6579.13,7222.55,8093.23,8323.15
商品房销售价格:住宅:河南:开封市,人民币/平方米,2894.01828,955187.059,977.3367173,-0.021961911,-0.881449821,0.337709241,1399,4625.438389,2986.820428,13,,,,,,,,,,,,,1399.00,1542.00,2153.00,1936.00,2279.00,2761.97,2986.82,3369.63,3621.02,3578.55,3517.77,3852.05,4625.44
商品房销售价格:住宅:河南:洛阳市,人民币/平方米,3203.749472,1059481.736,1029.311292,-0.160496211,-1.01996272,0.321283328,1527,4865.635089,3428.627221,13,,,,,,,,,,,,,1527.00,1800.00,2197.00,2471.00,2547.00,3024.91,3428.63,3729.86,3851.34,3831.61,3987.20,4387.56,4865.64
商品房销售价格:住宅:河南:平顶山市,人民币/平方米,2630.263813,1056950.765,1028.081108,0.016528531,-1.585342163,0.390866157,1196,4098.397403,2786.490683,13,,,,,,,,,,,,,1196.00,1472.00,1446.00,1702.00,1860.00,2268.98,2786.49,3126.67,3140.02,3358.76,3795.82,4098.40,3942.29
商品房销售价格:住宅:河南:安阳市,人民币/平方米,2458.268303,683924.4476,826.9972476,0.04478605,-1.616129339,0.336414559,1385,3670.374539,2661.59601,13,,,,,,,,,,,,,1385.00,1446.00,1519.00,1689.00,1887.00,2112.21,2661.60,2680.35,2938.72,3096.62,3458.69,3412.92,3670.37
商品房销售价格:住宅:河南:鹤壁市,人民币/平方米,2466.388753,886778.7069,941.6892836,0.049218313,-1.101691343,0.381808943,1123,4059.691542,2674.320287,13,,,,,,,,,,,,,1123.00,1222.00,1452.00,1653.00,1907.00,2344.92,2702.40,2937.81,2674.32,2985.12,3483.31,3518.47,4059.69
商品房销售价格:住宅:河南:新乡市,人民币/平方米,2539.57718,1117941.608,1057.327579,0.129170066,-1.608612943,0.416340006,1212,4144.90327,2559.16255,13,,,,,,,,,,,,,1242.00,1212.00,1390.00,1562.00,1824.00,2097.50,2559.16,2756.25,3158.13,3607.10,3722.22,3739.24,4144.90
商品房销售价格:住宅:河南:焦作市,人民币/平方米,2655.738965,1162334.092,1078.115992,-0.062980915,-0.818606508,0.405957064,965,4439.717386,2775.522388,13,,,,,,,,,,,,,965.00,1059.00,1669.00,2201.00,1959.00,2354.06,2775.52,3017.05,3224.46,3153.59,3768.74,3938.47,4439.72
商品房销售价格:住宅:河南:濮阳市,人民币/平方米,2724.410062,1053980.626,1026.635586,0.292883449,-0.996840647,0.376828584,1337,4582.838993,2683.018868,13,,,,,,,,,,,,,1337.00,1465.00,1672.00,2005.00,2065.00,2228.39,2683.02,3066.35,3484.01,3181.33,3656.75,3990.65,4582.84
商品房销售价格:住宅:河南:许昌市,人民币/平方米,2791.083224,1256776.114,1121.060264,0.059233655,-1.342009503,0.40165777,1237,4616.943165,2808.95367,13,,,,,,,,,,,,,1237.00,1324.00,1609.00,1794.00,2183.00,2471.96,2808.95,2985.24,3567.33,3936.16,3790.55,3959.94,4616.94
商品房销售价格:住宅:河南:漯河市,人民币/平方米,2499.23636,1072812.321,1035.766538,0.088529455,-1.583270087,0.414433206,1050,4016.778523,2234.947644,13,,,,,,,,,,,,,1050.00,1221.00,1479.00,1599.00,1922.00,2068.06,2234.95,2854.29,3336.73,3275.71,3758.75,3673.81,4016.78
商品房销售价格:住宅:河南:三门峡市,人民币/平方米,2361.128922,848448.819,921.1128155,-0.325840168,-1.619265474,0.390115426,1005,3491.531012,2443.287037,13,,,,,,,,,,,,,1005.00,1134.00,1221.00,1412.00,2099.00,2122.50,2443.29,2897.71,3150.54,3252.25,3243.99,3221.87,3491.53
商品房销售价格:住宅:河南:南阳市,人民币/平方米,2391.566567,719921.0441,848.4816109,-0.027098451,-1.693019373,0.354780679,1250,3578.838335,2575.30648,13,,,,,,,,,,,,,1250.00,1320.00,1424.00,1737.00,1742.00,1995.75,2575.31,2649.42,3009.77,3175.13,3200.22,3432.93,3578.84
商品房销售价格:住宅:河南:商丘市,人民币/平方米,2357.479776,777068.0238,881.5146192,0.075472879,-1.328369065,0.373922452,1035,3789.359577,2575.345668,13,,,,,,,,,,,,,1035.00,1390.00,1531.00,1499.00,1741.00,2000.00,2731.91,2615.20,2575.35,3106.50,3256.19,3376.73,3789.36
商品房销售价格:住宅:河南:信阳市,人民币/平方米,2481.083938,1002283.629,1001.141164,0.001090146,-1.78494413,0.40350959,1086,3906.01233,2568.8017,13,,,,,,,,,,,,,1086.00,1370.00,1486.00,1489.00,1707.00,1937.67,2568.80,2991.69,3214.31,3378.03,3490.78,3628.81,3906.01
商品房销售价格:住宅:河南:周口市,人民币/平方米,2224.245594,749673.4677,865.8368597,-0.136554836,-1.7488088,0.389272148,1047,3296.378202,2309.958971,13,,,,,,,,,,,,,1047.00,1093.00,1217.00,1371.00,1859.00,1815.15,2309.96,2554.25,2936.23,3082.74,3187.56,3145.93,3296.38
商品房销售价格:住宅:河南:驻马店市,人民币/平方米,2171.459448,711925.1535,843.7565724,0.422390898,-1.12681137,0.38856658,1158,3719.718578,2138.000402,13,,,,,,,,,,,,,1158.00,1318.00,1313.00,1404.00,1529.00,1651.00,2138.00,2412.46,2588.62,2785.36,2995.32,3216.49,3719.72
商品房销售价格:住宅:湖北:武汉市,人民币/平方米,4715.322214,8726572.752,2954.07731,0.914909976,0.194705538,0.626484718,1636,11453.47368,4515.759656,17,,,,,,,1722.00,1636.00,1745.00,1916.00,2023.00,2463.00,2986.20,3535.26,4515.76,4681.00,5199.00,5552.08,6768.20,6895.37,7249.65,,,9819.49,11453.47
商品房销售价格:住宅:湖北:黄石市,人民币/平方米,2484.666091,578239.7954,760.4208015,-0.178084596,-1.600914965,0.30604547,1472,3445.193142,2682,9,,,,,,,,,,,,,1472.00,1491.00,1905.00,2129.00,2682.00,2924.15,2942.06,3445.19,3371.59,,,,
商品房销售价格:住宅:湖北:十堰市,人民币/平方米,2616.233289,1007521.354,1003.753632,0.30694074,-1.272363213,0.383663657,1388,4083.43645,2417.284141,8,,,,,,,,,,,,,1388.00,1494.00,,2135.00,2236.00,2598.57,3179.23,3815.63,4083.44,,,,
商品房销售价格:住宅:湖北:宜昌市,人民币/平方米,3607.380279,1361995.33,1167.045556,-0.088659823,-0.589827634,0.323516088,1602,5606.159989,3816.199858,13,,,,,,,,,,,,,1602.00,2055.00,2529.00,2899.00,3002.00,3380.18,3816.20,4054.84,4197.13,4172.05,4544.92,5037.45,5606.16
商品房销售价格:住宅:湖北:襄阳市,人民币/平方米,2397.241945,979831.3115,989.8642894,0.503661708,-0.52185262,0.412917975,1102,4120.415768,2312,9,,,,,,,,,,,,,1102.00,1389.00,1700.00,2009.00,2312.00,2498.30,2939.79,3504.67,4120.42,,,,
商品房销售价格:住宅:湖北:鄂州市,人民币/平方米,2377.113118,815150.8629,902.8570556,-0.111124123,-1.539016741,0.379812407,1150,3625.85034,2577,9,,,,,,,,,,,,,1150.00,1250.00,1776.00,1843.00,2577.00,2903.59,2940.25,3625.85,3328.32,,,,
商品房销售价格:住宅:湖北:荆门市,人民币/平方米,2206.771388,785767.0651,886.4350315,0.260134821,-1.41429282,0.401688655,1109,3448.048275,2288,9,,,,,,,,,,,,,1109.00,1272.00,1402.00,1771.00,2288.00,2365.78,2792.59,3448.05,3412.53,,,,
商品房销售价格:住宅:湖北:孝感市,人民币/平方米,1846.2841,470847.431,686.1832343,0.43602843,-0.454399772,0.371656363,936,3041.971506,1816.896668,9,,,,,,,,,,,,,936.00,1111.00,1352.00,1625.00,2154.00,1985.28,2594.41,1816.90,3041.97,,,,
商品房销售价格:住宅:湖北:荆州市,人民币/平方米,2304.036003,1014692.019,1007.319224,0.142376412,-1.584303452,0.437197693,993,3708.363288,2373,9,,,,,,,,,,,,,993.00,1225.00,1496.00,1697.00,2373.00,2621.20,3081.14,3541.62,3708.36,,,,
商品房销售价格:住宅:湖北:黄冈市,人民币/平方米,1703.233317,672041.8128,819.781564,0.633019976,-1.210792597,0.481309023,793,2942.876866,1358,9,,,,,,,,,,,,,793.00,948.00,1031.00,1338.00,1358.00,1747.30,2287.43,2942.88,2883.49,,,,
商品房销售价格:住宅:湖北:咸宁市,人民币/平方米,1928.315467,860100.5562,927.4160642,0.15056261,-1.537812025,0.480946235,732,3204.109086,1882.782799,10,,,,,,,,,,,,,732.00,858.00,1106.00,1300.00,1723.00,2042.57,2476.18,2655.41,3204.11,,,,3185.89
商品房销售价格:住宅:湖北:随州市,人民币/平方米,2003.738679,906888.3476,952.3068558,0.283008418,-1.34667792,0.475264996,801,3472.931563,2025,9,,,,,,,,,,,,,801.00,991.00,1312.00,1384.00,2025.00,2236.35,2705.42,3105.95,3472.93,,,,
商品房销售价格:住宅:湖南:长沙市,人民币/平方米,3702.391258,3624860.113,1903.90654,0.362385213,-1.408148631,0.514236991,1567,7280.43,3191.02401,19,,,,,,,1567.00,1796.00,1736.00,1649.00,1786.00,1775.00,2088.78,2430.68,3191.02,3165.00,3533.00,4322.17,5484.18,5602.51,5771.41,5453.04,5557.20,6157.01,7280.43
商品房销售价格:住宅:湖南:株洲市,人民币/平方米,2996.19591,1270416.267,1127.12744,-0.229584472,-1.461399142,0.376186162,1243,4696.88,3414.830157,13,,,,,,,,,,,,,1243.00,1598.00,1796.00,1850.00,2266.00,2783.69,3414.83,3610.98,3957.21,3949.83,3884.57,3899.55,4696.88
商品房销售价格:住宅:湖南:湘潭市,人民币/平方米,2836.481284,1303555.016,1141.733338,-0.219456961,-1.267680732,0.402517494,1061,4633.89,3233.990686,13,,,,,,,,,,,,,1061.00,1334.00,1561.00,1766.00,2202.00,2751.99,3233.99,3280.55,3652.41,3694.24,3819.20,3883.99,4633.89
商品房销售价格:住宅:湖南:衡阳市,人民币/平方米,2444.561035,991626.3653,995.804381,-0.08991184,-1.344922852,0.40735509,999,3974.22,2643.201789,13,,,,,,,,,,,,,999.00,1055.00,1384.00,1625.00,1898.00,2191.77,2671.51,2643.20,3049.22,3448.82,3339.67,3499.88,3974.22
商品房销售价格:住宅:湖南:邵阳市,人民币/平方米,2122.851805,788807.8265,888.1485385,-0.124741567,-1.564267884,0.418375195,864,3470.56,2296.4563,13,,,,,,,,,,,,,864.00,951.00,1120.00,1349.00,1553.00,1794.68,2296.46,2656.93,2863.48,2802.21,2922.62,2953.14,3470.56
商品房销售价格:住宅:湖南:岳阳市,人民币/平方米,2557.597165,1530052.991,1236.953108,0.212698593,-0.963883298,0.483638755,917,4817.69,2596.121857,13,,,,,,,,,,,,,921.00,917.00,1299.00,1604.00,1669.00,2199.81,2596.12,3068.29,3151.53,3354.85,3765.63,3884.84,4817.69
商品房销售价格:住宅:湖南:常德市,人民币/平方米,2756.428899,1577212.035,1255.871027,0.142402361,-1.474773318,0.455615245,1018,4785.72,2745.894274,13,,,,,,,,,,,,,1018.00,1260.00,1549.00,1711.00,1852.00,2099.93,2745.89,3149.42,3602.47,3779.54,4141.68,4138.92,4785.72
商品房销售价格:住宅:湖南:张家界市,人民币/平方米,2516.68111,1088442.731,1043.284588,0.055598229,-1.621601077,0.414547788,1116,4039.14,2632.018696,13,,,,,,,,,,,,,1116.00,1266.00,1302.00,1735.00,1826.00,1917.94,2632.02,2856.54,3141.16,3774.72,3419.20,3691.13,4039.14
商品房销售价格:住宅:湖南:益阳市,人民币/平方米,2180.755792,883880.9625,940.1494363,-0.169218051,-1.15535429,0.431111746,772,3683.89,2441.682876,13,,,,,,,,,,,,,772.00,817.00,1181.00,1430.00,1650.00,2019.05,2441.68,2743.98,2848.13,2740.75,2778.49,3243.85,3683.89
商品房销售价格:住宅:湖南:郴州市,人民币/平方米,2400.89908,932916.7659,965.8761649,-0.162068809,-1.664596728,0.402297695,938,3737.33,2625.025468,13,,,,,,,,,,,,,938.00,1224.00,1406.00,1574.00,1585.00,2107.14,2625.03,2834.02,3364.07,3225.04,3221.98,3370.08,3737.33
商品房销售价格:住宅:湖南:永州市,人民币/平方米,1951.222509,862318.1047,928.6108467,0.235635217,-1.399308699,0.475912328,825,3491.71,1910.610005,13,,,,,,,,,,,,,825.00,832.00,997.00,1065.00,1252.00,1603.55,1910.61,2299.54,2354.21,2694.90,2910.25,3130.12,3491.71
商品房销售价格:住宅:湖南:怀化市,人民币/平方米,2050.369808,953001.1369,976.2177712,0.143094441,-1.478863224,0.476117902,753,3643.57,1987.106049,13,,,,,,,,,,,,,871.00,753.00,1054.00,1162.00,1392.00,1623.35,1987.11,2382.75,2737.92,2953.20,2914.74,3180.17,3643.57
商品房销售价格:住宅:湖南:娄底市,人民币/平方米,2086.750128,731223.5504,855.1161034,0.314609824,-0.579625552,0.409783659,842,3739.44,2002.692318,13,,,,,,,,,,,,,842.00,1088.00,1176.00,1465.00,1669.00,1764.67,2002.69,2368.05,2681.31,2586.85,2675.00,3069.74,3739.44
商品房销售价格:住宅:广东:广州市,人民币/平方米,9056.34211,22168348.04,4708.327521,0.387333328,-1.232522535,0.519892851,3946,17684.82238,8781,19,,,,,,,3946.00,3978.00,4047.00,3995.00,3999.00,4356.00,5041.21,6152.17,8439.06,8781.00,8988.00,10614.64,10925.84,12000.88,13954.25,14738.55,14083.28,16345.79,17684.82
商品房销售价格:住宅:广东:韶关市,人民币/平方米,3138.09679,1463821.665,1209.88498,-0.317552721,-1.051955348,0.385547375,1160,5042.069899,3463.701408,13,,,,,,,,,,,,,1160.00,1392.00,1895.00,2128.00,2523.00,3124.89,3463.70,3761.61,4178.08,3984.93,4050.23,4091.76,5042.07
商品房销售价格:住宅:广东:深圳市,人民币/平方米,17046.9593,177665633.8,13329.12727,1.281557968,0.978250267,0.781906441,5004,48622.09249,13369.63471,19,,,,,,,5004.00,5275.00,5507.00,5267.00,5793.00,6385.00,6996.28,8848.04,13369.63,12823.00,14389.00,18953.60,21037.05,18995.92,23427.42,24040.27,33661.36,45497.55,48622.09
商品房销售价格:住宅:广东:珠海市,人民币/平方米,10647.92856,25525917.78,5052.31806,0.6895818,0.142488474,0.474488351,3780,20971.64443,10667.99268,13,,,,,,,,,,,,,3780.00,4632.00,6454.00,6920.00,7370.00,10516.33,11904.80,10667.99,11172.28,11616.59,14030.94,18386.49,20971.64
商品房销售价格:住宅:广东:汕头市,人民币/平方米,5150.864325,5017447.363,2239.965929,0.362223829,-1.050705222,0.434871856,2350,9335.040843,4789.822722,13,,,,,,,,,,,,,2350.00,2519.00,3061.00,3125.00,3504.00,4159.47,4789.82,5878.88,6993.11,6540.74,7149.31,7555.87,9335.04
商品房销售价格:住宅:广东:佛山市,人民币/平方米,7286.920577,5635034.833,2373.822831,-0.26805206,-0.520588218,0.325764883,3218,11375.33736,7957.721899,13,,,,,,,,,,,,,3218.00,3760.00,5275.00,5366.00,6204.00,7648.07,8206.81,7957.72,8837.10,8728.34,8491.61,9661.98,11375.34
商品房销售价格:住宅:广东:江门市,人民币/平方米,4578.938581,2833356.482,1683.257699,-0.371460214,-0.963848324,0.367608709,1847,7234.828869,5320.771093,13,,,,,,,,,,,,,1847.00,1989.00,2967.00,3159.00,3708.00,4638.00,5320.77,5443.88,5867.69,5763.54,5588.14,5999.36,7234.83
商品房销售价格:住宅:广东:湛江市,人民币/平方米,4280.3041,2714162.352,1647.471503,-0.102716229,-1.053135966,0.384895901,1942,7092.032815,4766.122566,13,,,,,,,,,,,,,1942.00,1961.00,2380.00,2701.00,3760.00,3899.93,4766.12,4996.75,5356.45,5395.45,5438.03,5955.20,7092.03
商品房销售价格:住宅:广东:茂名市,人民币/平方米,3355.071405,2172622.483,1473.981846,0.304544685,-1.056092655,0.439329501,1451,6048.976153,3519.617016,13,,,,,,,,,,,,,1646.00,1451.00,1943.00,1947.00,2246.00,2751.61,3519.62,3746.51,4224.50,4304.26,4643.71,5143.75,6048.98
商品房销售价格:住宅:广东:肇庆市,人民币/平方米,3874.906965,1391929.426,1179.800587,-0.277658912,-0.483087482,0.304471978,1799,5953.81036,4479.046963,13,,,,,,,,,,,,,1799.00,2227.00,2850.00,2856.00,3327.00,3905.94,4561.43,4479.05,4654.47,4589.74,4549.19,4621.16,5953.81
商品房销售价格:住宅:广东:惠州市,人民币/平方米,5247.910468,4232130.814,2057.214334,0.846113953,1.205273392,0.39200637,2226,9959.264677,5510.927447,13,,,,,,,,,,,,,2226.00,2840.00,3771.00,3930.00,4111.00,4816.74,5510.93,5662.44,5617.85,5828.84,6084.07,7864.70,9959.26
商品房销售价格:住宅:广东:梅州市,人民币/平方米,3080.265729,2430954.039,1559.151705,0.053871746,-1.57359557,0.506174415,1079,5578.338926,3051.70504,13,,,,,,,,,,,,,1079.00,1124.00,1365.00,1712.00,1823.00,2585.09,3051.71,3769.76,4393.83,4528.82,4386.89,4646.01,5578.34
商品房销售价格:住宅:广东:汕尾市,人民币/平方米,3257.12982,2295737.397,1515.169098,-0.161675321,-1.659945347,0.465185357,1280,5386.688877,3648.386219,13,,,,,,,,,,,,,1280.00,1323.00,1465.00,1485.00,2504.00,2854.90,3835.23,3648.39,4322.18,4821.79,4734.91,4681.61,5386.69
商品房销售价格:住宅:广东:河源市,人民币/平方米,3176.118096,1486483.404,1219.214257,-0.182965575,-1.495128354,0.383869308,1394,4959.943237,3419.822323,13,,,,,,,,,,,,,1394.00,1414.00,2135.00,2012.00,2413.00,2704.84,3419.82,3872.36,4375.91,4171.04,4097.47,4320.15,4959.94
商品房销售价格:住宅:广东:阳江市,人民币/平方米,3384.242217,1564394.759,1250.757674,-0.199195196,-1.343784813,0.369582788,1358,5265.824329,3474.975775,13,,,,,,,,,,,,,1358.00,1796.00,2044.00,2436.00,2641.00,3002.25,3474.98,4408.92,4522.73,4154.46,4373.45,4517.54,5265.82
商品房销售价格:住宅:广东:清远市,人民币/平方米,3924.090831,1782726.143,1335.187681,-0.094357643,-0.471648075,0.34025402,1706,6398.497028,4330.898959,13,,,,,,,,,,,,,1706.00,2130.00,2659.00,2742.00,3271.00,4063.95,4330.90,4408.01,4970.09,4833.18,4718.23,4782.33,6398.50
商品房销售价格:住宅:广东:东莞市,人民币/平方米,8114.997407,14887793.72,3858.470386,1.271211109,1.595108183,0.475474013,3671,17271.29573,7644.717205,13,,,,,,,,,,,,,3671.00,4138.00,5058.00,5412.00,5775.00,7111.09,7644.72,8099.61,8736.76,9155.82,9641.55,13780.12,17271.30
商品房销售价格:住宅:广东:中山市,人民币/平方米,5400.214883,4292063.496,2071.72959,1.425970389,3.504738052,0.383638362,2694,10851.95327,5300.225851,13,,,,,,,,,,,,,2694.00,2932.00,3940.00,4273.00,4546.00,5146.72,5825.03,5300.23,5798.90,5865.36,5766.31,7263.29,10851.95
商品房销售价格:住宅:广东:潮州市,人民币/平方米,3506.673007,2756362.4,1660.229623,-0.036115609,-1.676953075,0.473448656,1225,5764.588016,3529.964209,13,,,,,,,,,,,,,1225.00,1374.00,1731.00,2037.00,2286.00,3079.87,3529.96,3979.59,5141.68,4765.27,5161.14,5511.65,5764.59
商品房销售价格:住宅:广东:揭阳市,人民币/平方米,2846.376167,1775570.83,1332.505471,0.383779911,-0.50830545,0.46814103,909,5336.523326,2629.213962,13,,,,,,,,,,,,,909.00,1172.00,1689.00,1921.00,2092.00,2462.62,2629.21,3293.72,3457.23,3444.57,3826.77,4769.25,5336.52
商品房销售价格:住宅:广东:云浮市,人民币/平方米,3123.888244,1839987.265,1356.461303,-0.833300264,-0.225566557,0.434222096,277,4784.79079,3800.278671,13,,,,,,,,,,,,,277.00,1532.00,1678.00,2182.00,2547.00,3381.44,3800.28,4094.43,4467.26,3938.17,3849.06,4079.12,4784.79
商品房销售价格:住宅:广西:南宁市,人民币/平方米,4068.677417,3800733.789,1949.547073,0.333482189,-1.33548274,0.479159902,1582,7700.354827,3726,19,,,,,,,1582.00,1855.00,2035.00,2154.00,2169.00,2482.00,2387.66,2656.11,3273.38,3726.00,4463.00,4951.98,4995.92,5618.65,6154.56,6103.40,6229.48,6767.38,7700.35
商品房销售价格:住宅:广西:柳州市,人民币/平方米,4114.820717,3347384.597,1829.585909,0.293494044,-1.380109226,0.444633201,1848,7125.029582,3938.957476,13,,,,,,,,,,,,,1848.00,2004.00,2531.00,2725.00,2179.00,3562.07,3938.96,4292.94,4911.99,5865.21,6031.50,6477.99,7125.03
商品房销售价格:住宅:广西:桂林市,人民币/平方米,3567.700569,1329538.663,1153.056227,-0.129570375,-1.218337368,0.323193106,1800,5409.763194,3759.6634,13,,,,,,,,,,,,,1800.00,2033.00,2295.00,2637.00,2864.00,3459.31,3759.66,3975.44,4282.02,4498.68,4583.37,4782.87,5409.76
商品房销售价格:住宅:广西:梧州市,人民币/平方米,2719.050006,884067.8723,940.2488353,-0.148573607,-1.493018443,0.345800494,1310,3999.881327,2690.129192,13,,,,,,,,,,,,,1310.00,1455.00,1685.00,1934.00,2256.00,2475.92,2690.13,3146.02,3283.66,3645.53,3798.21,3668.30,3999.88
商品房销售价格:住宅:广西:北海市,人民币/平方米,3869.581959,2326055.799,1525.141239,-0.291365959,-0.730685019,0.394135918,1316,6368.466399,4277.387436,13,,,,,,,,,,,,,1316.00,1608.00,2369.00,2674.00,3224.00,4206.20,4462.51,4277.39,4466.39,6368.47,5108.40,4708.99,5515.23
商品房销售价格:住宅:广西:防城港市,人民币/平方米,2718.337324,1287925.97,1134.868261,-1.011299262,0.740883692,0.417486178,125,4041.22799,2790.329482,13,,,,,,,,,,,,,125.00,1440.00,1596.00,2382.00,2435.00,2660.47,2790.33,3227.22,3433.81,3746.00,3669.93,3791.41,4041.23
商品房销售价格:住宅:广西:钦州市,人民币/平方米,2799.788398,829466.225,910.7503637,-0.792684725,-0.840125098,0.32529257,1227,3807.062877,3229.682553,13,,,,,,,,,,,,,1227.00,1267.00,1764.00,2122.00,2653.00,2998.39,3229.68,3725.39,3315.15,3317.22,3427.01,3807.06,3544.33
商品房销售价格:住宅:广西:贵港市,人民币/平方米,3008.888108,1450121.921,1204.210082,0.397239215,-0.110671842,0.400217635,1326,5515.417897,3184.117737,13,,,,,,,,,,,,,1326.00,1552.00,1765.00,1939.00,2357.00,2798.79,3184.12,3295.67,3610.52,3909.56,3843.01,4019.45,5515.42
商品房销售价格:住宅:广西:玉林市,人民币/平方米,2682.002814,896306.9289,946.7348778,-0.032378574,-1.075618295,0.352995483,1347,4237.469225,2905.882784,13,,,,,,,,,,,,,1359.00,1347.00,1678.00,1764.00,2187.00,2697.32,2905.88,2980.15,3166.79,3235.59,3391.33,3916.50,4237.47
商品房销售价格:住宅:广西:百色市,人民币/平方米,2465.586667,1006097.929,1003.044331,-0.276213635,-0.777733965,0.406817714,643,3951.529723,2462.615517,12,,,,,,,,,,,,,643.00,1368.00,1495.00,,1934.00,2150.26,2178.20,2747.03,2977.73,3242.92,3302.66,3951.53,3596.70
商品房销售价格:住宅:广西:贺州市,人民币/平方米,1963.691164,810298.6986,900.1659283,0.627689321,-0.543735265,0.458405041,923,3741.478762,1781.2394,12,,,,,,,,,,,,,923.00,1142.24,1129.00,1019.00,1498.00,1831.05,1731.43,2233.74,2872.79,,2534.06,2908.50,3741.48
商品房销售价格:住宅:广西:河池市,人民币/平方米,2412.859785,1005760.532,1002.87613,0.053322987,-1.634324312,0.415637965,1151,3798.513789,2367.649329,13,,,,,,,,,,,,,1151.00,1182.00,1261.00,1378.00,1805.00,2182.04,2367.65,2718.65,2857.27,3798.51,3503.38,3516.89,3645.80
商品房销售价格:住宅:广西:来宾市,人民币/平方米,2022.324121,306230.2735,553.3807672,-0.642380418,-0.417873844,0.273636042,897,2678.429071,2150.289017,13,,,,,,,,,,,,,897.00,1595.00,1346.00,1539.00,1822.00,1975.64,2150.29,2678.43,2565.81,2325.93,2286.59,2448.62,2659.91
商品房销售价格:住宅:广西:崇左市,人民币/平方米,2185.630923,455075.7486,674.5930244,0.236326109,-0.247192887,0.308649103,1048,3408.180816,2228.883135,12,,,,,,,,,,,,,1048.00,1661.00,1515.00,1751.00,1819.00,2192.27,2362.13,2265.50,2419.85,2697.85,3087.79,,3408.18
商品房销售价格:住宅:海南:海口市,人民币/平方米,4972.364645,9015237.9,3002.538576,0.587592404,-0.650225523,0.603845211,1688,11695.74158,4435,19,,,,,,,1688.00,1982.00,1946.00,2049.00,1989.00,2215.00,2528.81,2673.28,3402.64,4435.00,5293.00,8069.10,6663.95,6516.64,7344.25,7477.64,7637.38,8868.49,11695.74
商品房销售价格:住宅:海南:三亚市,人民币/平方米,13348.17839,33033390.91,5747.468217,0.03176827,-0.769223527,0.430580717,3823,23410.42469,12727.31584,13,,,,,,,,,,,,,3823.00,6663.00,7006.00,10052.00,11154.00,17316.76,12727.32,11430.73,14245.14,19575.25,17997.25,18125.44,23410.42
商品房销售价格:住宅:重庆,人民币/平方米,2809.527517,3321354.201,1822.458285,0.598059169,-1.141858826,0.648670737,1016.89,6605.167342,2081.311207,23,,,1016.89,1018.00,1033.00,1161.00,1080.00,1077.00,1133.00,1277.00,1324.00,1573.00,1900.66,2081.31,2588.22,2640.00,3266.00,4040.44,4492.30,4804.79,5238.51,5094.00,5012.45,5162.39,6605.17
商品房销售价格:住宅:四川:成都市,人民币/平方米,4503.002485,5338718.328,2310.566668,0.058965748,-1.437072443,0.513116898,1608,8596.619181,4778,19,,,,,,,1615.00,1608.00,1648.00,1775.00,1908.00,2224.00,2870.44,3498.95,4198.28,4778.00,4864.00,5827.24,6311.14,6668.38,6710.95,6536.10,6549.79,7369.16,8596.62
商品房销售价格:住宅:四川:自贡市,人民币/平方米,3094.773349,1881703.008,1371.751803,-0.323021081,-1.417983271,0.443247905,944,4888.93559,3387.029579,13,,,,,,,,,,,,,944.00,1154.00,1551.00,1955.00,2429.00,2880.85,3387.03,3631.44,4086.52,4428.80,4446.93,4448.56,4888.94
商品房销售价格:住宅:四川:攀枝花市,人民币/平方米,3146.70195,1377786.915,1173.791683,-0.15448989,-1.812452914,0.373022835,1430,4641.780096,3302.018535,13,,,,,,,,,,,,,1430.00,1670.00,1969.00,2058.00,2585.00,2312.38,3302.02,4339.28,4641.78,4300.15,4014.71,3950.64,4334.16
商品房销售价格:住宅:四川:泸州市,人民币/平方米,2929.423462,1706672.636,1306.396814,-0.19020017,-1.521093413,0.445956971,938,4652.983916,3007.314037,13,,,,,,,,,,,,,938.00,1146.00,1583.00,1846.00,2088.00,2746.80,3007.31,3278.49,4100.94,4064.57,4263.47,4366.93,4652.98
商品房销售价格:住宅:四川:德阳市,人民币/平方米,3080.918024,1157697.172,1075.963369,-0.686120782,-0.875399574,0.349234663,1139,4496.280605,3736.648908,13,,,,,,,,,,,,,1139.00,1416.00,2001.00,2213.00,2674.00,3234.52,3778.88,3855.28,4496.28,3866.62,3736.65,3750.31,3890.40
商品房销售价格:住宅:四川:绵阳市,人民币/平方米,3260.916621,1318232.065,1148.142877,-0.621527181,-1.278014033,0.352092068,1343,4630.934814,3838.110188,13,,,,,,,,,,,,,1343.00,1558.00,1871.00,2276.00,2768.00,3431.80,3838.11,4116.63,4216.33,4239.03,4005.05,4098.02,4630.93
商品房销售价格:住宅:四川:广元市,人民币/平方米,3013.312361,1554956.656,1246.979012,-0.603505595,-1.4524,0.413823349,976,4256.670126,3646.235176,13,,,,,,,,,,,,,976.00,1160.00,1553.00,1961.00,2253.00,3175.89,3946.25,3646.24,4040.49,4256.67,4167.11,3969.71,4067.71
商品房销售价格:住宅:四川:遂宁市,人民币/平方米,2744.102008,1895252.803,1376.681809,-0.170429078,-1.858919389,0.501687548,838,4446.9262,2888.594604,13,,,,,,,,,,,,,838.00,942.00,1335.00,1367.00,1708.00,2265.44,2888.59,3713.59,3818.24,4446.93,4072.67,4078.74,4199.14
商品房销售价格:住宅:四川:内江市,人民币/平方米,2829.565781,1579248.452,1256.681524,-0.424108369,-1.596025425,0.44412522,904,4205.628336,3442.009414,13,,,,,,,,,,,,,904.00,1064.00,1277.00,1779.00,2100.00,2617.25,3442.01,3503.44,3963.75,4144.06,4032.59,3751.62,4205.63
商品房销售价格:住宅:四川:乐山市,人民币/平方米,3158.039237,1584982.329,1258.960813,-0.501528088,-1.373061718,0.398652682,1083,4741.214455,3862.291241,13,,,,,,,,,,,,,1083.00,1307.00,1805.00,2205.00,2280.00,3146.51,4072.94,4249.76,4332.76,3862.29,3975.49,3993.55,4741.21
商品房销售价格:住宅:四川:南充市,人民币/平方米,3039.775837,1587580.919,1259.992428,-0.558522545,-1.336053997,0.414501758,990,4492.682683,3746.9799,13,,,,,,,,,,,,,990.00,1132.00,1532.00,2099.00,2425.00,2941.34,3815.82,3746.98,3937.75,4293.17,4122.47,3988.88,4492.68
商品房销售价格:住宅:四川:眉山市,人民币/平方米,3036.7892,2043456.958,1429.495351,-0.148069945,-0.980111074,0.470725907,893,5501.865716,3463.217819,13,,,,,,,,,,,,,893.00,1061.00,1396.00,1727.00,2350.00,3054.88,3463.22,3731.17,4032.74,3982.11,3955.28,4329.99,5501.87
商品房销售价格:住宅:四川:宜宾市,人民币/平方米,3102.075117,1610908.921,1269.215869,-0.251350058,-1.600320455,0.409150591,1167,4681.635464,3279.711784,13,,,,,,,,,,,,,1167.00,1459.00,1638.00,1943.00,2370.00,2857.02,3279.71,3712.47,4083.66,4240.17,4558.72,4336.58,4681.64
商品房销售价格:住宅:四川:广安市,人民币/平方米,2613.935142,1807497.203,1344.431926,-0.304238512,-1.860436189,0.514332549,742,4017.748619,3039.939223,13,,,,,,,,,,,,,742.00,781.00,1090.00,1283.00,1594.00,2322.30,3039.94,3484.20,3931.51,4017.75,3850.20,3860.00,3985.26
商品房销售价格:住宅:四川:达州市,人民币/平方米,2970.62305,1977433.935,1406.212621,-0.31593792,-1.522507248,0.473372958,795,4749.826374,3227.206325,13,,,,,,,,,,,,,795.00,1007.00,1379.00,1798.00,2218.00,2671.80,3227.21,3662.98,4179.90,4291.16,4424.54,4213.69,4749.83
商品房销售价格:住宅:四川:雅安市,人民币/平方米,3168.579218,1700106.003,1303.881131,-0.256327637,-2.000927035,0.411503403,1413,4662.933556,4002.855783,13,,,,,,,,,,,,,1413.00,1561.00,1540.00,1934.00,2299.00,2389.78,4002.86,4079.32,4287.98,4153.96,4509.19,4358.51,4662.93
商品房销售价格:住宅:四川:巴中市,人民币/平方米,2432.036811,1343653.813,1159.160823,-0.331963675,-1.757276043,0.476621414,768,3673.733984,2904.536966,13,,,,,,,,,,,,,768.00,835.00,1056.00,1317.00,1714.00,2164.88,2904.54,2977.76,3673.73,3543.06,3608.34,3553.23,3500.94
商品房销售价格:住宅:四川:资阳市,人民币/平方米,2567.647476,1474106.363,1214.12782,-0.25344495,-1.77230407,0.472856119,809,3967.224922,2900.61316,13,,,,,,,,,,,,,809.00,953.00,1208.00,1487.00,1634.00,2262.31,2900.61,3286.58,3416.62,3824.27,3877.92,3752.88,3967.22
商品房销售价格:住宅:贵州:贵阳市,人民币/平方米,3231.274798,2702820.648,1644.025744,0.366157421,-1.19708139,0.508785494,1355,6518.613051,2866,19,,,,,,,1429.00,1406.00,1355.00,1471.00,1735.00,1643.00,1801.15,2137.57,2619.41,2866.00,3496.00,4232.57,4553.04,4452.30,4462.87,4888.80,4947.57,5379.33,6518.61
商品房销售价格:住宅:贵州:六盘水市,人民币/平方米,2520.471414,598029.3034,773.3235438,-0.543731434,-0.915020247,0.306817026,1059,3398.894226,2673.19722,12,,,,,,,,,,,,,1059.00,,1770.00,1788.00,1774.00,2317.49,2539.36,2807.03,3398.89,3109.10,3261.94,3065.74,3355.11
商品房销售价格:住宅:贵州:遵义市,人民币/平方米,2472.515236,1426183.93,1194.229429,-1.24311297,0.99003466,0.483001848,0,3542.054143,2955.271565,9,,,,,,,,,,,,,0.00,,1369.00,,1909.00,2394.00,2955.27,3376.52,3418.94,,,3287.85,3542.05
商品房销售价格:住宅:贵州:安顺市,人民币/平方米,2021.287555,548407.7428,740.545571,-0.079184205,-1.213228047,0.366373191,900,2992.651971,1928.88764,8,,,,,,,,,,,,,900.00,,1334.00,1655.00,1803.00,2054.78,2617.89,2812.99,2992.65,,,,
商品房销售价格:住宅:云南:昆明市,人民币/平方米,3140.545366,1469722.724,1212.321213,1.038736719,0.089797448,0.386022513,1790,5614.557327,2732.844905,15,,,,,,,1790.00,1985.00,2333.00,2127.00,2131.00,2437.00,2513.03,2732.84,2993.86,3499.00,3586.00,3407.96,4552.89,5405.03,5614.56,,,,
商品房销售价格:住宅:云南:曲靖市,人民币/平方米,2208.109523,360610.3714,600.5084274,-0.544233077,-1.159447962,0.271955907,1227,2867.298578,2349.496798,9,,,,,,,,,,,,,1227.00,1459.00,1862.00,2011.00,2708.00,2349.50,2583.35,2805.84,2867.30,,,,
商品房销售价格:住宅:云南:玉溪市,人民币/平方米,2636.233902,1039389.134,1019.504357,0.109655298,-1.772121349,0.38672758,1347,4111.587983,2633.800098,10,,,,,,,,,,,,,1557.00,1610.00,1347.00,1963.00,2185.00,3082.60,3144.31,3660.54,3701.30,,,,4111.59
商品房销售价格:住宅:云南:保山市,人民币/平方米,2755.921049,1340615.609,1157.849562,0.629925763,-0.412789134,0.420131615,1246,4700.460829,2513.624825,8,,,,,,,,,,,,,1246.00,1847.00,,2078.00,2333.00,2694.25,3066.76,4081.90,4700.46,,,,
商品房销售价格:住宅:云南:昭通市,人民币/平方米,1909.926778,675176.8707,821.6914693,0.080246083,-1.749306168,0.430221451,848,2955.05618,1851,9,,,,,,,,,,,,,848.00,972.00,1390.00,1334.00,1851.00,2283.25,2620.37,2935.66,2955.06,,,,
商品房销售价格:住宅:云南:丽江市,人民币/平方米,2462.107043,553324.4562,743.8578199,0.870406671,0.631340105,0.302122453,1609,3865.932048,2368.613636,8,,,,,,,,,,,,,1609.00,1692.00,2086.00,,2427.00,2310.23,2619.05,3087.65,3865.93,,,,
商品房销售价格:住宅:云南:普洱市,人民币/平方米,1886.99396,487469.0777,698.1898579,0.328424314,-0.970842382,0.370001109,1073,3047.864349,1884.398496,9,,,,,,,,,,,,,1110.00,1179.00,1073.00,1782.00,1902.00,1884.40,2412.87,2591.81,3047.86,,,,
商品房销售价格:住宅:云南:临沧市,人民币/平方米,1780.66739,425105.9812,652.0015193,0.116387942,-1.544198449,0.366155703,921,2755.687072,1716,9,,,,,,,,,,,,,921.00,1219.00,1092.00,1716.00,1454.00,2171.66,2267.18,2429.49,2755.69,,,,
商品房销售价格:住宅:西藏:拉萨,人民币/平方米,2924.240891,617771.4205,785.984364,-0.674847168,0.598907455,0.268782359,1546,3953.488372,3010.869565,7,,,,,,,,,,,,,,1546.00,2704.00,,2453.00,3315.32,3487.01,3010.87,3953.49,,,,
商品房销售价格:住宅:陕西:西安市,人民币/平方米,4038.278199,4427791.134,2104.231721,0.326441537,-1.195601676,0.52107151,1135,8117.740665,3749,19,,,,,,,1135.00,1451.00,1849.00,1930.00,1921.00,2394.00,2686.20,3072.83,3215.45,3768.00,3749.00,4341.32,5813.74,6203.85,6411.77,6086.33,6220.32,6360.74,8117.74
商品房销售价格:住宅:陕西:铜川市,人民币/平方米,2233.295908,842353.2325,917.7980347,-0.53840722,-1.621961063,0.410961231,768,3174.257253,2787.3,13,,,,,,,,,,,,,768.00,1121.00,1112.00,1122.00,1772.00,2284.09,2820.60,3077.38,2912.40,3062.06,2787.30,3019.76,3174.26
商品房销售价格:住宅:陕西:宝鸡市,人民币/平方米,2676.157732,879510.7885,937.8223651,-0.569679192,-1.38933109,0.350436132,1166,3796.023304,3091.51864,13,,,,,,,,,,,,,1166.00,1492.00,1447.00,1566.00,2553.00,2711.33,3164.01,3091.52,3410.88,3304.48,3600.66,3487.15,3796.02
商品房销售价格:住宅:陕西:咸阳市,人民币/平方米,3238.228271,926213.3036,962.3997629,-0.426846718,-1.621401169,0.297199481,1690,4262.05,3761.289073,13,,,,,,,,,,,,,1690.00,2092.00,1985.00,2363.00,2720.00,2974.89,3769.36,3761.29,4088.69,4181.58,4262.05,4030.20,4178.90
商品房销售价格:住宅:陕西:渭南市,人民币/平方米,2246.260802,641055.2369,800.6592514,-0.081310983,-2.108072447,0.356440913,1268,3291.609775,2486.819773,13,,,,,,,,,,,,,1268.00,1375.00,1325.00,1548.00,1483.00,1636.43,2486.82,2896.98,2998.54,2951.69,2961.17,2979.15,3291.61
商品房销售价格:住宅:陕西:延安市,人民币/平方米,2689.954874,687317.4735,829.0461227,-0.227729798,-1.646044919,0.308200755,1473,3733.404465,2937.93,13,,,,,,,,,,,,,1996.00,1473.00,1796.00,1682.00,1798.00,2801.98,3733.40,3235.95,3015.46,2937.93,3709.26,3203.01,3587.42
商品房销售价格:住宅:陕西:汉中市,人民币/平方米,2435.195516,587704.2305,766.6186995,-0.689443297,-1.099624182,0.314807864,1145,3344.142196,2791.519335,13,,,,,,,,,,,,,1145.00,1262.00,1446.00,2308.00,1822.00,2500.63,2847.48,2791.52,3072.78,2966.68,3031.00,3120.31,3344.14
商品房销售价格:住宅:陕西:榆林市,人民币/平方米,3544.950948,1603278.059,1266.206168,-0.250910383,-1.442146042,0.357185808,1695,5204.192598,3665.484634,13,,,,,,,,,,,,,1863.00,1695.00,1990.00,2237.00,3066.00,3665.48,4430.16,3557.43,4020.33,4552.50,4622.01,5181.26,5204.19
商品房销售价格:住宅:陕西:安康市,人民币/平方米,2542.073105,816529.3955,903.6201611,-0.399876984,-1.701217893,0.355465844,1164,3713.9448,3097.118846,13,,,,,,,,,,,,,1164.00,1387.00,1462.00,1718.00,1754.00,2572.76,3178.54,3097.12,3310.03,3192.55,3250.21,3246.80,3713.94
商品房销售价格:住宅:陕西:商洛市,人民币/平方米,2215.706206,526199.3414,725.3959894,-0.470683102,-1.752996412,0.327388165,1167,3005.522702,2617.31,13,,,,,,,,,,,,,1274.00,1167.00,1280.00,1394.00,1744.00,2321.88,2636.21,2865.48,2751.46,2617.31,2817.52,2929.80,3005.52
商品房销售价格:住宅:甘肃:兰州市,人民币/平方米,3541.969072,3257936.977,1804.975617,0.451282719,-1.185039903,0.509596662,1481,6965.155079,3062,19,,,,,,,1533.00,1558.00,1601.00,1481.00,1673.00,2084.00,2339.23,2514.68,2919.62,3062.00,3499.00,4063.83,4050.42,5130.45,5196.24,5664.75,5945.15,6016.89,6965.16
商品房销售价格:住宅:甘肃:嘉峪关市,人民币/平方米,2440.358108,1075620.91,1037.121454,-0.352775168,-1.781733777,0.424987403,962,3619.678657,2633.956386,13,,,,,,,,,,,,,962.00,1028.00,1232.00,1488.00,1521.00,2633.96,2593.12,3098.08,3310.01,3461.68,3619.68,3517.06,3260.07
商品房销售价格:住宅:甘肃:金昌市,人民币/平方米,2103.56914,777401.6327,881.7038237,0.004440877,-1.21656114,0.419146586,845,3358.429685,2146.50541,13,,,,,,,,,,,,,943.00,1006.00,1546.00,845.00,2142.00,1626.78,2146.51,2318.57,2148.26,2820.81,3294.18,3150.86,3358.43
商品房销售价格:住宅:甘肃:白银市,人民币/平方米,2634.963421,1500445.286,1224.926645,-0.163679647,-1.199152851,0.46487425,832,4413.40735,2981.534557,13,,,,,,,,,,,,,899.00,832.00,1294.00,1460.00,2125.00,2514.66,3176.01,2981.53,3380.13,3321.25,3517.66,4413.41,4339.87
商品房销售价格:住宅:甘肃:天水市,人民币/平方米,3112.880235,1622608.894,1273.816664,0.421945922,-0.69417941,0.409208376,1430,5572.837346,3160.809522,13,,,,,,,,,,,,,1543.00,1430.00,2156.00,2051.00,2331.00,2241.77,3974.34,3160.81,3509.14,4032.55,3755.19,4709.79,5572.84
商品房销售价格:住宅:甘肃:武威市,人民币/平方米,2512.226138,1304565.974,1142.175982,0.089758518,-1.325408007,0.454646962,1059,4532.537095,3106.063455,13,,,,,,,,,,,,,1076.00,1597.00,1313.00,1059.00,1954.00,1444.44,3298.50,3106.06,3153.13,3186.80,3505.05,3433.42,4532.54
商品房销售价格:住宅:甘肃:张掖市,人民币/平方米,2347.623679,613361.9689,783.1742902,-0.542422931,-1.29793098,0.333602995,1012,3335.054538,2610.552397,13,,,,,,,,,,,,,1012.00,1324.00,1357.00,1705.00,1883.00,2607.14,2780.64,2610.55,2881.25,2877.92,3042.70,3102.85,3335.05
商品房销售价格:住宅:甘肃:平凉市,人民币/平方米,2406.465612,1181195.858,1086.828348,-0.207531509,-2.184128282,0.451628456,1059,3553.243137,3127.169577,13,,,,,,,,,,,,,1059.00,1504.00,1150.00,1068.00,1592.00,1395.16,3345.34,3127.17,3349.30,3553.24,3536.37,3274.54,3329.93
商品房销售价格:住宅:甘肃:酒泉市,人民币/平方米,2501.84228,1007516.663,1003.751295,-0.348844565,-1.470199867,0.401204865,927,3704.446978,2679.626466,13,,,,,,,,,,,,,927.00,1014.00,1547.00,1652.00,1883.00,2310.78,3046.21,2679.63,3346.53,3319.19,3514.34,3579.83,3704.45
商品房销售价格:住宅:甘肃:庆阳市,人民币/平方米,2860.180736,1046716.872,1023.09182,-0.55722027,-1.488321401,0.357701808,1161,3880.45072,3408.303403,13,,,,,,,,,,,,,1161.00,1449.00,1652.00,1961.00,2195.00,3000.00,3431.93,3701.25,3880.45,3408.30,3836.97,3633.03,3872.41
商品房销售价格:住宅:甘肃:定西市,人民币/平方米,2379.012756,962182.7943,980.9091672,-0.179380536,-1.527294384,0.412317742,896,3710.081044,2501.420806,13,,,,,,,,,,,,,896.00,1066.00,1416.00,1397.00,1911.00,2070.18,2501.42,2744.02,3099.83,3267.44,3382.56,3465.65,3710.08
商品房销售价格:住宅:甘肃:陇南市,人民币/平方米,2340.091326,1005128.412,1002.560927,0.468059381,-0.55966709,0.42842812,921,4355.705048,2068.746488,13,,,,,,,,,,,,,921.00,1415.00,1545.00,1579.00,1389.00,1878.05,2068.75,2716.01,3243.95,3098.51,3004.10,3207.11,4355.71
商品房销售价格:住宅:青海:西宁市,人民币/平方米,2916.602922,2307129.387,1518.923759,0.482507237,-1.148417094,0.520785242,1262,5889.99705,2811,19,,,,,,,1262.00,1289.00,1263.00,1302.00,1499.00,1536.00,1727.02,1940.32,2313.05,2817.00,2811.00,3196.32,3437.43,4336.46,4380.35,4806.52,4602.31,5006.68,5890.00
商品房销售价格:住宅:宁夏:银川市,人民币/平方米,2969.0748,1579838.896,1256.916424,0.15345201,-1.718979463,0.423336059,1342,4892.272265,2592,19,,,,,,,1342.00,1345.00,1540.00,1889.00,1728.00,1923.00,2029.85,2184.99,2229.53,2592.00,3219.00,3749.67,3979.62,4187.26,4523.54,4111.27,4498.08,4448.34,4892.27
商品房销售价格:住宅:宁夏:石嘴山市,人民币/平方米,2209.107467,321793.2549,567.268239,-0.444451068,-1.546333628,0.256786167,1284,2838.108861,2506.30206,13,,,,,,,,,,,,,1284.00,1435.00,1622.00,1637.00,1902.00,2102.89,2664.74,2838.11,2661.29,2779.10,2768.34,2506.30,2517.63
商品房销售价格:住宅:宁夏:吴忠市,人民币/平方米,2573.195993,784157.3387,885.5265884,-0.707856855,-1.222919285,0.344134917,1064,3446.418347,2954.662147,13,,,,,,,,,,,,,1064.00,1267.00,1434.00,1830.00,2292.00,2734.71,2954.66,3221.19,3361.64,3370.58,3203.40,3271.94,3446.42
商品房销售价格:住宅:宁夏:固原市,人民币/平方米,2265.432695,779565.839,882.9302571,-0.454133047,-1.503516161,0.389740229,907,3365.01293,2647.250854,13,,,,,,,,,,,,,1050.00,907.00,1086.00,1553.00,1788.00,2188.10,2647.25,2815.48,3025.12,2999.62,2948.67,3077.37,3365.01
商品房销售价格:住宅:宁夏:中卫市,人民币/平方米,2449.875494,805898.0179,897.7182286,-0.116449371,-1.601062256,0.366434225,1205,3584.551861,2451.262996,13,,,,,,,,,,,,,1205.00,1265.00,1357.00,1657.00,2113.00,2104.88,2451.26,2765.29,3257.29,3077.75,3481.24,3529.11,3584.55
商品房销售价格:住宅:新疆:乌鲁木齐市,人民币/平方米,3055.088944,2393912.991,1547.227517,0.767559492,-1.090515151,0.506442708,1609,5742.525858,2274.704947,16,,,,,,,1609.00,1627.00,1771.00,1828.00,1864.00,1797.00,1920.37,2020.94,2528.47,3031.00,3285.00,4181.49,4898.43,5110.57,5742.53,5666.63,,,
商品房销售价格:住宅:新疆:克拉玛依市,人民币/平方米,2205.050556,566207.7093,752.4677463,0.00311658,-2.044693366,0.34124739,1303,3201.112331,2439.63964,9,,,,,,,,,,,,,1303.00,1535.00,1529.00,1431.00,,2439.64,2622.41,2741.74,3042.54,3201.11,,,
