"点击这里以选择指标，然后再点击""更新""或""下载编辑""按钮更新或新增及移除数列",单位,平均,方差,标准差,偏度,峰度,变异系数,最小,最大,中位数,观测次数,1978,1979,1980,1981,1982,1983,1984,1985,1986,1987,1988,1989,1990,1991,1992,1993,1994,1995,1996,1997,1998,1999,2000,2001,2002,2003,2004,2005,2006,2007,2008,2009,2010,2011,2012,2013,2014,2015,2016,2017,2018
工业总产值:地级市合计,百万人民币,44118652.49,1.45274E+15,38114867.13,0.651487934,-1.122850974,0.8639173,6166887.99,109930108,30890735.85,19,,,,,,,,,,,,,,,,,,,6166887.99,6429932.77,,6871698.83,8269218.58,9248969.76,10823052.85,13963249.83,18461297.46,24488955.35,30890735.85,39278682.02,48702819.56,53363176.40,68191889.54,82111474.33,90289142.39,100892661.39,109880444.33,109930108.00,,,
工业总产值:北京,百万人民币,637119.9212,4.36067E+11,660353.6984,0.817475762,-0.916567392,1.036466882,27620,1890107.08,305605,34,,,,,,,27620.00,32420.00,33650.00,38760.00,49560.00,60270.00,62590.00,73020.00,86000.00,116660.00,157660.00,149330.00,159060.00,181970.00,194700.00,218350.00,284200.00,327010.00,362020.00,441080.00,573325.00,694620.00,820999.68,964838.00,1041309.00,1103912.91,1369983.88,1451362.81,1559621.23,1737088.00,1845289.84,1744962.69,1808727.20,1890107.08,
工业总产值:天津,百万人民币,833706.3561,9.33452E+11,966153.0331,1.144097703,-0.187740346,1.1588649,35113,2824213.05,294040,31,,,,,,,,,35113.00,40551.00,52386.00,63522.00,67993.00,76440.00,99791.00,140484.00,183809.00,209401.00,166626.00,178235.00,206851.00,226455.00,260638.00,294040.00,332312.00,404961.00,585372.00,677410.00,852770.00,1007507.00,1250325.00,1308363.00,1675181.55,2086274.43,2342750.26,2651451.00,2803502.75,2824213.05,2740169.00,,
工业总产值:河北:石家庄,百万人民币,403929.7312,1.14203E+11,337939.5663,0.546028231,-1.357199239,0.836629592,54487.87,964478.77,292719.215,20,,,,,,,,,,,,,,,,,,,54487.87,62229.91,,68857.68,78142.59,86086.72,97245.26,119815.05,158304.58,201558.26,256065.57,329372.86,410378.67,446353.87,565534.23,726056.45,764314.57,846023.00,902241.26,941047.45,964478.77,,
工业总产值:河北:唐山,百万人民币,477021.527,1.60385E+11,400481.086,0.32489212,-1.67818238,0.839545101,48151.06,1054514,356774.155,20,,,,,,,,,,,,,,,,,,,48151.06,53821.17,,52403.42,59446.55,68142.84,81101.12,121391.75,181320.11,273801.34,329239.42,384308.89,579571.23,581916.38,754503.31,957367.46,996284.24,1054514.00,1033746.48,932631.53,996768.24,,
工业总产值:河北:秦皇岛市,百万人民币,76998.18245,3095761952,55639.57181,0.219211132,-1.702173461,0.722608899,14041.58,155848.53,67764.805,20,,,,,,,,,,,,,,,,,,,14041.58,15267.78,,14892.20,16543.98,17210.41,20923.01,26647.29,41337.49,49453.01,57098.82,78430.79,100430.77,91055.99,113154.65,141206.33,150080.77,151535.00,155848.53,140916.38,143888.87,,
工业总产值:河北:邯郸市,百万人民币,246845.8674,42684528880,206602.3448,0.296682961,-1.756098269,0.836969025,27965.04,539375.5,184129.345,20,,,,,,,,,,,,,,,,,,,33540.13,36814.77,,27965.04,31690.52,35679.07,41929.13,55946.11,83055.62,126528.95,155267.43,212991.26,307702.77,316441.89,410732.43,509523.87,539375.50,510336.00,519374.35,476515.27,505507.24,,
工业总产值:河北:邢台市,百万人民币,127674.9681,10413911653,102048.575,0.449124412,-1.466184357,0.799284124,20233.81,293365.05,100934.08,20,,,,,,,,,,,,,,,,,,,20233.81,22890.75,,21881.40,24150.70,26287.06,29029.77,37662.64,59644.09,70616.88,89063.64,112804.52,141448.37,142015.44,176459.68,225489.66,248552.89,269574.00,272035.61,270293.40,293365.05,,
工业总产值:河北:保定市,百万人民币,193977.6787,29221955502,170944.3053,0.57412323,-1.421899902,0.881257609,23853.81,472150.14,124466.865,20,,,,,,,,,,,,,,,,,,,23853.81,27167.46,,28253.33,31848.94,34503.13,40637.70,51449.19,74326.29,94673.39,111863.64,137070.09,170633.45,207646.68,287486.35,362785.33,411355.20,441971.00,457854.66,412023.79,472150.14,,
工业总产值:河北:张家口市,百万人民币,64013.99385,2266677783,47609.6396,0.475713982,-1.467051734,0.743737997,14446.28,140190.52,48717.22,20,,,,,,,,,,,,,,,,,,,15955.72,17164.49,,14446.28,15151.67,16919.35,18244.57,22186.85,34252.11,36630.54,42275.82,55158.62,68911.92,68420.59,89348.36,111220.60,119954.31,133556.00,140190.52,134633.22,125658.34,,
工业总产值:河北:承德市,百万人民币,81971.6998,4900097200,70000.69428,0.353345869,-1.670072859,0.853961726,9169.49,184930,60335.025,20,,,,,,,,,,,,,,,,,,,9169.49,10681.15,,9709.97,10520.37,11530.12,13246.10,18337.40,30052.47,38546.62,48931.96,71738.09,107612.80,98784.49,120352.10,161114.41,170656.72,184930.00,179551.30,169580.10,174388.34,,
工业总产值:河北:沧州市,百万人民币,219581.6631,45709233011,213797.1773,0.711191462,-1.109640697,0.97365679,18725.23,578918.27,145194.8,20,,,,,,,,,,,,,,,,,,,18725.23,20399.18,,20201.11,25428.25,24970.00,28872.56,37070.30,52607.87,102204.57,129604.19,160785.41,201324.18,219059.56,281739.13,370735.50,450681.71,531169.00,568048.36,578918.27,569088.88,,
工业总产值:河北:廊坊市,百万人民币,150476.7468,19989570436,141384.4774,0.578609529,-1.375918305,0.939576914,11449.6,379187.13,97834.475,20,,,,,,,,,,,,,,,,,,,11449.60,13299.68,,12256.36,15520.50,19792.90,22792.47,31037.30,47396.99,61682.06,83604.74,112064.21,144499.83,164568.22,216938.12,278800.48,316831.22,344356.00,364127.10,369330.03,379187.13,,
工业总产值:河北:衡水市,百万人民币,78953.27358,3722541667,61012.6353,0.668860858,-1.200827505,0.772768912,16025.08,179328.8,50752.78,19,,,,,,,,,,,,,,,,,,,16025.08,17743.39,,18666.61,21124.92,,25705.01,29778.31,38759.26,45102.40,45964.34,50752.78,64312.15,70012.67,98057.82,125579.74,136778.02,163702.00,173963.48,178755.42,179328.80,,
工业总产值:山西:太原市,百万人民币,132772.2315,8024339805,89578.67941,0.078419413,-1.763875573,0.674679324,27377.5,258873.92,133160.78,20,,,,,,,,,,,,,,,,,,,28333.17,28849.34,,27377.50,31051.85,33213.19,38541.32,51832.00,71986.06,92139.54,109640.52,162472.11,192072.00,156681.04,199465.27,242749.69,258873.92,250396.92,243100.43,215927.02,220741.74,,
工业总产值:山西:大同市,百万人民币,53406.2815,1318004301,36304.32896,0.404804831,-1.424750695,0.679776385,11317.49,108107.74,46729.125,20,,,,,,,,,,,,,,,,,,,16099.62,15632.94,,11317.49,12653.03,15980.86,18771.22,23906.74,31909.07,36811.02,41023.37,52434.88,60343.15,53597.00,73759.05,97426.57,107555.13,105191.23,108107.74,105422.57,80182.95,,
工业总产值:山西:阳泉市,百万人民币,34335.5625,594585952.1,24384.1332,0.327734843,-1.477979979,0.710171363,7162.43,74133.48,28883.92,20,,,,,,,,,,,,,,,,,,,7608.34,8573.71,,7162.43,7528.91,8302.85,9990.24,12930.77,20150.65,22260.96,25313.29,32454.55,40033.12,44218.16,54261.18,66930.00,74133.48,71599.40,65687.90,53899.54,53671.77,,
工业总产值:山西:长治市,百万人民币,89196.654,5489596820,74091.81345,0.356077966,-1.482650436,0.83065687,9588.51,207263.02,71561.87,20,,,,,,,,,,,,,,,,,,,9656.36,11550.17,,9588.51,10153.31,11398.78,14491.84,24180.60,38077.47,51850.40,62122.17,81001.57,112233.49,115899.96,143328.28,194384.70,207263.02,201708.58,187845.95,142818.85,154379.07,,
工业总产值:山西:晋城市,百万人民币,48997.3345,1594007655,39925.02543,0.29095064,-1.644079716,0.814840763,5338.38,111763.21,36328.05,20,,,,,,,,,,,,,,,,,,,5338.38,5893.38,,6630.63,5858.79,7188.38,10251.60,13559.65,20977.07,28694.84,32107.26,40548.84,60314.76,71334.53,85112.44,108577.10,111763.21,101787.86,92520.56,87300.82,84186.59,,
工业总产值:山西:朔州市,百万人民币,50949.696,2105270815,45883.23022,0.638100516,-1.030419234,0.90055945,5776.03,132412.93,37092,20,,,,,,,,,,,,,,,,,,,6921.91,7241.81,,5776.03,6196.20,7139.32,8483.74,10276.56,15977.17,23029.50,31341.79,42842.21,57862.36,64953.47,82851.36,116989.20,132276.84,132412.93,115927.13,76239.29,74255.10,,
工业总产值:山西:晋中市,百万人民币,71727.80824,2245070828,47382.17838,-0.008210429,-1.731895993,0.660583106,10652.08,136189.35,77006.2,17,,,,,,,,,,,,,,,,,,,,,,,10652.08,11346.69,13665.45,17757.81,27527.34,35029.38,41979.35,56678.67,82391.45,77006.20,103023.74,118500.11,136189.35,133282.75,125385.96,108921.31,120035.10,,
工业总产值:山西:运城市,百万人民币,90765.90118,2851946018,53403.61428,0.048306288,-1.516919827,0.588366486,17670.22,166194.27,83912.36,17,,,,,,,,,,,,,,,,,,,,,,,17670.22,20122.66,24536.21,34782.50,43378.40,51060.56,67627.33,83912.36,95243.60,82006.27,125262.32,166194.27,141064.33,163340.00,162932.59,132375.26,131511.44,,
工业总产值:山西:忻州市,百万人民币,35183.77941,866176100.5,29430.86986,0.396271371,-1.641286919,0.836489722,3197.95,80161.04,24310.88,17,,,,,,,,,,,,,,,,,,,,,,,3197.95,3582.33,4181.95,6100.72,8068.21,11337.36,15219.84,23511.00,31416.54,24310.88,39303.39,61966.98,72261.13,80161.04,76282.43,69860.02,67362.48,,
工业总产值:山西:临汾市,百万人民币,102775.9718,3832449494,61906.78068,-0.031343538,-1.193218572,0.602346829,11670.94,192691.14,99330,17,,,,,,,,,,,,,,,,,,,,,,,11670.94,14958.77,19888.17,34283.42,56305.74,72521.97,82368.88,96053.55,127085.57,99330.00,138010.49,184246.03,191578.39,192691.14,169452.50,128967.30,127778.66,,
工业总产值:山西:吕梁市,百万人民币,105847.4757,4035785368,63527.83144,0.134502112,-1.383100323,0.600182773,14381.29,200447.15,93754.13,14,,,,,,,,,,,,,,,,,,,,,,,,,,14381.29,25907.18,36565.94,53414.79,71185.42,102720.98,84787.28,78701.57,181655.17,191361.22,200447.15,168153.86,132852.19,139730.62,,
工业总产值:内蒙古:呼和浩特市,百万人民币,78305.5596,3799906923,61643.38507,0.217960493,-1.601759169,0.787215945,7906.98,173085.777,73297.47,20,,,,,,,,,,,,,,,,,,,7906.98,8699.99,,8164.52,9980.38,12458.26,16919.76,24077.94,34481.28,48316.42,64317.16,82277.78,92764.25,115348.65,118851.98,136590.98,130487.47,150359.95,164263.73,166757.93,173085.78,,
工业总产值:内蒙古:包头市,百万人民币,158167.1801,16246913773,127463.3821,0.291005079,-1.715209507,0.805877566,20596.89,344090.575,120253.82,20,,,,,,,,,,,,,,,,,,,20596.89,21965.38,,23555.66,25724.43,27839.16,31537.00,43178.13,62137.64,86700.99,111866.76,128640.88,193255.39,222222.78,241224.22,299901.31,323598.84,325285.95,332051.86,297969.76,344090.58,,
工业总产值:内蒙古:乌海市,百万人民币,34328.90015,1146570782,33861.05111,0.663900352,-1.135509196,0.986371569,2415.04,98401,19663.07,20,,,,,,,,,,,,,,,,,,,2570.65,3281.71,,2415.04,2806.57,3110.58,3620.69,5905.24,9542.33,13364.36,16696.70,22629.44,28398.00,40289.00,54531.50,73990.02,67070.55,71700.64,73514.84,92739.14,98401.00,,
工业总产值:内蒙古:赤峰市,百万人民币,82823.34055,6978491110,83537.36356,0.580160166,-1.458384397,1.008621036,6313.98,211100.396,44480.07,20,,,,,,,,,,,,,,,,,,,7362.19,7772.11,,6313.98,6616.49,6962.68,7834.13,9796.90,13911.88,21896.40,32373.73,56586.41,79167.00,96927.35,126584.07,157732.67,186838.48,207431.85,205694.13,207563.97,211100.40,,
工业总产值:内蒙古:通辽市,百万人民币,115435.4259,13216136809,114961.4579,0.426521534,-1.738595561,0.995894086,3797.47,296501.84,61104.28,18,,,,,,,,,,,,,,,,,,,,,,3797.47,4449.75,5286.38,6575.87,8798.63,12220.97,19070.75,31438.41,58661.81,63546.75,123631.17,180974.85,241618.94,256050.96,296501.84,247906.93,248300.33,269005.85,,
工业总产值:内蒙古:鄂尔多斯市,百万人民币,216489.7769,33635243154,183399.1362,0.222493796,-1.796489225,0.847149176,9978.85,487521.623,182302.995,16,,,,,,,,,,,,,,,,,,,,,,,,9978.85,13055.89,18640.25,26309.12,44929.00,63498.61,95956.05,161357.99,203248.00,268106.85,374373.10,398366.06,426793.52,437572.72,434128.80,487521.62,,
工业总产值:内蒙古:呼伦贝尔市,百万人民币,61865.52519,2791476850,52834.42864,0.310740529,-1.7791886,0.854020531,5432.52,134693.37,46337.925,16,,,,,,,,,,,,,,,,,,,,,,,,5432.52,6073.24,6096.20,8580.44,12981.20,19311.60,25812.48,38998.85,53677.00,74068.32,103555.82,109471.06,134693.37,129565.37,130599.48,130931.46,,
工业总产值:内蒙古:巴彦淖尔市,百万人民币,58721.53714,1194648775,34563.69157,-0.378517165,-1.530431868,0.588603317,5449.92,101699.678,68952.215,14,,,,,,,,,,,,,,,,,,,,,,,,,,5449.92,9331.54,15573.85,25823.68,35741.00,49501.64,60158.00,77746.43,101699.68,79954.57,86335.49,94821.71,87342.44,92621.57,,
工业总产值:内蒙古:乌兰察布市,百万人民币,60257.31107,1466117874,38289.9187,-0.156393581,-1.658640351,0.635440215,5457.42,108067.18,62836.1955,14,,,,,,,,,,,,,,,,,,,,,,,,,,5457.42,8998.30,14803.51,23146.82,32501.11,46478.78,57930.11,67742.28,78682.53,95177.22,108067.18,101124.68,99927.52,103564.89,,
工业总产值:辽宁:沈阳市,百万人民币,531556.274,2.33309E+11,483020.927,0.603433399,-1.143544827,0.908691987,58267.33,1375914.51,403845.88,20,,,,,,,,,,,,,,,,,,,61423.59,65684.99,,58267.33,71428.22,75718.67,82832.67,106436.12,149340.04,219524.98,329089.66,478602.10,642431.03,763709.98,961252.55,1088064.41,1270232.72,1373517.80,1375914.51,923933.77,533720.34,,
工业总产值:辽宁:大连市,百万人民币,463621.804,1.33374E+11,365204.3696,0.568112929,-1.023770138,0.787720436,70888.35,1152157,380681.96,20,,,,,,,,,,,,,,,,,,,70888.35,80672.14,,84263.85,109915.52,110392.75,125048.57,154686.41,201822.83,256279.70,343746.22,417617.70,508206.72,633019.08,770183.55,826474.80,1035081.93,1152157.00,1065199.03,699840.59,626939.34,,
工业总产值:辽宁:鞍山市,百万人民币,150012.286,11465655274,107077.8001,0.67733663,-0.938522355,0.713793536,41817.68,359967.21,110441.43,20,,,,,,,,,,,,,,,,,,,41817.68,43862.09,,42214.12,47513.77,50437.88,52603.63,63367.64,81863.23,94786.59,106191.07,132526.81,180459.61,204930.72,243927.52,265982.60,298594.00,335359.00,359967.21,239148.76,114691.79,,
工业总产值:辽宁:抚顺市,百万人民币,106179.25,6945623844,83340.40943,1.094480475,-0.059100866,0.784902977,27581.3,279483.64,81754.775,20,,,,,,,,,,,,,,,,,,,30997.85,33133.65,,27581.30,35700.63,35763.70,36306.96,43128.19,58187.08,69766.91,83582.00,97921.61,115513.07,120335.41,165532.66,210109.22,243212.57,271377.58,279483.64,86023.42,79927.55,,
工业总产值:辽宁:本溪市,百万人民币,93716.6765,6550508442,80935.21138,0.81531671,-0.841414962,0.863615894,15541.56,243069.59,62318.84,20,,,,,,,,,,,,,,,,,,,16498.75,17000.02,,15541.56,18526.09,21820.79,24153.35,35445.47,47361.32,48915.28,57358.28,67279.40,91616.14,110009.94,151135.34,193080.67,220286.81,241211.30,243069.59,179586.02,74437.41,,
工业总产值:辽宁:丹东市,百万人民币,49745.236,1975782322,44449.77303,0.968968369,-0.45838183,0.893548339,9415.73,136142.5,36264.105,20,,,,,,,,,,,,,,,,,,,12148.81,11914.89,,9415.73,10381.55,10897.67,12107.34,14354.66,18192.88,23655.32,31234.67,41293.54,56273.84,70809.24,86508.65,103793.10,128783.04,136142.50,131491.34,42849.43,42656.52,,
工业总产值:辽宁:锦州市,百万人民币,103848.165,9560638647,97778.51833,0.851300774,-0.811843394,0.941552683,13592.05,289819.41,63355.54,20,,,,,,,,,,,,,,,,,,,15575.75,16490.39,,13592.05,18124.25,18764.00,21144.37,26652.35,34644.42,49335.84,64889.89,80536.19,102740.44,123625.83,167204.57,210757.99,244902.74,282238.97,289819.41,234102.66,61821.19,,
工业总产值:辽宁:营口市,百万人民币,116273.075,10562704443,102775.0186,0.552877809,-1.331964433,0.88391073,12454.21,294459.81,85853.57,20,,,,,,,,,,,,,,,,,,,12454.21,13733.41,,13653.82,16120.42,18627.58,22341.85,29404.17,41139.54,54019.00,73018.70,98688.44,123520.81,168405.52,223327.15,241770.32,264649.26,294459.81,278263.43,222314.66,115549.40,,
工业总产值:辽宁:阜新市,百万人民币,29611.5895,833489150,28870.21216,1.108877237,-0.086348122,0.974963271,4557.61,89693.23,17343.075,20,,,,,,,,,,,,,,,,,,,5994.00,6583.50,,4557.61,5273.29,5421.44,6896.97,8250.14,10092.55,11606.92,15302.92,19383.23,24174.25,31375.25,44777.08,62149.70,77352.23,89693.23,87456.00,49368.27,26523.21,,
工业总产值:辽宁:辽阳市,百万人民币,90041.812,5143603448,71718.91973,0.542456449,-1.245158755,0.796506847,13137.62,210954.44,68506.725,20,,,,,,,,,,,,,,,,,,,13137.62,15222.71,,15884.96,19834.64,20936.49,24212.51,32453.77,39926.06,51747.90,68614.14,89176.93,119746.69,118231.13,161252.36,192172.90,210954.44,209674.70,189320.02,139936.96,68399.31,,
工业总产值:辽宁:盘锦市,百万人民币,118445.5425,8937441439,94538.04229,0.731765503,-0.963648287,0.798156185,21942.27,292037.28,83154.245,20,,,,,,,,,,,,,,,,,,,21942.27,24971.79,,24577.50,35782.55,38136.29,38404.93,43329.95,49578.79,62443.14,77234.12,89074.37,115286.06,125623.85,167635.66,215594.85,247161.40,282604.20,292037.28,260228.92,157262.93,,
工业总产值:辽宁:铁岭市,百万人民币,87580.5685,11812607939,108685.8222,1.384088571,0.573682328,1.240981008,7718.43,345725.16,39106.1,20,,,,,,,,,,,,,,,,,,,8426.92,9093.26,,7718.43,8402.74,9110.14,10225.73,12742.42,16585.66,24944.02,35481.66,54937.48,91368.51,143528.92,235512.98,281826.68,345725.16,276454.68,91437.13,45358.31,42730.54,,
工业总产值:辽宁:朝阳市,百万人民币,49978.072,2215494307,47069.03766,0.82836384,-0.787711133,0.941793786,6246.37,142570,32346.95,20,,,,,,,,,,,,,,,,,,,8153.24,7751.61,,6246.37,6889.68,7531.03,9082.80,11885.48,16968.04,21855.80,26979.87,40671.09,61517.47,73611.80,94661.98,116311.26,125488.64,142570.00,126139.90,57531.35,37714.03,,
工业总产值:辽宁:葫芦岛市,百万人民币,57116.22238,953083787.2,30872.05512,0.053904317,-1.400434954,0.540512902,15577.63,103552.59,60880.28,21,,,,,,,,,,,,,,,,,,,16320.61,18381.66,,15577.63,21052.59,24473.90,23437.86,29159.05,39403.62,50982.30,60880.28,68130.91,72135.45,68242.05,86362.15,97455.00,101503.05,99680.00,103552.59,79219.97,54630.00,68860.00,
工业总产值:吉林:长春市,百万人民币,433238.6386,1.31424E+11,362525.1582,0.486498865,-1.500312169,0.836779377,47578.48,1035790,292088.62,21,,,,,,,,,,,,,,,,,,,47578.48,52354.35,,59663.43,74971.10,95359.21,120246.84,151152.70,171267.89,172896.53,214094.95,292088.62,365327.07,449289.53,588416.13,704797.15,829416.96,922804.27,975663.86,859639.07,915193.27,1035790.00,
工业总产值:吉林:吉林市,百万人民币,157170.9381,14227723374,119280.0209,0.343820745,-1.713823964,0.758919062,31994.86,322379.26,122286.81,21,,,,,,,,,,,,,,,,,,,31994.86,35645.62,,34055.20,40897.84,34140.62,35769.32,45428.68,64153.58,75473.85,90239.37,122286.81,161121.13,169752.00,210415.51,269541.00,303286.42,314013.89,316025.51,310099.23,322379.26,313870.00,
工业总产值:吉林:四平市,百万人民币,82210.16095,6918424275,83177.0658,0.628301882,-1.440565936,1.011761379,7140.32,220545.88,37666.66,21,,,,,,,,,,,,,,,,,,,8597.84,8882.98,,7140.32,8081.12,9088.03,10398.63,12523.93,15590.85,19590.13,24106.78,37666.66,53153.31,75486.08,103647.34,141125.85,171079.60,194421.99,204322.80,220545.88,196683.26,204280.00,
工业总产值:吉林:辽源市,百万人民币,53234.62238,3449691004,58734.07022,0.812497901,-0.989882777,1.103305849,2530.43,163156,23280.83,21,,,,,,,,,,,,,,,,,,,3514.78,3568.28,,2530.43,2796.44,3426.97,4131.42,5370.72,7109.88,10981.49,16226.02,23280.83,31439.89,42308.68,58564.89,85975.11,102294.83,118138.25,132476.07,145263.33,155372.76,163156.00,
工业总产值:吉林:通化市,百万人民币,73852.0855,5772057083,75974.05533,1.022162531,-0.339133566,1.0287327,8516.37,235313.81,36768.42,20,,,,,,,,,,,,,,,,,,,8516.37,9655.84,,8936.12,12217.06,14743.36,14494.49,15479.43,19290.19,23568.96,31232.57,42304.27,60754.96,65671.47,86998.42,120326.68,136205.54,165261.32,191562.26,214508.59,235313.81,,
工业总产值:吉林:白山市,百万人民币,50595.8535,2840860794,53299.72603,0.790002811,-1.144791271,1.053440595,5056.15,143676.19,20635.58,20,,,,,,,,,,,,,,,,,,,5056.15,5489.21,,5688.79,6365.59,6983.08,7481.37,7748.52,10312.53,13097.69,17038.23,24232.93,35408.35,48633.67,67408.20,95874.34,116808.46,121890.04,131987.27,140736.46,143676.19,,
工业总产值:吉林:松原市,百万人民币,85462.3135,6731539220,82045.95797,0.5983152,-1.427901844,0.960025005,8171.01,213676.75,48231.62,20,,,,,,,,,,,,,,,,,,,8341.06,9214.70,,8171.01,11560.23,11738.62,11985.73,15061.75,20642.92,30976.84,41903.36,54559.88,81961.95,94554.86,121948.08,161933.06,195855.74,197593.88,209332.06,208233.79,213676.75,,
工业总产值:吉林:白城市,百万人民币,22789.737,611478927.6,24728.09996,1.031383361,-0.498748628,1.085054205,2752.21,73761.01,9295.75,20,,,,,,,,,,,,,,,,,,,3385.19,3343.91,,2752.21,3087.59,3191.34,3697.25,4602.97,5438.88,6367.71,8013.35,10578.15,14800.35,18902.42,25924.56,35366.82,46961.76,56727.43,62926.66,65965.18,73761.01,,
工业总产值:黑龙江:哈尔滨市,百万人民币,162117.9254,10651771180,103207.4182,0.329937171,-1.48030104,0.636619412,41861.23,323692.81,142414.29,20,,,,,,,,,,,,,,,,,,,50119.30,55222.88,,41861.23,50541.53,52761.95,61107.10,72150.89,88620.00,119745.62,133540.23,151288.35,182476.77,199061.35,230473.64,256413.87,250374.00,297060.00,322463.70,303383.29,323692.81,,
工业总产值:黑龙江:齐齐哈尔市,百万人民币,52086.77665,1365445019,36951.92849,0.351595213,-1.698793593,0.709430125,12746.33,107966.279,40145.695,20,,,,,,,,,,,,,,,,,,,15733.40,16480.86,,12746.33,13974.37,15126.12,16216.95,17648.87,23025.62,28507.03,34018.62,46272.77,59605.98,63021.78,83205.61,98637.99,89191.92,97690.00,98724.91,103940.13,107966.28,,
工业总产值:黑龙江:鸡西市,百万人民币,16900.2716,107466833.7,10366.62113,0.734258798,-0.726533482,0.613399677,6044.57,37042,13558.47,20,,,,,,,,,,,,,,,,,,,7970.37,8396.64,,6044.57,6359.12,6450.06,7148.71,7789.50,9387.65,11474.99,13194.55,13922.39,20738.29,20582.82,28893.86,35883.83,37042.00,32520.00,25044.68,20628.15,18533.25,,
工业总产值:黑龙江:鹤岗市,百万人民币,13233.578,102141164.9,10106.49122,0.945405827,0.007889913,0.763700582,3320.37,36562.17,11493.475,20,,,,,,,,,,,,,,,,,,,4251.04,4598.19,,3440.63,3320.37,3443.44,4134.27,3940.01,5835.95,9729.59,10325.90,12661.05,17130.46,21423.63,28441.94,36562.17,30691.00,22490.00,14228.58,14131.95,13891.39,,
工业总产值:黑龙江:双鸭山市,百万人民币,20904.1727,413210547.5,20327.58096,1.213774018,0.607276704,0.972417385,3183.41,68390,13019.615,20,,,,,,,,,,,,,,,,,,,4815.62,5340.31,,3183.41,3434.43,4087.64,3845.67,4768.86,5639.97,7400.93,10724.46,15314.77,22137.46,28688.21,36187.86,50737.90,63231.66,68390.00,29623.67,25150.42,25380.21,,
工业总产值:黑龙江:大庆市,百万人民币,245253.8328,16588163449,128795.0444,0.215230073,-1.175293643,0.525149976,66143.55,450624.107,255729.535,20,,,,,,,,,,,,,,,,,,,66143.55,75301.35,,83630.19,133877.19,121383.69,114626.55,142806.34,166855.20,228544.51,263407.06,274914.99,319649.62,248052.01,328796.01,420579.11,428034.32,448150.00,450624.11,305174.71,284526.15,,
工业总产值:黑龙江:伊春市,百万人民币,9402.709,30973468.18,5565.381225,0.876168029,-0.606678704,0.591891254,4114.13,20300,7503.38,20,,,,,,,,,,,,,,,,,,,5416.45,5451.73,,4114.13,4242.34,4268.36,4348.61,4177.14,5107.09,5798.88,6660.83,8345.93,11183.23,12289.40,19457.40,17631.32,17881.76,20300.00,12853.76,9583.94,8941.89,,
工业总产值:黑龙江:佳木斯市,百万人民币,24477.7218,477028711.6,21840.98696,0.886427901,-0.906926875,0.892280219,5711.38,65915.479,11953.14,20,,,,,,,,,,,,,,,,,,,8319.03,8984.55,,5711.38,6248.24,6623.16,7484.17,6442.31,7644.31,9035.18,11021.18,12885.10,17005.68,21481.42,31393.80,39342.16,50648.72,62350.00,65915.48,57952.83,53065.73,,
工业总产值:黑龙江:七台河市,百万人民币,15408.823,180096680.8,13420.01046,0.924743952,-0.223717766,0.870930276,2527.2,44478,12559.565,20,,,,,,,,,,,,,,,,,,,2838.40,3274.93,,2527.20,2617.71,2644.62,3542.16,4435.13,6377.72,9105.87,11069.54,14049.59,23385.80,28746.00,44478.00,39792.34,36818.00,23710.00,18820.91,15490.28,14452.26,,
工业总产值:黑龙江:牡丹江市,百万人民币,38161.60895,1153599843,33964.68523,0.972661845,-0.740677652,0.890022359,10718.45,102664.8,18283.475,20,,,,,,,,,,,,,,,,,,,13826.94,13940.51,,11369.00,10806.57,12823.98,12337.89,10718.45,12679.36,13394.12,16682.77,19884.18,25294.20,30732.36,45041.98,59498.77,72510.00,86820.00,94190.42,98015.88,102664.80,,
工业总产值:黑龙江:黑河市,百万人民币,5932.4697,22294999.71,4721.758116,0.647865462,-1.443197306,0.79591778,1776.75,13484.505,2637.11,20,,,,,,,,,,,,,,,,,,,2802.12,2472.10,,1985.12,2012.12,2458.57,1808.77,1897.68,1776.75,1882.47,2271.56,2448.44,5474.38,5949.36,9467.08,10468.80,10885.00,12730.00,13215.76,13158.81,13484.51,,
工业总产值:黑龙江:绥化市,百万人民币,36154.06259,1255308386,35430.33144,0.896730903,-0.891463798,0.979982024,5794.29,100719.656,18071.44,17,,,,,,,,,,,,,,,,,,,,,,,6185.00,5840.80,5794.29,6710.56,8357.49,9784.78,11779.56,14449.12,18071.44,21278.75,32688.00,43566.70,62082.24,84100.00,87058.57,96152.11,100719.66,,
工业总产值:上海,百万人民币,1250172.341,1.73108E+12,1315704.584,0.734117314,-1.180312574,1.052418567,51401,3484184,576367,41,51401.00,55630.00,59875.00,62012.00,63465.00,66353.00,72812.00,86273.00,95221.00,107384.00,130466.00,152467.00,164275.00,194718.00,242996.00,332704.00,425519.00,454747.00,512622.00,564993.00,576367.00,621324.00,702298.00,780618.00,873000.00,1170849.00,1459529.00,1687678.00,1963123.00,2310863.00,2596838.00,2488808.00,3103857.00,3383444.00,3318641.00,3389938.00,3407119.00,3321157.00,3307972.00,3413526.00,3484184.00
工业总产值:江苏:南京市,百万人民币,622358.8668,2.08732E+11,456872.0602,0.418939697,-1.441905911,0.734097455,100696.37,1319967,524048.5,20,,,,,,,,,,,,,,,,,,,100696.37,109817.45,,130727.37,160278.81,177356.01,197325.04,250938.16,328502.12,406348.43,469281.06,578815.94,647223.36,679976.52,860949.98,1035464.52,1143780.20,1264714.00,1319967.00,1290513.00,1294502.00,,
工业总产值:江苏:无锡市,百万人民币,807885.0515,2.99574E+11,547333.8617,0.028924376,-1.80363208,0.677489775,140736.01,1489065,802758.085,20,,,,,,,,,,,,,,,,,,,140736.01,142145.87,,155146.40,177906.64,201094.52,244508.45,328473.44,457507.80,571799.88,711529.03,893987.14,1028167.14,1084152.88,1297108.11,1456838.43,1444685.29,1489065.00,1442566.00,1454987.00,1435296.00,,
工业总产值:江苏:徐州市,百万人民币,423808.0376,2.1194E+11,460369.6325,0.972084647,-0.614198395,1.086269234,42506.72,1364436,188805.96,20,,,,,,,,,,,,,,,,,,,44356.42,46492.61,,42506.72,46644.45,51435.52,60044.65,72612.81,95218.96,122826.91,163254.65,214357.27,284667.82,359750.51,511296.60,695065.33,888228.52,1052310.00,1139064.00,1221591.00,1364436.00,,
工业总产值:江苏:常州市,百万人民币,493899.9956,1.66896E+11,408528.7524,0.500932028,-1.32998697,0.827148727,62923.1,1209682,377384.07,20,,,,,,,,,,,,,,,,,,,65571.20,62923.10,,76993.37,87463.25,100124.88,116701.67,152727.69,201272.89,250419.03,329377.18,425390.96,516648.56,598290.73,739608.51,827077.03,897029.86,1006788.00,1103746.00,1110164.00,1209682.00,,
工业总产值:江苏:苏州市,百万人民币,1687433.486,1.49611E+12,1223156.843,-0.016016311,-1.780469407,0.724862256,153408.05,3310000,1726952.36,22,,,,,,,,,,,,,,,,,,,153408.05,161907.42,,192634.41,239650.52,278479.05,346587.27,497650.79,730754.45,990858.43,1253851.24,1590891.77,1863012.95,2028449.54,2465166.65,2777849.06,2874554.09,3039290.00,3032217.00,3024925.00,3071399.00,3200000.00,3310000.00
工业总产值:江苏:南通市,百万人民币,525678.6087,2.3889E+11,488763.3939,0.692410027,-1.010181764,0.929776076,59670.97,1452572,348947.3,20,,,,,,,,,,,,,,,,,,,60228.05,63433.27,,59670.97,69710.02,77543.74,87754.90,112390.73,160336.41,214338.53,294952.74,402941.86,516242.48,609489.00,738316.30,867981.71,989012.46,1135154.00,1249970.00,1351533.00,1452572.00,,
工业总产值:江苏:连云港市,百万人民币,170373.758,39034081559,197570.4471,1.1399205,-0.152766469,1.159629566,20110.29,597481,57941.095,20,,,,,,,,,,,,,,,,,,,20110.29,22862.94,,20964.30,22917.95,24449.24,28837.84,21146.02,28820.34,34286.73,46324.67,69557.52,97398.15,131426.54,193628.14,263052.49,341338.00,413059.00,486500.00,543314.00,597481.00,,
工业总产值:江苏:淮安市,百万人民币,203813.1295,52803050676,229789.1439,1.13753748,-0.094221606,1.127450153,18872.56,695132,91920.72,20,,,,,,,,,,,,,,,,,,,18974.87,20880.49,,18872.56,23035.98,26250.58,30378.54,35367.44,45090.09,56860.70,79407.25,104434.19,125488.16,162189.53,243911.00,294009.30,395260.91,480292.00,564377.00,656050.00,695132.00,,
工业总产值:江苏:盐城市,百万人民币,297902.2125,84026602808,289873.4255,0.964117305,-0.401012725,0.973048918,42601.98,918084,161128.375,20,,,,,,,,,,,,,,,,,,,42601.98,45982.63,,44477.86,49906.88,55204.51,64280.89,76145.22,88892.30,109770.40,137814.74,184442.01,251503.54,309038.88,393834.00,436007.00,555435.41,645458.00,723802.00,825362.00,918084.00,,
工业总产值:江苏:扬州市,百万人民币,375999.688,1.18372E+11,344052.4556,0.60417715,-1.331199922,0.915033886,49984.37,966165,224139.725,20,,,,,,,,,,,,,,,,,,,49984.37,50264.97,,52080.87,59634.40,60998.31,67383.21,83723.54,112955.55,144882.31,189188.03,259091.42,351756.02,445967.74,575334.21,677279.00,719847.81,849939.00,884099.00,919419.00,966165.00,,
工业总产值:江苏:镇江市,百万人民币,321085.133,89790128114,299650.0094,0.805199394,-0.911256668,0.933241619,43485.92,872284,188674.77,20,,,,,,,,,,,,,,,,,,,43485.92,43837.75,,49183.55,54617.48,61324.97,72660.91,85535.54,107311.22,133140.90,162878.31,214471.23,278031.56,324005.66,419041.78,520766.77,610569.11,719727.00,808447.00,840382.00,872284.00,,
工业总产值:江苏:泰州市,百万人民币,377042.6999,1.53572E+11,391882.4727,0.992203919,-0.343142905,1.039358335,40337.72,1217080,196556.525,20,,,,,,,,,,,,,,,,,,,41597.23,41652.38,,40337.72,44380.39,49938.52,57982.34,73664.58,99734.94,121679.79,166454.19,226658.86,294982.00,376946.34,491607.75,581312.51,712729.46,850165.00,945636.00,1106314.00,1217080.00,,
工业总产值:江苏:宿迁市,百万人民币,111330.9476,19161463803,138424.9392,1.227323171,0.05199137,1.243364422,7938.62,409670,35968.085,20,,,,,,,,,,,,,,,,,,,10434.44,10443.57,,7938.62,9139.82,10513.32,12139.90,13993.68,14807.16,19582.10,28897.31,43038.86,58181.55,79320.42,113736.60,152230.09,224827.51,284515.00,336877.00,386332.00,409670.00,,
工业总产值:浙江:杭州市,百万人民币,739067.8794,2.29239E+11,478789.3446,-0.155651768,-1.748375485,0.647828647,88311.67,1296376,835140.29,21,,,,,,,,,,,,,,,,,,,88311.67,91146.51,,120007.96,154356.82,191951.33,240029.72,320252.26,414910.39,544112.71,697545.91,835140.29,937957.92,939073.33,1107964.96,1235292.49,1296228.00,1240798.00,1285305.18,1241568.02,1242096.00,1296376.00,
工业总产值:浙江:宁波市,百万人民币,741612.1819,2.8264E+11,531639.4228,0.130457961,-1.592419662,0.716869862,86135.83,1585089,778901.4,21,,,,,,,,,,,,,,,,,,,86135.83,86166.64,,106228.66,142769.77,162965.74,200016.37,263028.62,350947.91,489096.69,618791.33,778901.40,853790.53,827284.70,1061874.25,1204476.99,1215507.60,1301009.00,1402805.01,1386945.78,1450024.00,1585089.00,
工业总产值:浙江:温州市,百万人民币,282406.8048,30633105208,175023.1562,-0.192952827,-1.642461664,0.619755449,34645.22,522958,334317.49,21,,,,,,,,,,,,,,,,,,,34645.22,44856.90,,45187.20,62589.05,83352.48,105332.28,126596.36,182177.11,224397.48,272759.06,334317.49,350842.77,364871.49,449487.01,438601.65,424862.49,451656.00,484401.87,494422.99,522958.00,432228.00,
工业总产值:浙江:嘉兴市,百万人民币,367459.9995,83519144511,288996.7898,0.351826543,-1.432104894,0.786471426,45632.73,861225,333816.12,21,,,,,,,,,,,,,,,,,,,45632.73,47706.00,,47584.10,57552.23,64250.95,78748.32,111352.72,140063.18,217895.94,268909.78,333816.12,383942.73,386398.62,510285.08,576336.03,603993.21,689367.00,746375.40,756930.85,788294.00,861225.00,
工业总产值:浙江:湖州市,百万人民币,201148.1438,25234923094,158855.038,0.407597706,-1.404208522,0.789741506,27417.8,460605,176051.67,21,,,,,,,,,,,,,,,,,,,27417.80,27704.53,,30408.18,35574.51,40950.37,45932.04,58861.52,76636.51,107079.01,138552.97,176051.67,213849.57,219808.61,266653.26,289004.59,333383.20,382802.00,420139.60,441310.08,460605.00,431386.00,
工业总产值:浙江:绍兴市,百万人民币,489445.0181,1.19078E+11,345076.8996,0.167902548,-1.580208205,0.705037107,57369.86,982694,486900.61,21,,,,,,,,,,,,,,,,,,,57369.86,57563.82,,89591.60,104513.06,120192.85,147140.46,189539.57,251424.80,321507.38,391086.89,486900.61,539019.74,551890.53,679718.68,793268.32,855125.33,933931.00,973530.42,974638.46,982694.00,777698.00,
工业总产值:浙江:金华市,百万人民币,222599.7329,28574107371,169038.7748,0.151543021,-1.579931968,0.759384446,18351.08,472084.27,224624.02,21,,,,,,,,,,,,,,,,,,,20712.01,18351.08,,22775.92,28830.34,33118.91,49489.74,72904.49,100607.19,139852.50,179941.01,224624.02,248254.06,267365.85,341178.90,351434.56,379197.28,423336.00,458587.26,472084.27,470577.00,371372.00,
工业总产值:浙江:衢州市,百万人民币,73324.49333,3715384505,60953.95397,0.316195023,-1.703883122,0.83129049,7763.59,158466.38,57093.22,21,,,,,,,,,,,,,,,,,,,10531.04,9678.21,,7763.59,8938.98,11168.32,13166.43,16884.61,23594.68,32120.86,42720.56,57093.22,74330.34,83259.49,108711.64,130086.18,133099.92,149195.00,158466.38,156289.91,158195.00,154520.00,
工业总产值:浙江:舟山市,百万人民币,65069.3125,3668394060,60567.26888,0.670453305,-0.944493847,0.930811569,5130.08,187211,42337.23,20,,,,,,,,,,,,,,,,,,,5130.08,5252.64,,5821.65,7421.64,8865.76,12006.61,15302.56,20248.45,28334.16,36038.96,48635.50,67186.54,79056.01,97905.17,110517.33,119983.34,133356.00,149776.09,163336.76,187211.00,,
工业总产值:浙江:台州市,百万人民币,230377.6467,22799233269,150994.1498,-0.153136481,-1.65597793,0.655420142,19157.15,447108,274065.57,21,,,,,,,,,,,,,,,,,,,20494.89,19157.15,,38201.64,48154.86,61124.31,72692.45,95582.09,131162.90,173769.57,222880.36,274065.57,306086.21,286987.50,363079.93,344845.24,353081.16,380576.00,405252.39,385224.36,408404.00,447108.00,
工业总产值:浙江:丽水市,百万人民币,88882.055,4387780669,66240.3251,0.189528977,-1.596554621,0.745260954,7476.63,183923.26,82964.565,18,,,,,,,,,,,,,,,,,,,,,,,7476.63,9628.58,12488.52,16711.70,23388.94,31680.87,41877.78,57879.14,79162.31,86766.82,113907.37,129808.20,156298.72,179341.00,183923.26,170436.15,179001.00,120100.00,
工业总产值:安徽:合肥市,百万人民币,322718.5497,1.2716E+11,356595.5421,0.916270674,-0.833619363,1.1049738,24529.63,1012452,130106.835,20,,,,,,,,,,,,,,,,,,,24529.63,25575.19,,25141.25,29685.52,35533.52,44689.44,53486.05,71636.10,88082.30,110900.10,149313.57,207837.44,276640.11,379901.80,561740.53,736279.00,827448.00,858940.00,934559.44,1012452.00,,
工业总产值:安徽:芜湖市,百万人民币,198016.6186,48275288162,219716.3812,0.939806752,-0.738778662,1.109585563,12553.91,631927,85807.44,20,,,,,,,,,,,,,,,,,,,15441.73,18159.29,,12553.91,14756.45,19410.42,24423.96,33069.14,46582.62,53965.59,74454.67,97160.21,128477.80,160594.17,225101.25,370049.36,425002.07,480886.00,545416.00,582900.73,631927.00,,
工业总产值:安徽:蚌埠市,百万人民币,79032.32,8731379807,93441.85255,1.275400078,0.346180091,1.182324555,8017.03,297645,29444.73,20,,,,,,,,,,,,,,,,,,,12427.54,14127.82,,8017.03,8612.84,9369.53,10868.18,13126.19,16679.64,17743.16,26141.45,32748.01,41663.49,53011.39,77268.42,129069.82,148629.30,182262.00,221554.00,259681.59,297645.00,,
工业总产值:安徽:淮南市,百万人民币,49252.63089,1442106660,37975.07946,0.374480008,-1.686339777,0.771026416,9137.86,107769,32567.445,20,,,,,,,,,,,,,,,,,,,11525.05,11983.52,,9137.86,9744.53,10644.34,13301.05,15346.84,22135.88,28214.16,30498.36,34636.53,55453.68,63835.15,78893.04,89323.20,99407.30,107769.00,95392.00,97042.13,100769.00,,
工业总产值:安徽:马鞍山市,百万人民币,106306.8794,9171321732,95767.01798,0.650098873,-1.11604495,0.90085438,11329.2,281076,72165.62,20,,,,,,,,,,,,,,,,,,,14174.62,15241.88,,11329.20,13241.01,15543.87,18405.26,25682.30,39806.87,53765.39,58907.59,85423.65,116207.54,113052.31,135758.19,178991.70,201695.17,237739.00,256021.00,254075.04,281076.00,,
工业总产值:安徽:淮北市,百万人民币,66615.12975,4701713372,68569.04092,0.825188704,-1.07621191,1.029331342,7717.02,182594,26937.415,20,,,,,,,,,,,,,,,,,,,10234.85,10225.40,,7717.02,8183.43,9298.78,10811.85,12161.61,18215.12,22701.66,24071.65,29803.18,47930.99,57657.11,88141.20,120277.73,145422.82,163749.00,181645.00,181460.20,182594.00,,
工业总产值:安徽:铜陵市,百万人民币,81121.62598,6581494391,81126.40995,0.817727239,-0.825547786,1.000058973,7351.82,241696,53635.41,20,,,,,,,,,,,,,,,,,,,7351.82,8109.89,,7688.81,9044.64,9478.76,10655.68,14503.54,22342.66,31634.63,48619.14,58651.68,66386.90,64310.51,110423.03,152465.86,162902.30,178090.00,191176.00,226900.67,241696.00,,
工业总产值:安徽:安庆市,百万人民币,106127.48,11145949519,105574.3791,0.875902472,-0.884938204,0.994788335,15190.21,301146,53113.35,20,,,,,,,,,,,,,,,,,,,16152.54,20304.21,,15190.21,18669.46,17534.53,18902.86,22518.98,29731.17,35797.73,45564.11,60662.59,77875.73,95875.87,131594.01,181104.89,212425.21,258089.00,301146.00,272316.50,291094.00,,
工业总产值:安徽:黄山市,百万人民币,22637.40455,481835108.5,21950.74278,0.706205358,-1.151915283,0.969666939,2418.36,63403,12817.835,20,,,,,,,,,,,,,,,,,,,3789.80,3933.98,,2418.36,2691.67,2936.63,3192.26,3954.49,5281.53,7423.67,10515.70,15119.97,20689.03,22461.16,33068.97,42694.10,44720.48,51113.00,56545.00,56795.29,63403.00,,
工业总产值:安徽:滁州市,百万人民币,88534.83179,8472173282,92044.4093,1.042504938,-0.362911767,1.039640641,11114.22,286061,38200.18,20,,,,,,,,,,,,,,,,,,,24921.41,29008.21,,11114.22,11804.33,12713.31,13910.20,16295.31,21136.48,25978.01,32706.52,43693.84,59618.02,69042.92,105297.00,154387.07,168082.00,200294.00,227922.00,256710.79,286061.00,,
工业总产值:安徽:阜阳市,百万人民币,64083.32303,4754660667,68954.0475,1.294007366,0.589311233,1.076006116,6988.3,229304,33321.52,20,,,,,,,,,,,,,,,,,,,32315.31,34327.73,,12484.11,7597.72,6988.30,7630.84,8919.24,10541.60,15986.34,20711.26,30165.81,41210.35,50422.82,70370.12,92450.68,107332.00,135768.00,168171.00,198969.23,229304.00,,
工业总产值:安徽:宿州市,百万人民币,55323.477,3820661616,61811.50068,0.92367993,-0.597731372,1.11727433,3486.12,184865,21950.56,19,,,,,,,,,,,,,,,,,,,3486.12,,,3817.71,3938.14,4213.17,4600.96,4633.44,7689.16,10352.85,14592.00,21950.56,35599.93,47392.75,67691.81,117162.64,94127.77,120250.00,142457.00,162325.05,184865.00,,
工业总产值:安徽:巢湖市,百万人民币,27648.39667,621292644,24925.7426,1.199721239,0.558007838,0.901525788,6595.79,82617.43,17624.245,12,,,,,,,,,,,,,,,,,,,,,,6595.79,6790.61,7464.01,8229.92,10509.97,15754.90,19493.59,26331.60,37807.16,50799.78,59386.00,82617.43,,,,,,,,
工业总产值:安徽:六安市,百万人民币,66331.40667,4156443240,64470.48348,0.623214902,-1.407206829,0.971945067,7408.41,175102,37427.57,18,,,,,,,,,,,,,,,,,,,,,,7408.41,7574.78,7869.11,7887.81,8414.04,11439.71,14544.50,20207.19,31564.48,43290.66,55667.29,83270.00,111065.49,139232.00,152501.00,175102.00,154209.85,162717.00,,
工业总产值:安徽:亳州市,百万人民币,35603.63442,1280022861,35777.40713,0.860757285,-0.792784252,1.004880757,3861.18,105497,19060.99,17,,,,,,,,,,,,,,,,,,,,,,,4779.51,3861.18,3903.66,4578.27,6387.43,7892.65,10126.29,13851.98,19060.99,23790.05,32433.41,52464.08,61890.64,74365.00,84441.00,95938.65,105497.00,,
工业总产值:安徽:池州市,百万人民币,27031.99055,773437816.2,27810.75001,0.816262466,-0.838786083,1.028808809,1603.62,80524,14796.6,17,,,,,,,,,,,,,,,,,,,,,,,1603.62,1635.03,2075.83,3007.23,4280.39,5156.53,7011.30,8857.61,14796.60,19697.78,29729.71,37159.74,49092.93,55291.00,65582.00,74042.54,80524.00,,
工业总产值:安徽:宣城市,百万人民币,79239.38619,4668575293,68326.97339,0.425866078,-1.507909188,0.862285496,7653.14,192012,59455.83,17,,,,,,,,,,,,,,,,,,,,,,,7653.14,8074.46,8691.18,10827.57,15804.25,20099.39,30200.72,43939.51,59455.83,73043.09,106776.43,141958.21,128275.86,150068.00,170552.00,179637.93,192012.00,,
工业总产值:福建:福州市,百万人民币,337224.682,74066085175,272150.85,0.630792546,-1.05163197,0.80703123,43889.51,841964.64,249102.635,20,,,,,,,,,,,,,,,,,,,43889.51,52071.24,,65553.51,75011.07,78744.38,97000.27,128895.73,167089.52,186017.50,223045.05,275160.22,351778.47,363465.60,454541.15,532117.70,595489.00,678633.00,749525.63,784500.45,841964.64,,
工业总产值:福建:厦门市,百万人民币,294231.7373,37538775282,193749.2588,0.204863875,-1.324847527,0.658492046,39587.5,639232,277694.525,22,,,,,,,,,,,,,,,,,,,39587.50,47372.95,,57511.24,69967.57,80328.77,102548.69,132015.00,179666.27,202911.74,236786.16,274112.78,297022.77,281276.27,368894.83,439951.76,448634.99,471621.00,489493.07,502867.88,519797.98,591497.00,639232.00
工业总产值:福建:莆田市,百万人民币,93560.9,8458482067,91970.00635,0.895468722,-0.538140622,0.98299617,8419.93,283950.53,55497.285,20,,,,,,,,,,,,,,,,,,,9532.13,8419.93,,9660.45,11670.37,14855.07,18053.55,21918.47,27735.95,37688.08,48278.53,62716.04,80398.41,95909.18,126653.14,152381.21,167661.91,200892.00,231501.27,261341.78,283950.53,,
工业总产值:福建:三明市,百万人民币,114683.2715,14007486118,118353.2261,0.98840767,-0.500841527,1.032000784,15182.91,360599.08,55772.73,20,,,,,,,,,,,,,,,,,,,16114.11,17814.50,,15182.91,16480.70,17732.70,19725.11,23693.89,31526.41,38628.54,47883.99,63661.47,87788.34,97427.52,132884.92,195109.22,224864.84,257475.00,301664.16,327408.02,360599.08,,
工业总产值:福建:泉州市,百万人民币,445794.2385,1.73652E+11,416715.5658,0.668441378,-1.031034356,0.934771089,26371.91,1233668.89,304552.435,20,,,,,,,,,,,,,,,,,,,26371.91,30965.72,,33675.75,46622.60,56491.82,72819.45,113979.80,165952.00,211702.26,267442.28,341662.59,418431.10,488359.25,626040.54,796183.07,837849.38,937911.00,1069943.03,1139812.33,1233668.89,,
工业总产值:福建:漳州市,百万人民币,155653.804,25380393547,159312.2517,1.039284387,-0.16243703,1.023503748,16796.73,504066.23,89215.225,20,,,,,,,,,,,,,,,,,,,17551.69,22288.67,,17217.66,16796.73,18632.24,23369.42,33517.02,48911.12,62036.10,78543.10,99887.35,124350.10,143618.09,193892.47,252332.00,272237.42,325921.00,404213.81,453693.86,504066.23,,
工业总产值:福建:南平市,百万人民币,62283.299,3523738243,59361.08357,0.972527419,-0.401281954,0.953081878,8848.62,186827.77,36906.065,20,,,,,,,,,,,,,,,,,,,12028.50,12495.43,,8848.62,10279.11,11182.61,13217.66,15714.19,20933.28,25167.80,31886.82,41925.31,52652.03,59706.95,77744.51,93175.17,114166.00,131729.00,153761.13,172224.09,186827.77,,
工业总产值:福建:龙岩市,百万人民币,83087.11762,5943831553,77096.24863,0.691985229,-0.892610899,0.927896536,9312.58,244869.61,53802.69,21,,,,,,,,,,,,,,,,,,,9312.58,10041.82,,9421.83,10092.00,11114.61,13964.08,16253.56,22760.52,29392.75,38846.63,53802.69,71612.45,84561.35,117733.99,163811.02,126651.51,148843.00,168231.44,185690.89,207821.14,244869.61,
工业总产值:福建:宁德市,百万人民币,104013.5941,12707373152,112726.985,0.894573985,-0.795301672,1.083771655,4692.1,315713.1,51086.79,17,,,,,,,,,,,,,,,,,,,,,,,4692.10,5419.54,6939.29,9385.92,12840.82,18729.11,26389.52,37780.47,51086.79,61732.89,91745.39,140744.17,182911.20,232312.00,272198.91,297609.88,315713.10,,
工业总产值:江西:南昌市,百万人民币,199652.8509,39126129032,197803.2584,0.882302652,-0.594488488,0.990735957,22056.92,611405.995,111313.04,20,,,,,,,,,,,,,,,,,,,22056.92,25589.08,,23058.81,25199.13,28516.19,32998.97,41491.69,54351.36,72625.72,95496.90,127129.18,178300.23,210424.13,277320.21,330439.13,346032.09,446749.87,499138.51,544732.91,611406.00,,
工业总产值:江西:景德镇市,百万人民币,46045.46271,1808162724,42522.49669,0.657175349,-1.357249832,0.923489399,7117.33,117938.606,23677.905,20,,,,,,,,,,,,,,,,,,,7117.33,8156.92,,7439.77,8081.00,9170.30,10711.27,11276.06,12724.26,15918.11,20290.77,27065.04,39391.47,49380.79,68716.90,83935.31,96846.49,108634.15,108353.05,109761.66,117938.61,,
工业总产值:江西:萍乡市,百万人民币,64448.12784,4323254402,65751.45932,0.598359576,-1.402658938,1.020222953,3230.64,174277.653,32496.655,20,,,,,,,,,,,,,,,,,,,4206.06,4467.33,,3230.64,3372.08,4294.76,6234.61,8520.54,13403.27,20130.47,26127.28,38866.03,58573.55,71595.56,119793.70,116784.10,133126.89,149998.86,164221.10,167738.08,174277.65,,
工业总产值:江西:九江市,百万人民币,146848.941,31361000607,177090.3741,1.226691721,0.100458438,1.205935656,11495.51,532826.772,57080.79,20,,,,,,,,,,,,,,,,,,,12661.26,13962.26,,11495.51,14535.15,13580.65,14334.29,18784.79,27327.13,35513.73,48921.00,65240.58,85507.80,105384.20,149774.63,214147.25,277885.63,351569.06,456015.71,487511.42,532826.77,,
工业总产值:江西:新余市,百万人民币,66856.5441,3941992761,62785.29096,0.410065127,-1.710503999,0.939104643,5167.85,156243.908,41930.38,20,,,,,,,,,,,,,,,,,,,5510.61,5584.88,,5167.85,5960.37,6549.05,7548.24,10832.22,16275.91,22391.84,32651.71,51209.05,74604.99,80106.41,119877.70,154026.52,137913.93,142321.88,156243.91,147756.22,154597.59,,
工业总产值:江西:鹰潭市,百万人民币,81626.73406,6260066958,79120.58492,0.55165481,-1.376643941,0.969297447,5108.32,208289.037,60242.36,20,,,,,,,,,,,,,,,,,,,5667.30,6148.14,,5108.32,6090.70,6395.20,6798.03,11093.51,21036.63,26859.39,48490.76,71993.96,90651.79,79959.91,118020.16,155299.43,166663.47,189482.68,205787.07,208289.04,202699.20,,
工业总产值:江西:赣州市,百万人民币,116932.1977,14866217267,121927.0982,0.816493154,-0.883235074,1.042716211,6447.25,351349.743,67004.875,18,,,,,,,,,,,,,,,,,,,,,,6447.25,6842.98,7957.96,8927.00,11510.83,17621.80,27087.10,38152.97,58208.83,75800.92,88607.55,127463.25,185984.67,214912.22,261297.80,299832.10,316774.58,351349.74,,
工业总产值:江西:吉安市,百万人民币,125073.51,15324702590,123792.9828,0.606395593,-1.245023179,0.989761803,3963.64,331765.918,74681.73,17,,,,,,,,,,,,,,,,,,,,,,,3963.64,3974.34,4618.42,6832.87,,14626.15,20780.37,36669.53,57564.69,74681.73,113493.23,155701.62,182345.53,218941.41,272942.10,297958.13,331765.92,329390.00,
工业总产值:江西:宜春市,百万人民币,124938.5969,18130069332,134647.9459,0.973937495,-0.382721263,1.077712967,6482.29,404467.648,66828.21,17,,,,,,,,,,,,,,,,,,,,,,,6482.29,6767.91,7887.75,9956.42,13009.96,20736.43,32376.68,49993.36,66828.21,86182.00,123998.26,167099.34,202296.66,252956.48,314725.73,358191.02,404467.65,,
工业总产值:江西:抚州市,百万人民币,61112.59246,3467021674,58881.42045,0.701475412,-1.001603989,0.963490798,4625.87,169445.829,40639.11,17,,,,,,,,,,,,,,,,,,,,,,,4625.87,4776.66,5332.29,6268.98,8252.55,11539.33,18182.44,31215.36,40639.11,52721.80,73474.15,81650.02,102833.91,125088.93,146410.30,156456.54,169445.83,,
工业总产值:江西:上饶市,百万人民币,105458.5408,11911830725,109141.3337,0.816337499,-0.764489163,1.034921713,5854.46,322431.547,60844.22,17,,,,,,,,,,,,,,,,,,,,,,,5854.46,5861.65,6109.44,7857.82,11400.48,17163.04,26402.20,43953.58,60844.22,79991.86,117591.09,145519.61,182920.19,220649.39,255565.13,282679.49,322431.55,,
工业总产值:山东:济南市,百万人民币,309392.9342,43848554562,209400.4646,0.416589091,-0.486421578,0.676810752,54939.88,794336.33,325375.88,21,,,,,,,,,,,,,,,,,,,54939.88,60330.37,,62858.82,68003.93,78670.11,100904.35,131854.25,175379.51,223751.03,261924.94,325375.88,391109.16,395076.62,448560.80,402848.72,447840.67,465769.37,524985.29,534075.32,548656.27,794336.33,
工业总产值:山东:青岛市,百万人民币,770408.7838,3.49306E+11,591021.1666,0.328406742,-1.479540674,0.767152684,79563.37,1681182.99,664563.64,21,,,,,,,,,,,,,,,,,,,79563.37,96834.05,,114920.36,140050.38,167174.64,206446.37,255886.95,333376.48,431661.28,518468.20,664563.64,811501.41,937861.55,1066283.45,1216596.29,1404027.64,1552329.55,1676138.01,1681182.99,1634381.33,1189336.52,
工业总产值:山东:淄博市,百万人民币,539142.6936,1.93281E+11,439637.8459,0.305491885,-1.642873034,0.815438753,49212.6,1201151.563,444250.35,21,,,,,,,,,,,,,,,,,,,49212.60,50681.94,,62835.55,81097.14,88822.12,102536.37,141369.51,189842.36,280018.65,356251.50,444250.35,531990.87,605195.65,774234.40,924479.20,1033680.44,1137670.00,1148223.12,1113558.29,1201151.56,1004894.94,
工业总产值:山东:枣庄市,百万人民币,177287.0091,18077978063,134454.3717,0.050438575,-1.870816246,0.758399458,21753.61,345357.926,173016.54,21,,,,,,,,,,,,,,,,,,,24145.73,25312.58,,21753.61,22867.80,26013.96,32013.79,44769.03,70723.05,101276.72,113467.79,173016.54,220375.10,253864.00,282287.80,328712.00,307540.42,338412.24,344039.08,343106.02,345357.93,303972.00,
工业总产值:山东:东营市,百万人民币,522582.6578,2.67455E+11,517160.3672,0.641561434,-1.323863611,0.989624052,30815.9,1358477.29,318320.32,21,,,,,,,,,,,,,,,,,,,30815.90,35039.54,,32322.59,57040.73,55115.70,58653.21,77945.38,109022.20,167331.35,246466.93,318320.32,427811.62,432283.50,603786.01,820644.99,1026748.02,1199717.90,1358477.29,1318905.14,1333464.61,1264322.88,
工业总产值:山东:烟台市,百万人民币,718529.9655,3.2432E+11,569491.2362,0.253083697,-1.563185373,0.792578269,63072.19,1643465.629,647690.04,21,,,,,,,,,,,,,,,,,,,63072.19,68735.81,,89546.95,101328.37,112529.97,137765.26,195881.63,265678.47,397480.92,519602.56,647690.04,798823.35,907729.88,1012997.77,1116395.74,1233153.91,1389144.39,1461792.33,1529755.67,1643465.63,1396558.44,
工业总产值:山东:潍坊市,百万人民币,561469.9476,2.29279E+11,478830.6763,0.415594594,-1.519873444,0.852816216,61469.84,1315279.672,433222.91,21,,,,,,,,,,,,,,,,,,,63419.40,64971.30,,61469.84,68753.42,74235.62,90885.18,124370.41,189693.07,272413.83,340469.82,433222.91,531750.73,607920.58,752922.26,913069.89,1042825.22,1160980.22,1251704.24,1275759.40,1315279.67,1154751.89,
工业总产值:山东:济宁市,百万人民币,265989.7617,43529092105,208636.2675,0.282918956,-1.508834766,0.784377061,32267.16,617095.104,239023.3,21,,,,,,,,,,,,,,,,,,,35012.44,33087.27,,32267.16,37576.47,42675.75,53278.03,72566.17,107607.41,146059.35,182747.57,239023.30,319914.75,322422.47,385718.04,382811.53,438026.48,505290.24,535433.89,547206.50,549965.07,617095.10,
工业总产值:山东:泰安市,百万人民币,268297.9695,55999477531,236642.0874,0.401926236,-1.517412409,0.882012219,20081.69,647627.43,207593.49,21,,,,,,,,,,,,,,,,,,,20081.69,23107.70,,24218.53,25075.06,29037.01,40598.61,54402.80,73335.10,107317.73,149447.78,207593.49,272971.25,312116.14,377007.20,456878.17,547469.03,618834.80,647627.43,619991.53,563144.58,464001.73,
工业总产值:山东:威海市,百万人民币,364479.7936,54160477414,232724.037,0.098253453,-1.475385935,0.638510121,55869.03,714129.425,371126.27,21,,,,,,,,,,,,,,,,,,,55869.03,65601.27,,83110.09,96667.21,105617.28,127085.01,167372.54,214093.57,288256.00,316620.34,371126.27,448503.84,488482.73,440896.46,470521.26,562686.96,600309.71,650249.32,693256.17,714129.43,693621.18,
工业总产值:山东:日照市,百万人民币,125349.3727,11411333040,106823.8412,0.139757444,-1.874670196,0.852208821,7603.29,268628.6,98110.96,21,,,,,,,,,,,,,,,,,,,7824.01,8010.92,,7603.29,9791.02,11413.14,14527.34,20761.18,34694.44,55578.62,71633.11,98110.96,151980.00,186622.04,217215.01,217634.09,227829.58,268628.60,258019.89,253988.00,245956.99,264514.59,
工业总产值:山东:莱芜市,百万人民币,85905.34471,4242692329,65135.95266,0.184336087,-1.529570277,0.758229338,8482.83,189129.325,86082.11,21,,,,,,,,,,,,,,,,,,,8482.83,9377.24,,10504.12,12273.00,14189.12,16666.72,24666.02,39503.05,57889.83,64684.59,86082.11,108256.43,102282.87,120258.25,136832.23,125412.03,159476.00,168357.67,170884.70,178804.11,189129.33,
工业总产值:山东:临沂市,百万人民币,393322.1925,1.642E+11,405216.0066,0.720968196,-1.110226282,1.030239367,18742.58,1092507.872,246514.76,21,,,,,,,,,,,,,,,,,,,30762.55,30504.15,,28666.40,32874.00,38337.74,46818.77,62968.28,90880.90,145170.62,18742.58,246514.76,318569.55,374855.66,459352.51,556936.94,721404.77,863040.77,1003591.90,1013943.29,1092507.87,1083322.03,
工业总产值:山东:德州市,百万人民币,362385.6179,1.42482E+11,377468.3535,0.811397778,-0.888117258,1.041620679,15648.99,1056946.1,217321.23,21,,,,,,,,,,,,,,,,,,,15648.99,16873.79,,16863.36,23988.38,30442.76,38616.86,52585.25,77245.32,117240.55,154855.88,217321.23,265318.68,321609.70,385576.05,518671.29,636122.01,771792.18,879158.41,978959.33,1056946.10,1034261.86,
工业总产值:山东:聊城市,百万人民币,368470.8614,1.12253E+11,335042.5258,0.490518064,-1.443147871,0.909278211,20569.82,899991.125,262151.53,19,,,,,,,,,,,,,,,,,,,,,,20569.82,24105.68,27364.31,35748.70,48319.75,67994.02,100941.78,143230.26,210433.49,262151.53,317682.38,402686.09,532377.76,665053.52,750257.63,866363.09,892970.58,899991.13,732704.85,
工业总产值:山东:滨州市,百万人民币,349543.8057,77815144774,278953.6606,0.284620946,-1.587036806,0.798050648,21499.07,746819.171,295220.725,18,,,,,,,,,,,,,,,,,,,,,,,21499.07,26734.25,33365.19,48029.51,76037.31,119991.75,166891.59,224167.30,278022.13,312419.32,368389.64,470095.65,572342.77,651273.20,718651.70,718856.27,738202.68,746819.17,
工业总产值:山东:菏泽市,百万人民币,285157.6511,86057011657,293354.7539,0.748132939,-0.999547025,1.028745863,8165.7,810431.22,165865.87,18,,,,,,,,,,,,,,,,,,,,,,,8165.70,9635.40,13543.55,18484.93,30229.16,46724.20,64204.48,96594.77,139432.26,192299.48,253203.25,342055.53,433599.57,527545.13,634361.56,718912.00,793415.53,810431.22,
工业总产值:河南:郑州市,百万人民币,478064.542,2.37407E+11,487244.6401,0.906883879,-0.630246273,1.019202633,41472.07,1446563.12,267932.44,20,,,,,,,,,,,,,,,,,,,41472.07,43851.17,,52876.01,56803.49,64005.03,71905.88,92704.94,123678.54,178915.75,236450.73,299414.15,406147.45,475297.61,591376.24,742262.83,941297.52,1093465.43,1237470.17,1365332.71,1446563.12,,
工业总产值:河南:开封市,百万人民币,86854.8965,8784056136,93723.29559,1.161082707,0.167356232,1.079079008,11078.84,301327.31,42476.13,20,,,,,,,,,,,,,,,,,,,11929.16,12495.14,,11078.84,12373.28,13421.22,13441.93,14170.69,17978.20,26747.85,37475.68,47476.58,67109.35,76772.08,97992.95,133404.82,163555.58,201410.89,204605.54,272330.84,301327.31,,
工业总产值:河南:洛阳市,百万人民币,277484.3855,66982589483,258809.9486,0.615454911,-1.274712594,0.932700945,28835.66,744733.23,186909.3,20,,,,,,,,,,,,,,,,,,,28835.66,30662.68,,30599.73,35887.24,36812.76,41974.83,56262.39,80287.42,112130.27,164998.49,208820.11,268237.87,281167.46,413230.63,496663.27,590280.41,615723.30,637376.94,675003.02,744733.23,,
工业总产值:河南:平顶山市,百万人民币,128116.9095,10696341940,103423.1209,0.194861958,-1.830401406,0.80725582,16308.76,266592.61,104946.78,21,,,,,,,,,,,,,,,,,,,17975.34,17297.68,,16308.76,17572.27,19145.73,21843.85,26768.95,38508.51,55921.31,79485.64,104946.78,149842.79,160417.13,200315.93,255356.47,227588.45,243759.43,254614.50,252732.97,266592.61,263460.00,
工业总产值:河南:安阳市,百万人民币,158952.492,19189683902,138526.8346,0.463923473,-1.468625439,0.871498351,17409.92,399102.72,112861.925,20,,,,,,,,,,,,,,,,,,,17409.92,17645.68,,19584.58,22826.54,24548.81,29141.78,38235.69,52412.06,75027.34,94863.33,130860.52,175674.07,185121.68,260486.74,312127.86,290975.57,319872.81,352465.00,360667.14,399102.72,,
工业总产值:河南:鹤壁市,百万人民币,69350.385,4766623120,69040.73522,0.802494203,-0.869564318,0.995534996,6682,200420.63,40911.135,20,,,,,,,,,,,,,,,,,,,6682.00,7151.02,,6811.25,7886.66,8887.29,10217.14,12561.26,17260.47,26312.90,34822.88,46999.39,60589.68,67322.16,98909.70,117254.11,132148.69,156029.01,177263.54,191477.92,200420.63,,
工业总产值:河南:新乡市,百万人民币,160637.1775,23588488129,153585.4424,0.752062112,-1.022464726,0.956101476,20521.99,453510.98,94927.85,20,,,,,,,,,,,,,,,,,,,22304.64,20547.78,,20521.99,22819.77,25369.64,28340.34,34466.30,43378.72,62094.55,80868.37,108987.33,146082.49,155057.88,217332.34,292421.19,323031.25,346139.76,400517.84,408950.39,453510.98,,
工业总产值:河南:焦作市,百万人民币,198712.587,36055385594,189882.5574,0.797153968,-0.705446088,0.955563813,21435,589323.53,133937.415,20,,,,,,,,,,,,,,,,,,,24030.31,24947.60,,21435.00,23480.50,26396.04,29874.95,38271.77,55245.70,85315.22,116363.41,151511.42,186543.38,207019.07,288587.79,329415.34,351902.10,422063.92,474440.97,528083.72,589323.53,,
工业总产值:河南:濮阳市,百万人民币,121325.335,14666542472,121105.5014,0.978222752,-0.309093236,0.998188065,10684.85,381816.7,76422.99,20,,,,,,,,,,,,,,,,,,,10684.85,12792.46,,13421.22,17055.04,17506.78,19100.37,26603.86,36119.21,52755.49,69694.80,83151.18,112300.88,111560.95,138526.96,201292.26,211553.38,260754.20,306932.56,342883.55,381816.70,,
工业总产值:河南:许昌市,百万人民币,195061.5045,42653267331,206526.6746,0.988220907,-0.362579599,1.058777205,11807.46,641308.32,104264.55,20,,,,,,,,,,,,,,,,,,,11807.46,15385.85,,18696.31,21736.70,25107.62,28745.81,34787.41,45633.13,63345.67,91927.75,116601.35,156870.06,179312.69,249665.45,314298.50,373724.71,432942.32,521748.08,557584.90,641308.32,,
工业总产值:河南:漯河市,百万人民币,107146.778,9290569395,96387.5998,0.758428157,-0.75981796,0.899584678,11171.04,301352.49,73967.78,20,,,,,,,,,,,,,,,,,,,11171.04,13714.36,,15588.14,18749.77,21099.07,24156.43,28487.59,35304.90,48723.80,65484.04,82451.52,103337.39,114875.03,162572.47,176845.67,188273.82,203373.00,249322.54,278052.49,301352.49,,
工业总产值:河南:三门峡市,百万人民币,139614.4295,18376693613,135560.664,0.579862485,-1.429578391,0.970964566,9642.29,360752.67,84150.44,20,,,,,,,,,,,,,,,,,,,9642.29,11770.71,,13265.87,14783.53,16635.41,18684.16,22631.77,30814.81,46643.73,69438.36,98862.52,137295.07,151729.97,203984.77,272845.39,309609.22,320032.63,344247.79,338617.92,360752.67,,
工业总产值:河南:南阳市,百万人民币,165768.575,23531893929,153401.0884,0.853269154,-0.583706216,0.925393057,25505.15,481893.06,106204.485,20,,,,,,,,,,,,,,,,,,,26582.45,29272.68,,25505.15,27589.44,30196.86,32406.13,38625.14,50206.32,71018.85,94540.24,117868.73,154810.57,163758.31,249521.30,282902.02,292973.56,299489.14,400707.82,445503.73,481893.06,,
工业总产值:河南:商丘市,百万人民币,108199.17,12591611374,112212.3495,0.982796588,-0.226553331,1.037090668,8934.59,356550.24,64551.57,19,,,,,,,,,,,,,,,,,,,,9961.07,,8934.59,10140.11,10702.23,11691.66,13900.54,20212.96,33440.13,47515.09,64551.57,87626.26,90582.48,135943.61,167567.88,190227.39,224235.13,266333.97,305667.32,356550.24,,
工业总产值:河南:信阳市,百万人民币,92192.11111,8303429276,91123.15444,0.933658681,-0.383772762,0.988405118,8066.05,282648.47,57060.025,18,,,,,,,,,,,,,,,,,,,,,,8066.05,8890.35,9842.98,11908.38,14538.39,18528.61,26728.32,38939.77,50412.74,63707.31,74360.12,111756.24,136924.66,147268.92,177189.79,222808.26,254938.64,282648.47,,
工业总产值:河南:周口市,百万人民币,147012.3141,22731315826,150769.0811,1.018259937,-0.282114915,1.025554098,15868.44,466160.35,75414.57,17,,,,,,,,,,,,,,,,,,,,,,,15868.44,17167.07,17919.15,20509.95,24678.23,33765.56,47650.69,61707.08,75414.57,93270.57,150071.29,185314.86,229458.62,299697.94,350675.21,409879.76,466160.35,,
工业总产值:河南:驻马店市,百万人民币,106432.8865,10806892811,103956.2062,0.886250047,-0.586596649,0.976730122,10916.22,316112.61,64096.27,17,,,,,,,,,,,,,,,,,,,,,,,10916.22,11931.66,12839.12,14459.25,18337.29,26300.08,36853.76,48747.65,64096.27,74843.07,113776.76,144920.72,172473.34,208707.16,249756.25,284287.86,316112.61,,
工业总产值:湖北:武汉市,百万人民币,516126.386,2.12E+11,460434.7059,0.657413059,-1.177333617,0.892096817,68368.57,1324092,317211.085,20,,,,,,,,,,,,,,,,,,,68368.57,76657.15,,75060.85,90800.45,102083.52,113898.25,133449.38,167834.19,228541.27,281858.69,352563.48,577375.51,579888.00,642459.00,877811.41,1006306.00,1142398.00,1194787.00,1286295.00,1324092.00,,
工业总产值:湖北:黄石市,百万人民币,96112.0219,6932715608,83262.93058,0.521617105,-1.456326608,0.866311299,12501.76,235950,70954,21,,,,,,,,,,,,,,,,,,,12501.76,14153.86,,13871.20,15585.65,16578.34,18270.89,21428.19,31827.76,38784.24,52805.57,70954.00,87174.00,86462.00,119757.00,160312.00,182260.00,210117.00,219061.00,200591.00,209907.00,235950.00,
工业总产值:湖北:十堰市,百万人民币,90802.29762,4670148709,68338.48629,0.64562064,-1.203050337,0.752607457,22360.31,219140,60115.87,21,,,,,,,,,,,,,,,,,,,22360.31,24292.63,,23617.40,23053.43,30005.80,40005.10,36097.78,60115.87,41130.87,41143.33,56295.62,63391.11,83240.00,128040.19,136227.39,139381.33,170963.00,187107.09,182254.00,198986.00,219140.00,
工业总产值:湖北:宜昌市,百万人民币,188403.247,44018263854,209805.2999,1.046897765,-0.37295354,1.113597049,19786.24,637877,80106.285,20,,,,,,,,,,,,,,,,,,,20711.55,23094.62,,21450.66,19786.24,20812.33,22204.81,27484.94,41271.67,55586.83,69173.59,91038.98,118771.95,153111.50,211873.59,319573.85,389726.00,456037.00,497040.83,571437.00,637877.00,,
工业总产值:湖北:襄阳市,百万人民币,192903.678,44554788494,211080.0523,1.079429479,-0.300895245,1.094225131,26647.32,645698,72262.35,20,,,,,,,,,,,,,,,,,,,36928.50,43802.37,,27832.95,26703.73,26647.32,31329.87,32526.63,36418.73,53963.82,65492.23,79032.47,111015.08,152361.00,229880.86,327697.00,377589.00,453208.00,512040.00,587906.00,645698.00,,
工业总产值:湖北:鄂州市,百万人民币,51416.606,2462952756,49628.14479,0.86319207,-0.968234057,0.965216273,7533.61,142430,25459.235,20,,,,,,,,,,,,,,,,,,,7533.61,9112.08,,9324.47,10310.54,11220.64,12784.43,15258.09,14740.31,18302.30,22010.53,28907.94,37244.42,42302.65,63309.96,90118.38,106389.82,122153.00,136237.95,128641.00,142430.00,,
工业总产值:湖北:荆门市,百万人民币,107864.033,12716187558,112766.0745,0.999873692,-0.595532687,1.045446488,13682.22,331948,49830.21,20,,,,,,,,,,,,,,,,,,,20467.53,22334.16,,13682.22,17530.77,17025.69,17115.05,20129.90,26476.50,35391.69,43806.59,55853.83,71825.74,88323.40,120010.85,173284.00,220058.23,260544.00,292512.51,308960.00,331948.00,,
工业总产值:湖北:孝感市,百万人民币,90742.8271,9194401265,95887.4406,1.056649272,-0.474489193,1.056694437,15959.9,286515,35727.965,20,,,,,,,,,,,,,,,,,,,15959.90,19763.33,,16647.79,17087.02,18394.89,19278.90,22956.84,19277.18,25221.28,30610.14,40845.79,54525.65,68814.38,100321.52,143784.51,187853.45,215988.00,243870.97,267140.00,286515.00,,
工业总产值:湖北:荆州市,百万人民币,86000.06789,6700466856,81856.37944,1.030894631,-0.489546229,0.951817614,20541.69,247476,42427.42,19,,,,,,,,,,,,,,,,,,,,28172.17,,20629.92,22097.60,20541.69,21279.14,22668.72,21698.23,24888.41,31927.40,42427.42,57959.76,66992.00,89757.00,118235.63,151988.00,190057.00,218350.20,236855.00,247476.00,,
工业总产值:湖北:黄冈市,百万人民币,65167.8465,4254215149,65224.34476,1.026092238,-0.521962772,1.000866965,11255.78,192987,25097.34,20,,,,,,,,,,,,,,,,,,,18284.38,22554.25,,14566.35,15720.08,15619.89,17116.83,17770.85,11255.78,15173.29,18565.80,27640.43,44168.00,57090.00,81307.00,96838.00,122255.00,153337.00,175746.00,185361.00,192987.00,,
工业总产值:湖北:咸宁市,百万人民币,63283.14556,4413583585,66434.80703,0.855342551,-0.974277918,1.049802541,6198.93,181591,29823.525,18,,,,,,,,,,,,,,,,,,,,,,6198.93,6930.39,7613.50,8221.45,8937.30,10906.83,13553.85,17321.49,25227.53,34419.52,44314.21,63339.53,95022.09,121472.00,150407.00,170134.00,173486.00,181591.00,,
工业总产值:湖北:随州市,百万人民币,48917.20944,2170601417,46589.71364,0.872400458,-0.895179595,0.952419694,6414.68,134622,26004.435,18,,,,,,,,,,,,,,,,,,,6414.68,,,,8502.22,8860.59,10618.69,13231.87,12306.49,14906.77,19022.41,23167.70,28841.17,32845.00,50976.29,69396.54,90389.00,105772.00,123747.35,126889.00,134622.00,,
工业总产值:湖南:长沙市,百万人民币,347240.772,1.45159E+11,380997.2675,1.024493741,-0.326104117,1.097213514,30981.79,1155828.3,150221.56,20,,,,,,,,,,,,,,,,,,,32325.09,36205.68,,30981.79,33016.41,37002.81,44417.69,53393.04,70605.78,97337.13,127175.84,173267.28,268773.60,337285.55,416542.94,597566.09,646258.00,777764.03,954476.16,1054592.23,1155828.30,,
工业总产值:湖南:株洲市,百万人民币,122891.127,13678907106,116956.86,0.779230232,-0.994823257,0.951711184,17200.45,337500,67977.165,20,,,,,,,,,,,,,,,,,,,19827.50,20028.25,,17200.45,20033.44,22249.89,24179.83,26209.80,35644.43,44165.70,56587.08,79367.25,102638.65,123169.26,171494.42,221662.93,232464.43,271859.98,300963.84,330575.41,337500.00,,
工业总产值:湖南:湘潭市,百万人民币,112365.6735,12993868820,113990.6523,0.791980638,-0.99537661,1.014461524,9659.36,329071.64,56347.575,20,,,,,,,,,,,,,,,,,,,13669.46,14350.60,,9659.36,11189.59,13151.60,15804.56,20255.08,29274.60,37970.12,47084.80,65610.35,93035.34,108626.56,149625.25,210632.28,233355.87,256267.82,283313.65,305364.94,329071.64,,
工业总产值:湖南:衡阳市,百万人民币,112504.767,11428519596,106904.2543,0.623740312,-1.264904193,0.950219775,10889.7,304290.05,65868.855,20,,,,,,,,,,,,,,,,,,,15344.93,16212.83,,10889.70,12056.65,13849.04,16170.27,21120.36,29037.13,39851.39,54291.17,77446.54,104819.63,127644.94,188324.69,282361.72,277822.75,304290.05,234396.42,205097.46,219067.67,,
工业总产值:湖南:邵阳市,百万人民币,61658.701,4905249756,70037.48822,1.082891375,-0.236471101,1.135889778,4913.11,212116.41,25580.13,20,,,,,,,,,,,,,,,,,,,7426.94,7711.46,,4913.11,5283.95,6048.29,6853.30,8450.98,11221.58,15890.10,21073.81,30086.45,40917.05,50840.29,71270.07,102225.06,122147.00,144403.17,170379.00,193916.00,212116.41,,
工业总产值:湖南:岳阳市,百万人民币,198544.07,35492442996,188394.3815,0.65403061,-1.364049553,0.948879418,21192.57,502118.83,109780.955,20,,,,,,,,,,,,,,,,,,,23712.08,25979.87,,21192.57,31558.91,31352.18,35631.17,43591.14,58711.82,76237.06,92727.53,126834.38,168972.83,199741.48,278432.53,382572.03,434127.06,465652.05,479521.96,492213.92,502118.83,,
工业总产值:湖南:常德市,百万人民币,94857.359,8236566968,90755.53409,0.783733809,-1.036799826,0.956757968,12082.37,259872.82,50732.59,20,,,,,,,,,,,,,,,,,,,16328.11,16687.30,,12082.37,14610.46,14914.50,18271.54,22045.55,29929.50,35153.69,44139.58,57325.60,77609.73,90687.00,126266.65,173295.42,187618.75,215966.08,231026.78,253315.75,259872.82,,
工业总产值:湖南:张家界市,百万人民币,6405.0855,31059184.96,5573.076795,0.508184711,-1.417666325,0.870101858,768.66,16531.41,4422.15,20,,,,,,,,,,,,,,,,,,,1094.36,1254.29,,768.66,777.54,793.00,1165.19,1577.87,2309.33,2909.44,3805.99,5038.31,6209.46,7505.04,10894.44,16531.41,11430.28,13730.59,13364.28,12788.89,14153.34,,
工业总产值:湖南:益阳市,百万人民币,65823.5005,5613295582,74921.92991,1.024048722,-0.417098731,1.138224636,4637.73,222816.19,26314.725,20,,,,,,,,,,,,,,,,,,,7360.42,7639.69,,4637.73,5075.14,5394.91,6827.11,8234.95,10667.45,15295.06,21085.75,31543.70,43339.91,56712.18,80809.03,113406.60,131586.98,156597.69,183944.60,203494.92,222816.19,,
工业总产值:湖南:郴州市,百万人民币,113188.928,14625804125,120937.1908,0.819500976,-1.048605606,1.068454247,7374.42,323519.39,58733.76,20,,,,,,,,,,,,,,,,,,,8857.48,9966.52,,7374.42,8297.01,9128.99,11432.75,16758.98,27499.94,40059.97,50312.88,67154.64,74363.12,91330.76,144008.25,220455.93,244109.64,278719.58,309846.15,323519.39,320582.16,,
工业总产值:湖南:永州市,百万人民币,41043.893,1540693431,39251.66787,0.914610112,-0.461440486,0.956333939,5289.58,126392.45,22484.735,20,,,,,,,,,,,,,,,,,,,7862.99,8793.02,,5289.58,6342.14,7294.54,8439.04,9876.90,12004.41,15303.89,19087.78,25881.69,31931.24,42151.11,59373.23,86000.96,69562.94,82955.00,83396.00,112938.95,126392.45,,
工业总产值:湖南:怀化市,百万人民币,43679.39947,1442914416,37985.71332,0.450204288,-1.619597724,0.86964825,5501.32,102832.62,28658.05,19,,,,,,,,,,,,,,,,,,,,9611.53,,5501.32,5846.04,6273.22,6888.10,8705.82,11294.87,15531.16,20155.64,28658.05,38775.06,48383.49,69989.21,102832.62,82715.16,90037.65,85641.35,90685.00,102383.30,,
工业总产值:湖南:娄底市,百万人民币,80901.03722,4505509317,67123.09079,0.392346496,-1.492951193,0.829693822,8217.82,194552.81,67206.485,18,,,,,,,,,,,,,,,,,,,,,,8217.82,8772.31,9519.82,10370.22,13905.58,24232.07,32293.22,41328.88,59139.96,84853.75,75273.01,103824.60,140010.17,147218.04,165091.69,171250.73,166363.99,194552.81,,
工业总产值:广东:广州市,百万人民币,962847.8537,4.14983E+11,644191.62,0.173298195,-1.66509293,0.669048197,163037.79,1890655,890317.136,21,,,,,,,,,,,,,,,,,,,163037.79,181424.03,,233481.39,256856.94,282915.17,317642.94,401783.24,504333.23,603205.00,728205.64,890317.14,1051491.10,1137676.45,1383124.77,1571271.51,1485708.58,1719288.00,1799797.00,1842473.00,1890655.00,1775117.00,
工业总产值:广东:韶关市,百万人民币,59460.37345,1774295102,42122.38243,0.423211388,-1.399916264,0.708410997,13688.4,128670,51839.888,22,,,,,,,,,,,,,,,,,,,14287.50,15734.34,13688.40,14530.98,15995.89,17327.09,19669.81,25155.14,34351.01,39336.04,45124.18,58555.60,67042.70,59922.75,77336.78,89519.13,100017.88,116059.00,128670.00,122178.00,123754.00,109872.00,
工业总产值:广东:深圳市,百万人民币,760737.5612,9.5305E+11,976243.0031,1.087020087,-0.189055026,1.283284871,60.61,3211915,205194.85,39,,60.61,84.44,242.82,362.12,720.41,1668.03,2412.13,3304.54,5477.22,9937.75,14405.33,21046.96,30777.49,41989.20,65500.51,99391.13,111069.74,129922.40,151758.61,205194.85,230063.55,295027.86,361418.61,431808.16,635143.55,802059.11,986754.51,1192860.01,1395800.64,1586010.76,1541624.29,1852682.00,2043212.31,2136305.23,2309521.00,2477759.00,2554244.00,2729229.00,3211915.00,
工业总产值:广东:珠海市,百万人民币,215090.4961,18419884213,135719.8741,0.082428335,-1.489517077,0.630989637,34507.09,435338,235737.122,21,,,,,,,,,,,,,,,,,,,34507.09,39831.78,,46944.68,63016.15,66229.88,75881.06,100898.40,126266.96,156956.00,195251.27,235737.12,249668.32,240504.48,297618.20,337724.89,307256.14,346086.00,370226.00,396602.00,435338.00,394356.00,
工业总产值:广东:汕头市,百万人民币,140313.4881,12023649879,109652.4048,0.626903611,-0.970028622,0.781481569,24324.77,351794,106784.605,21,,,,,,,,,,,,,,,,,,,24324.77,28868.81,,29783.34,34434.47,32488.34,36114.42,46117.17,62171.16,76137.00,88660.11,106784.61,133050.53,153109.65,189756.66,189226.03,211154.19,248180.00,277168.00,296880.00,330380.00,351794.00,
工业总产值:广东:佛山市,百万人民币,941027.2845,5.54155E+11,744415.6516,0.293813493,-1.525824135,0.791067022,91044.18,2118732,841706.113,21,,,,,,,,,,,,,,,,,,,91044.18,98584.81,,129303.06,156055.00,178234.76,204066.40,258195.60,333131.03,478088.28,628908.91,841706.11,1065847.42,1171128.00,1452746.94,1442503.08,1465396.39,1712188.00,1879665.00,1954495.00,2118732.00,2101553.00,
工业总产值:广东:江门市,百万人民币,231947.2222,18803616718,137126.2802,0.30449361,-1.451846776,0.591196044,63781.26,467120.042,223132.253,21,,,,,,,,,,,,,,,,,,,63781.26,71586.81,,80511.52,87114.60,94435.08,102777.41,111695.42,132284.74,145324.98,175249.04,223132.25,270954.81,293326.00,382890.57,467120.04,251947.13,310786.00,362549.00,399876.00,427438.00,416111.00,
工业总产值:广东:湛江市,百万人民币,113217.3071,7206943521,84893.71897,0.537712695,-1.178966524,0.749829872,22052.11,266604,96303.96,21,,,,,,,,,,,,,,,,,,,24013.81,25037.35,,22052.11,26910.27,28201.13,33233.89,40437.18,49872.29,64427.00,82511.40,96303.96,113984.92,102879.49,140495.07,175266.39,171767.19,204137.00,225733.00,227240.00,256456.00,266604.00,
工业总产值:广东:茂名市,百万人民币,118623.726,6926841499,83227.64864,0.526228549,-1.18017519,0.701610474,23194.21,267924,104238.643,21,,,,,,,,,,,,,,,,,,,23194.21,26110.77,,25886.84,37321.89,40543.38,42020.33,52143.53,61821.21,70204.00,89998.42,104238.64,119977.55,109812.62,136014.93,170391.25,177551.68,214612.00,240185.00,232805.00,248341.00,267924.00,
工业总产值:广东:肇庆市,百万人民币,151811.3033,20289019088,142439.5278,0.790892296,-1.075460173,0.938266946,25451.03,403437,67503.801,21,,,,,,,,,,,,,,,,,,,27900.85,33758.37,,36089.91,39204.11,43043.44,48465.10,44665.33,25451.03,32119.65,45422.72,67503.80,96405.39,117901.33,174418.89,246895.57,281643.89,341029.00,386350.00,403437.00,402212.00,294120.00,
工业总产值:广东:惠州市,百万人民币,321168.7389,73903540768,271852.0568,0.644531975,-1.18735393,0.846446194,43047.36,816693,221796.12,21,,,,,,,,,,,,,,,,,,,43047.36,53007.31,,54721.35,65782.84,70811.92,86238.84,102044.38,111977.62,142866.40,183396.70,221796.12,260026.46,300513.67,390517.31,476503.31,547727.92,660529.00,690135.00,704473.00,761734.00,816693.00,
工业总产值:广东:梅州市,百万人民币,33349.48057,557396674.2,23609.24976,0.401709284,-1.379193849,0.707934557,7892.77,74563,29316.057,21,,,,,,,,,,,,,,,,,,,8614.13,8703.14,,7892.77,8181.10,8347.84,9108.95,11396.20,15655.00,20698.00,24017.77,29316.06,33356.14,35111.08,45597.04,54677.57,50291.30,56799.00,65103.00,70476.00,74563.00,62434.00,
工业总产值:广东:汕尾市,百万人民币,41264.7351,1993145132,44644.65401,0.834945757,-0.978371983,1.081908169,2473.87,123347,19905.011,21,,,,,,,,,,,,,,,,,,,2473.87,2861.19,,2748.89,3008.43,3345.69,3813.64,4891.61,7307.56,11345.00,14624.84,19905.01,25781.02,31960.30,43242.30,57941.42,76062.67,96872.00,109515.00,116608.00,123347.00,108904.00,
工业总产值:广东:河源市,百万人民币,58301.40295,3140589907,56040.96633,0.534979448,-1.279044459,0.961228435,2519.92,159918,47234.539,21,,,,,,,,,,,,,,,,,,,2519.92,2791.03,,3128.13,3581.30,4216.96,4917.16,6782.23,11664.23,18210.00,31022.59,47234.54,51956.23,60468.28,83273.17,104139.39,95366.30,114014.00,140230.00,144302.00,159918.00,134594.00,
工业总产值:广东:阳江市,百万人民币,69075.94619,5328905041,72999.34959,0.885148118,-0.849247885,1.056798403,5688.15,205058,33651.345,21,,,,,,,,,,,,,,,,,,,6100.61,5963.90,,5688.15,6616.62,7698.73,9761.17,12098.87,15423.19,21381.60,25325.92,33651.35,44805.17,50456.20,69345.70,96452.43,119742.26,156409.00,186194.00,199004.00,205058.00,173418.00,
工业总产值:广东:清远市,百万人民币,98282.03948,7502461588,86616.7512,0.372665807,-0.954915608,0.881308036,6886.59,288704.28,110425.045,21,,,,,,,,,,,,,,,,,,,6886.59,7567.66,,6931.68,7750.80,7765.66,7851.41,10184.29,17122.45,36433.89,61659.64,110425.05,164605.51,202406.02,288704.28,175219.94,133443.97,143242.00,166976.00,168013.00,181351.00,159382.00,
工业总产值:广东:东莞市,百万人民币,622492.6217,2.67827E+11,517520.1593,0.648316026,-0.531598762,0.83136754,30765.56,1762853,585150.546,21,,,,,,,,,,,,,,,,,,,30765.56,36230.63,,75917.03,91464.37,103968.13,135269.12,214493.06,258322.22,394011.00,483970.03,585150.55,663282.01,607111.00,773908.69,846969.33,949255.33,1102345.00,1213371.00,1274442.00,1469246.00,1762853.00,
工业总产值:广东:中山市,百万人民币,325897.4052,52573366074,229288.8268,0.04202946,-1.653129567,0.703561376,31576.62,661480,328356.59,21,,,,,,,,,,,,,,,,,,,31576.62,37181.58,,44024.19,53295.05,68442.42,94807.94,130925.41,169470.67,222145.08,275626.52,328356.59,376653.65,405797.06,502363.09,574683.68,570215.97,567375.00,603209.00,634528.00,661480.00,491688.00,
工业总产值:广东:潮州市,百万人民币,56862.53852,2334622411,48317.93053,0.575036453,-1.147582462,0.84973221,6259.92,142296,44489.06,21,,,,,,,,,,,,,,,,,,,6259.92,6780.78,,6746.87,7387.72,9205.96,11934.88,15275.31,23184.96,29372.09,36572.93,44489.06,52137.64,58107.10,72311.93,84022.05,89163.11,108831.00,122199.00,132580.00,142296.00,135255.00,
工业总产值:广东:揭阳市,百万人民币,162228.7703,33934266254,184212.5573,0.92490958,-0.767274694,1.135511025,7297.06,513114,58306.699,21,,,,,,,,,,,,,,,,,,,7297.06,9347.01,,13353.33,13646.20,14963.61,16817.33,20912.50,25264.00,29881.88,39163.33,58306.70,88566.04,115329.00,179481.86,229898.45,282878.88,360419.00,429068.00,480312.00,513114.00,478784.00,
工业总产值:广东:云浮市,百万人民币,40726.21805,1203690953,34694.24956,1.233254874,0.417961988,0.851889796,11270.03,122161,26575.17,21,,,,,,,,,,,,,,,,,,,12981.22,13536.69,,12954.86,14671.24,14389.45,15781.86,16068.55,11270.03,15376.54,19790.69,26575.17,27440.95,32432.00,46634.19,51263.08,57313.07,78587.00,97202.00,109949.00,122161.00,58872.00,
工业总产值:广西:南宁市,百万人民币,122123.4291,15936444327,126239.6306,0.893878178,-0.706896119,1.033705256,11496.91,371306.958,66906.67,21,,,,,,,,,,,,,,,,,,,13390.26,13732.27,,11496.91,12680.47,13377.51,14911.85,20837.63,26364.66,37018.12,49548.08,66906.67,85570.94,98164.80,128540.44,172529.22,210932.67,255713.48,285663.04,323706.06,352199.98,371306.96,
工业总产值:广西:柳州市,百万人民币,188786.5605,30528031361,174722.7271,0.658092126,-1.213139921,0.925504054,22449.42,503132.65,114981.37,21,,,,,,,,,,,,,,,,,,,22449.42,24138.78,,23021.38,25272.62,28012.89,32682.20,42652.18,56742.59,69142.82,89731.35,114981.37,145516.65,177159.86,238879.37,287238.55,342688.56,391795.26,432394.43,446345.31,470539.53,503132.65,
工业总产值:广西:桂林市,百万人民币,81088.529,7068876399,84076.6103,1.003637866,-0.47777868,1.036849618,9773.79,251655.209,40838.635,20,,,,,,,,,,,,,,,,,,,9773.79,10965.94,,11325.18,12669.34,13246.61,14266.20,16136.13,20321.58,27683.82,34436.87,47240.40,63183.17,70207.02,94285.69,123552.85,158551.37,192242.17,212556.15,237471.09,251655.21,,
工业总产值:广西:梧州市,百万人民币,74483.9391,7580388867,87065.42866,0.984476986,-0.624503527,1.16891547,5039.1,251437.228,26948.18,21,,,,,,,,,,,,,,,,,,,5274.88,7543.28,,5039.10,5327.10,5370.17,5626.93,6952.58,9297.14,13105.13,17694.62,26948.18,38918.38,47801.95,71572.44,99616.68,136663.44,173966.60,192485.38,212987.15,230534.36,251437.23,
工业总产值:广西:北海市,百万人民币,62322.98495,6485722544,80533.98378,1.278834929,0.267680447,1.292203572,3999.38,250086.626,20378.64,20,,,,,,,,,,,,,,,,,,,4167.78,4233.52,,3999.38,4387.50,4765.29,4808.88,5507.92,,10278.56,13250.18,17668.78,25304.95,23088.50,32705.00,52311.15,102620.10,128491.01,159551.00,184486.93,214746.64,250086.63,
工业总产值:广西:防城港市,百万人民币,46410.12419,3089482917,55583.11719,1.139043266,0.08980853,1.197650689,1347.24,177243.63,18495.07,21,,,,,,,,,,,,,,,,,,,1567.07,1777.76,,1347.24,1463.49,1688.82,3276.29,5109.42,6637.45,8627.94,11465.02,18495.07,27717.81,34265.13,45393.14,63556.22,76723.23,96441.05,114108.45,130089.98,147618.40,177243.63,
工业总产值:广西:钦州市,百万人民币,53379.21385,3760615415,61323.85682,0.829584737,-0.891844188,1.14883402,1644.18,181114.83,21895.545,20,,,,,,,,,,,,,,,,,,,2283.49,2423.15,,1644.18,1884.78,2128.41,2540.03,3109.90,,7491.06,12076.03,18175.69,25615.40,27144.69,48174.45,94055.77,109336.00,113058.01,128348.67,135846.74,151133.00,181114.83,
工业总产值:广西:贵港市,百万人民币,36913.7487,1296438177,36006.08528,0.683335797,-1.025623521,0.975411237,3169.76,107059.602,23183.83,20,,,,,,,,,,,,,,,,,,,3877.79,3699.68,,3169.76,3571.86,3931.67,4072.08,4824.40,,9966.16,13011.48,19870.53,26497.13,32813.83,47029.86,55664.66,62407.57,73758.69,79866.51,85587.86,97593.85,107059.60,
工业总产值:广西:玉林市,百万人民币,63015.5408,3935018768,62729.72795,0.814967933,-0.841674135,0.995464407,6623.99,189241.804,33300.905,20,,,,,,,,,,,,,,,,,,,,7475.77,,6701.82,6730.61,6623.99,8626.09,10745.76,13219.06,17876.95,21333.95,29617.02,36984.79,48652.15,70290.21,92348.40,102853.70,123370.38,142997.52,158778.31,165842.53,189241.80,
工业总产值:广西:百色市,百万人民币,71219.6685,3092753150,55612.52692,0.537435546,-0.836154713,0.780859109,6724.8,178725.749,63945.675,14,,,,,,,,,,,,,,,,,,,,,,,,,6724.80,9294.82,,15618.46,20527.03,26784.88,,38045.71,57431.30,70460.05,88274.24,97445.30,111529.67,128731.68,147481.67,178725.75,
工业总产值:广西:贺州市,百万人民币,21061.44613,260944678.4,16153.78217,0.358816037,-1.518736421,0.766983524,1892.54,47663.512,15104.3,16,,,,,,,,,,,,,,,,,,,,,,,,,1892.54,2125.83,4018.38,5766.72,7678.22,11496.19,12399.18,11918.90,17809.42,25045.02,30351.10,36413.67,38336.89,42435.87,47663.51,41631.70,
工业总产值:广西:河池市,百万人民币,25475.69581,159232970.4,12618.75471,-0.481583929,-1.292649714,0.495325223,5061.49,40660.81,27288.56,16,,,,,,,,,,,,,,,,,,,,,,,,,5061.49,5793.10,8152.78,11475.72,16248.24,22634.46,24788.40,24220.18,35276.91,38983.68,29788.72,34578.34,38310.87,37183.43,34454.00,40660.81,
工业总产值:广西:来宾市,百万人民币,32143.84413,432447107,20795.36263,-0.004654213,-1.895721375,0.646946972,5219.48,60590.36,29609.28,16,,,,,,,,,,,,,,,,,,,,,,,,,5219.48,6335.85,8217.11,10434.52,13031.76,17263.40,21262.42,22390.53,36828.03,50311.41,56364.51,50289.62,52046.61,51086.79,52629.11,60590.36,
工业总产值:广西:崇左市,百万人民币,34758.31231,774307988.9,27826.39015,0.701511991,-0.479153184,0.80056793,3838.11,94058.206,26168.625,16,,,,,,,,,,,,,,,,,,,,,,,,,3838.11,4217.69,5936.62,8439.37,13218.12,16972.72,20848.05,21679.78,30657.47,40011.51,45389.27,52508.00,58776.01,65477.58,74104.49,94058.21,
工业总产值:海南:海口市,百万人民币,31424.16827,319290020.2,17868.68826,-0.120316626,-1.562337855,0.568628837,6103.73,54350,30731.61,22,,,,,,,,,,,,,,,,,,,6103.73,6264.21,,7174.61,8585.08,10013.38,12554.73,20256.43,22193.69,25072.03,28388.69,32432.97,30540.99,30922.23,41796.53,48856.02,51601.73,54260.00,49293.92,50143.19,50355.54,50172.00,54350.00
工业总产值:海南:三亚市,百万人民币,3196.917143,5914616.005,2431.998356,0.345901308,-1.594408812,0.76073237,615.37,7398,2510.59,21,,,,,,,,,,,,,,,,,,,620.15,615.37,,702.25,786.08,811.20,889.28,934.37,942.41,1415.24,,2017.60,2510.59,3151.85,4001.96,4713.14,5590.80,5642.41,6074.86,5485.30,6150.06,6682.34,7398.00
工业总产值:重庆,百万人民币,465862.5022,5.00613E+11,707540.3883,1.650976605,1.454200649,1.518775143,6434.44,2390658.026,85855.25,37,6434.44,,7723.07,,,6434.44,7723.07,14081.26,16042.15,19210.43,25296.74,29911.30,29934.90,34245.58,41912.79,58473.77,71854.18,76511.09,73041.48,79479.52,76678.94,85855.25,96232.26,107283.25,122837.41,158899.28,214272.61,252586.84,321423.40,436324.89,575589.84,677290.15,914355.32,1184705.81,1309512.35,1578540.80,1878233.31,2140001.19,2390658.03,2117321.44,
工业总产值:四川:成都市,百万人民币,443777.947,1.76467E+11,420079.2783,0.727037857,-1.080082608,0.946597913,58942.89,1229560.41,259169.915,20,,,,,,,,,,,,,,,,,,,59319.76,64007.92,,58942.89,63262.68,70769.99,81566.13,97009.76,123123.13,166143.67,211142.92,307196.91,409208.48,486434.30,580973.49,756826.47,905782.00,1042632.00,1038062.94,1123593.09,1229560.41,,
工业总产值:四川:自贡市,百万人民币,69231.3245,4193538007,64757.53243,0.571479192,-1.380124826,0.935379077,6888.56,181746.02,42722.325,20,,,,,,,,,,,,,,,,,,,8943.82,9789.97,,6888.56,7347.30,8718.37,10589.95,12381.24,17737.15,26531.13,36158.66,49285.99,65256.11,80941.26,110816.74,133092.00,134214.00,152027.00,161807.30,170353.92,181746.02,,
工业总产值:四川:攀枝花市,百万人民币,68683.3375,3155573812,56174.49432,0.576076124,-1.330187334,0.817876597,12242.4,165044.58,46494.765,20,,,,,,,,,,,,,,,,,,,12242.40,13205.15,,13130.59,15643.48,16873.19,18625.38,21125.23,26621.44,35509.67,41514.33,51475.20,74374.04,72626.52,95324.89,120579.08,128559.00,142922.00,153679.00,154591.58,165044.58,,
工业总产值:四川:泸州市,百万人民币,64805.8825,4586505055,67723.7407,0.83038304,-0.847887803,1.045024589,5962.92,201788.16,28884.02,20,,,,,,,,,,,,,,,,,,,7747.38,8283.45,,5962.92,6962.43,7257.32,7800.28,9767.70,12860.96,17933.36,23569.40,34198.64,49970.45,68312.98,94918.24,131744.59,116015.78,152864.00,157795.39,180364.22,201788.16,,
工业总产值:四川:德阳市,百万人民币,120581.532,12925020111,113688.2585,0.832785648,-0.688191822,0.94283309,15522.24,354521.16,80416.22,20,,,,,,,,,,,,,,,,,,,15612.87,17238.43,,15522.24,17215.38,19242.61,23162.29,28154.87,37938.75,52000.01,69124.55,91707.89,98048.68,126879.86,160140.90,203758.00,220359.00,252887.00,291982.63,316133.52,354521.16,,
工业总产值:四川:绵阳市,百万人民币,99144.408,6804783945,82491.11434,0.796915975,-0.881390964,0.832029925,23678,260350.66,64775.1,20,,,,,,,,,,,,,,,,,,,25009.79,29975.34,,24803.84,24100.79,23678.00,30331.04,33992.44,35131.11,43508.07,55395.68,74154.52,80807.58,107102.64,126753.01,167638.00,177103.00,200075.00,219029.09,243948.56,260350.66,,
工业总产值:四川:广元市,百万人民币,25896.551,788305138.5,28076.77222,0.930530077,-0.761895886,1.084189637,2226.82,81954.42,11573.48,20,,,,,,,,,,,,,,,,,,,3479.86,3860.01,,2226.82,2424.14,2759.46,3518.35,4169.23,5839.53,7476.89,9549.07,13597.89,15568.75,20767.92,32023.35,46210.62,56931.13,62497.00,68754.86,74321.72,81954.42,,
工业总产值:四川:遂宁市,百万人民币,47412.9735,2416678489,49159.72426,0.700203485,-1.262680511,1.036841198,3492.02,132826.8,21615.3,20,,,,,,,,,,,,,,,,,,,5772.06,6556.86,,3492.02,3813.87,4047.42,4844.95,6485.34,9054.74,12097.00,17350.04,25880.56,38368.41,48876.68,70946.97,100255.00,96878.00,113102.00,129766.23,117844.52,132826.80,,
工业总产值:四川:内江市,百万人民币,73872.071,4604434919,67855.98661,0.466468808,-1.661240894,0.918560773,5833.18,177265,42176.375,20,,,,,,,,,,,,,,,,,,,13701.45,14690.61,,5833.18,6211.37,8004.95,10675.00,14721.98,20102.63,25957.37,35904.14,48448.61,70720.55,93260.51,129256.00,164360.97,143822.52,164207.00,165448.58,164849.00,177265.00,,
工业总产值:四川:乐山市,百万人民币,75493.31,4027377997,63461.62618,0.398236714,-1.681591088,0.840625827,9476.31,170708.78,49840.35,20,,,,,,,,,,,,,,,,,,,15843.05,10629.45,,9476.31,11437.63,13024.43,16180.41,20679.85,27070.44,33782.64,42109.99,57570.71,79491.64,99034.22,129883.66,150764.00,138779.00,158426.00,168376.45,156597.54,170708.78,,
工业总产值:四川:南充市,百万人民币,79037.7865,6769606896,82277.62087,0.780113553,-0.826167198,1.040990955,3960.47,246926.05,41769.89,20,,,,,,,,,,,,,,,,,,,4914.35,5697.46,,3960.47,5214.87,6435.31,7660.70,11661.70,14872.09,23512.87,34411.00,49128.78,71200.74,99249.88,112457.77,134521.53,156033.00,181309.00,193596.08,217992.08,246926.05,,
工业总产值:四川:眉山市,百万人民币,59165.56706,2498819001,49988.18862,0.605244056,-1.008948035,0.844886496,5131.29,154985.25,44349.56,17,,,,,,,,,,,,,,,,,,,,,,,5131.29,5888.81,7531.27,10832.64,17354.50,24159.92,24260.77,33535.43,44349.56,52198.25,75554.75,105367.92,82537.00,102373.00,122599.95,137154.33,154985.25,,
工业总产值:四川:宜宾市,百万人民币,87286.60684,5724986452,75663.64022,0.526821653,-1.457814363,0.866841351,10612.42,220256.59,56334.22,19,,,,,,,,,,,,,,,,,,,,10851.18,,10612.42,12563.28,14932.54,17869.57,22012.82,28282.19,34986.21,42282.50,56334.22,73985.18,92105.35,123072.94,173206.47,169889.34,177240.00,182364.04,195598.69,220256.59,,
工业总产值:四川:广安市,百万人民币,58571.06421,3809936885,61724.68619,0.747374645,-0.972141799,1.053842661,2035.02,175640,28738.76,19,,,,,,,,,,,,,,,,,,,,,,2035.02,2143.80,2566.06,3385.02,4633.56,7249.80,10342.72,13295.94,18972.11,28738.76,41710.00,60659.03,89888.13,97551.23,113381.00,129115.73,144172.31,167370.00,175640.00,
工业总产值:四川:达州市,百万人民币,52662.76889,1843243748,42933.01466,0.090480108,-1.949280829,0.815244158,4451.8,106571.7,47126.125,18,,,,,,,,,,,,,,,,,,,,,,4458.12,4451.80,5082.50,6041.14,7845.14,11414.43,17360.97,23946.94,37670.33,56581.92,75440.75,103967.96,104732.38,93395.00,89029.00,106571.70,98810.92,101128.84,,
工业总产值:四川:雅安市,百万人民币,25005.16611,408146448.6,20202.63469,0.334764191,-1.535483811,0.807938432,2583.7,58555,20145.345,18,,,,,,,,,,,,,,,,,,,,,,,2583.70,3034.25,3459.94,4348.59,5614.35,6932.60,8716.14,12426.09,17409.29,22881.40,31693.26,43224.19,38727.19,39993.00,44844.00,49900.00,55750.00,58555.00,
工业总产值:四川:巴中市,百万人民币,18552.43824,427025392.2,20664.59272,0.924502848,-0.578398858,1.113847811,675.56,60267.71,7944.16,17,,,,,,,,,,,,,,,,,,,,,,,675.56,811.98,1143.26,1395.77,1960.71,2629.21,3590.42,4800.86,7944.16,12051.92,17559.63,30551.00,31001.00,37467.00,46884.25,54657.01,60267.71,,
工业总产值:四川:资阳市,百万人民币,84038.15944,5378311262,73336.97064,0.389640963,-1.441080521,0.872662742,3571.78,200520.1,73742.985,18,,,,,,,,,,,,,,,,,,,,,,,3571.78,4046.94,5366.28,7464.45,12330.50,19370.75,29135.82,41401.09,62985.58,84500.39,117340.66,158638.49,174030.00,192387.00,200520.10,188024.19,100032.85,111540.00,
工业总产值:贵州:贵阳市,百万人民币,98779.842,7144866494,84527.31212,1.021669709,-0.154192198,0.855714186,17594.35,283227.14,71278.65,20,,,,,,,,,,,,,,,,,,,17594.35,21376.03,,22479.34,24962.75,25884.94,29589.43,35694.19,44265.22,57406.45,66964.94,75592.36,86671.78,89674.96,105834.79,146628.63,159289.73,201431.40,222915.42,258112.99,283227.14,,
工业总产值:贵州:六盘水市,百万人民币,53256.1115,2933768789,54164.27595,0.834222071,-0.847806432,1.017052774,3947.22,158236.24,28234.745,20,,,,,,,,,,,,,,,,,,,3947.22,4518.52,,5228.40,6168.52,6544.06,7997.86,10077.09,14288.16,19346.35,23586.32,32883.17,49524.21,49432.84,66297.75,92795.75,107792.88,121160.14,143765.66,141531.09,158236.24,,
工业总产值:贵州:遵义市,百万人民币,71478.73947,5185368663,72009.50398,1.18756495,0.329798495,1.007425488,10861.22,240346.92,37836.56,19,,,,,,,,,,,,,,,,,,,,10861.22,,11078.09,10961.17,12189.84,15699.87,16928.18,21653.01,23614.41,29348.94,37836.56,54585.85,56566.52,79371.90,104514.24,109266.76,147836.04,170260.81,205175.72,240346.92,,
工业总产值:贵州:安顺市,百万人民币,21883.62412,354703061.9,18833.56211,1.003899775,-0.337502956,0.860623543,4450.38,61241.12,12880.89,17,,,,,,,,,,,,,,,,,,,,,,,4450.38,5143.63,5588.14,6891.65,8551.21,6307.38,10231.68,12880.89,10713.47,16946.76,20400.81,25932.59,32743.21,42042.92,47132.00,54823.77,61241.12,,
工业总产值:云南:昆明市,百万人民币,163631.9233,12510408858,111849.939,0.181706982,-1.650220532,0.683545953,34288.87,332392,161449.98,21,,,,,,,,,,,,,,,,,,,34288.87,36038.79,,36057.29,38339.43,41100.30,48231.50,58095.73,75002.82,101813.67,133135.77,161449.98,179155.12,184082.55,243613.00,260373.90,301028.00,322476.00,254630.67,301192.00,293773.00,332392.00,
工业总产值:云南:曲靖市,百万人民币,80137.529,3788799889,61553.2281,0.310743792,-1.612323748,0.76809491,10301.36,170109,70255.13,20,,,,,,,,,,,,,,,,,,,,10301.36,,10927.44,12307.33,15198.47,18572.28,21897.37,27722.99,36017.25,50330.76,60788.10,79722.16,80885.83,100089.08,120353.50,145514.00,169492.00,158510.66,152875.00,161136.00,170109.00,
工业总产值:云南:玉溪市,百万人民币,74164.3545,2238961613,47317.66703,0.262977917,-1.679482336,0.638010906,20613.42,148040,68355.14,20,,,,,,,,,,,,,,,,,,,20613.42,,,23614.04,24218.70,23761.92,23521.60,26854.15,32514.32,39440.87,46097.42,61545.37,78144.85,75164.91,94444.60,111085.63,125845.66,133291.00,134099.63,126157.00,134832.00,148040.00,
工业总产值:云南:保山市,百万人民币,14806.73667,229313222,15143.09156,0.938429931,-0.556105508,1.022716342,1343.47,46270,7765.59,18,,,,,,,,,,,,,,,,,,,,,,,1343.47,1598.87,1567.77,1659.14,1989.97,3242.46,4523.83,5727.43,7179.12,8352.06,10800.76,15306.00,20878.00,27707.00,31807.38,36338.00,40230.00,46270.00,
工业总产值:云南:昭通市,百万人民币,20572.13941,216036606.7,14698.18379,0.273680779,-1.637996176,0.714470357,2892.33,43403,16313,17,,,,,,,,,,,,,,,,,,,,,,,,2892.33,3584.60,3974.73,5507.27,7275.17,9771.97,12423.81,13185.43,16313.00,20406.00,26401.26,32610.92,37783.00,36413.88,37888.00,39892.00,43403.00,
工业总产值:云南:丽江市,百万人民币,7072.35875,27809360.31,5273.458098,0.14115776,-1.80594691,0.745643467,622.92,14863,6132.9,16,,,,,,,,,,,,,,,,,,,,,,,,,622.92,845.43,1274.16,1702.78,2249.33,2927.07,3930.09,5179.33,7086.47,9594.48,12553.00,14863.00,12827.68,12947.00,13144.00,11411.00,
工业总产值:云南:普洱市,百万人民币,12357.43533,69560850.86,8340.314794,0.316320996,-1.632949169,0.674922795,2215.42,24591,9636.7,15,,,,,,,,,,,,,,,,,,,,,,,,,,2215.42,2948.90,3592.17,4308.68,6338.82,6993.71,7883.62,9636.70,12443.46,16303.00,20002.00,21761.05,22063.00,24591.00,24280.00,
工业总产值:云南:临沧市,百万人民币,12887.56815,95642365.71,9779.691493,0.489621535,-1.504108173,0.758846927,2000.68,29131,8989,15,,,,,,,,,,,,,,,,,,,,,,,,,,2000.68,3231.17,3017.23,4027.74,5402.74,6267.81,6425.00,8989.00,12127.52,16136.43,21209.00,24350.20,26123.00,29131.00,24875.00,
工业总产值:西藏:拉萨,百万人民币,6891.601996,15687774.26,3960.779501,0.816499367,0.099142575,0.574725514,2071.33,15010.427,6469.304959,11,,,,,,,,,,,,,,,,,,,,,,,,,,,,,,2071.33,3247.27,3672.20,3782.43,4854.67,6469.30,7174.40,8516.04,9711.52,11298.03,15010.43,
工业总产值:陕西:西安市,百万人民币,204386.7123,32058450727,179048.7384,0.579804006,-1.32212726,0.876029251,24063.23312,542306,119460.41,23,,,,,,,,,,,,,,,,,,24063.23,28150.82,30394.11,35514.71,37671.68,43343.25,50502.46,54623.72,67692.67,89259.79,95218.05,119460.41,162385.32,203075.58,249050.22,313015.07,355221.25,406630.59,449761.89,442006.00,434615.56,466932.00,542306.00,
工业总产值:陕西:铜川市,百万人民币,20097.49145,433503238.4,20820.74058,0.866475972,-0.87438756,1.035987035,1580.2,56591.29,9953.02,23,,,,,,,,,,,,,,,,,,1580.20,2198.26,2547.17,2696.53,2920.76,3083.93,3010.70,3337.59,4213.18,5990.93,7048.78,9953.02,12433.89,16683.72,19501.64,24905.01,33575.63,46180.21,54966.41,56591.29,56523.45,55983.00,36317.00,
工业总产值:陕西:宝鸡市,百万人民币,100524.916,10086607517,100432.104,0.810840296,-0.905745225,0.999076726,11584.1,292965,53666.91,23,,,,,,,,,,,,,,,,,,11584.10,12328.87,12426.12,12562.44,12620.80,13998.13,15512.52,18375.90,25294.88,31547.28,40995.35,53666.91,67220.00,89577.07,99599.08,134045.31,170179.67,198669.21,225852.08,227497.49,259942.84,292965.00,285612.00,
工业总产值:陕西:咸阳市,百万人民币,114330.2848,14180283458,119080.9954,0.917053847,-0.79452928,1.041552513,13501.96,354150,45851.6,23,,,,,,,,,,,,,,,,,,13501.96,15178.00,17303.58,18222.07,20289.25,20870.01,21724.45,23122.46,28612.85,30965.00,35916.20,45851.60,56560.65,86024.45,103883.04,140192.46,185453.96,229351.88,263299.64,300205.33,316488.70,354150.00,302429.00,
工业总产值:陕西:渭南市,百万人民币,77351.90789,6064738063,77876.42816,0.754473543,-1.13743227,1.006780961,7474.09,214137,37763.32,23,,,,,,,,,,,,,,,,,,7474.09,7998.93,8740.10,8960.23,9579.38,10027.37,11293.00,13604.25,19174.21,25778.56,33771.11,37763.32,47426.77,63800.27,76722.07,103982.78,136002.63,163435.78,172847.23,195932.20,205386.60,214137.00,205256.00,
工业总产值:陕西:延安市,百万人民币,74535.96339,3703150261,60853.51478,0.22335278,-1.574506923,0.816431586,3339.160548,170856.745,76406.97,23,,,,,,,,,,,,,,,,,,3339.16,5695.97,7532.71,6983.45,8390.00,13100.00,16078.00,18852.00,25593.24,34810.31,53699.61,76406.97,90519.65,105350.85,96950.23,122731.22,150485.98,164675.96,161232.26,170856.75,141723.84,109042.00,130277.00,
工业总产值:陕西:汉中市,百万人民币,36745.7484,1334061864,36524.81162,0.987428046,-0.504785435,0.993987419,5332.97,117169,20437.07,23,,,,,,,,,,,,,,,,,,5332.97,5661.67,6291.14,6379.62,6258.07,6842.63,7630.90,8910.87,11006.93,14276.30,16540.86,20437.07,24110.85,26060.29,31079.22,40441.27,54542.28,71808.84,85610.27,87356.07,92203.10,99202.00,117169.00,
工业总产值:陕西:榆林市,百万人民币,130109.3716,20838002263,144353.74,0.694578912,-1.194650648,1.109479957,1674.834038,414271,52819.92,23,,,,,,,,,,,,,,,,,,1674.83,1818.56,2015.28,2248.30,2460.15,3660.73,6820.12,11919.58,14226.55,27838.99,36003.62,52819.92,77386.80,126986.37,139255.50,191769.80,261352.94,313098.27,312081.73,344919.74,320636.77,327250.00,414271.00,
工业总产值:陕西:安康市,百万人民币,28198.3319,1670870469,40876.28248,1.591190151,1.460929964,1.449599311,1248.789063,137951,5628.36,23,,,,,,,,,,,,,,,,,,1248.79,1613.11,1904.17,1592.59,1636.67,2005.75,2062.60,2502.88,3044.76,3771.36,4356.91,5628.36,8156.49,9747.65,13247.45,19215.49,30922.23,48219.72,63481.60,78796.58,94507.48,112948.00,137951.00,
工业总产值:陕西:商洛市,百万人民币,22438.89625,1083977046,32923.80668,1.562357778,1.271942958,1.467264981,561.37,107068,4139.22,23,,,,,,,,,,,,,,,,,,561.37,642.69,692.24,792.31,945.00,1147.00,1419.00,1640.00,2200.00,2682.06,3276.18,4139.22,6008.31,7442.92,10456.09,17699.29,26507.26,36504.47,47992.73,63410.65,79337.18,93530.65,107068.00,
工业总产值:甘肃:兰州市,百万人民币,130617.0943,8133115192,90183.78564,0.368624809,-1.453118886,0.690443974,27345.72,283994,118061.74,21,,,,,,,,,,,,,,,,,,,27345.72,30264.70,,29408.84,36857.09,39652.28,43624.95,52154.90,64991.12,78878.16,95313.31,118061.74,137620.72,132488.00,159260.00,208374.42,231100.00,266947.03,283994.00,248517.00,236148.00,221957.00,
工业总产值:甘肃:嘉峪关市,百万人民币,36110.21081,987579983.6,31425.78533,0.4691474,-1.239535383,0.870274214,2627.37,92907,31297.52,21,,,,,,,,,,,,,,,,,,,2627.37,3035.88,,3497.60,4046.81,4601.24,5006.03,6941.61,9612.82,19116.63,22189.21,31297.52,39386.62,41742.00,51558.00,71539.24,68866.34,85025.50,92907.00,84252.00,47593.00,63472.00,
工业总产值:甘肃:金昌市,百万人民币,39655.15076,936193471.4,30597.27882,0.105335886,-1.725926003,0.771583974,4030.05,81488,42959.74,21,,,,,,,,,,,,,,,,,,,4751.46,4430.96,,4030.05,5697.64,5903.23,6085.24,8565.54,15378.25,21673.28,33695.84,51026.20,44199.67,42959.74,54110.44,66654.09,70634.48,76448.06,80850.00,76974.00,77202.00,81488.00,
工业总产值:甘肃:白银市,百万人民币,31622.55457,514041659.6,22672.48684,0.322079717,-1.61213845,0.71697202,6991.66,66756,28192.13,21,,,,,,,,,,,,,,,,,,,7064.18,7629.76,,6991.66,8201.86,7935.53,8659.38,10062.20,13750.10,17350.82,23071.53,28192.13,31998.86,32858.98,42990.63,50929.30,60731.98,64766.75,66756.00,60167.00,56399.00,57566.00,
工业总产值:甘肃:天水市,百万人民币,11832.89562,71612293.44,8462.404708,0.507045407,-1.345170812,0.715159246,2879.43,25580,8767.56,21,,,,,,,,,,,,,,,,,,,3129.91,3151.95,,2965.11,2879.43,3486.20,3711.65,4498.66,5895.82,7173.58,7995.32,8767.56,11438.87,12351.15,16332.82,14971.34,18287.78,23144.67,24880.00,24125.00,25580.00,23724.00,
工业总产值:甘肃:武威市,百万人民币,18460.67506,249013681.7,15780.16735,0.765068843,-0.872796591,0.854799042,2507.57,48110,13031.89,17,,,,,,,,,,,,,,,,,,,,,,,,2507.57,2552.09,2980.92,4063.89,5793.28,6936.69,8846.92,9749.83,13031.89,17551.65,20426.12,31502.27,38679.35,48110.00,37552.00,45136.00,18411.00,
工业总产值:甘肃:张掖市,百万人民币,15079.92725,113141009.7,10636.77628,0.411144997,-1.194628811,0.70535992,2297.63,33630,13255.035,16,,,,,,,,,,,,,,,,,,,,,,,,,2297.63,2739.82,3706.83,4193.02,5901.79,7896.44,10664.95,11311.45,15198.62,16583.60,19955.45,25504.23,28070.00,31350.00,33630.00,22275.00,
工业总产值:甘肃:平凉市,百万人民币,13304.03125,68642524.1,8285.0784,0.448788231,-0.818310156,0.622749469,2502.93,28596.094,13264.275,16,,,,,,,,,,,,,,,,,,,,,,,,,2799.64,2502.93,5320.09,5251.59,6311.61,7652.42,10377.48,11550.00,14978.55,19432.51,26528.59,28596.09,23826.00,16850.00,15570.00,15317.00,
工业总产值:甘肃:酒泉市,百万人民币,37661.28131,579810981.6,24079.26456,0.516734209,-1.018727049,0.639363923,9375.24,80542.32,29946.79,16,,,,,,,,,,,,,,,,,,,,,,,,,9375.24,9770.30,12236.50,13984.43,17460.96,24866.44,27976.58,26869.30,48802.65,56835.08,69769.71,80542.32,76387.00,51537.00,44250.00,31917.00,
工业总产值:甘肃:庆阳市,百万人民币,39578.07769,737554342.5,27157.95174,0.16577508,-1.731509199,0.686186731,5280.04,76597.291,34721.915,16,,,,,,,,,,,,,,,,,,,,,,,,,5280.04,6523.25,8871.78,12771.05,17209.07,19935.02,24811.27,28854.52,40589.31,70889.41,76597.29,72890.23,74883.00,60009.00,66836.00,46299.00,
工业总产值:甘肃:定西市,百万人民币,7465.601467,29734305.78,5452.91718,0.475509728,-1.538230836,0.730405608,1548.71,16451,5274.95,15,,,,,,,,,,,,,,,,,,,,,,,,,,1548.71,1791.26,1704.93,2046.42,4257.85,4164.50,4451.59,5274.95,5605.54,9281.28,13148.00,13771.00,14362.00,16451.00,14125.00,
工业总产值:甘肃:陇南市,百万人民币,9220.490143,17557942.13,4190.219819,0.247760345,-1.38582221,0.454446537,3117.51,15502,8070.61,14,,,,,,,,,,,,,,,,,,,,,,,,,,,3117.51,4436.91,6781.53,8692.22,5824.01,5024.00,7449.00,7408.29,9882.40,12164.00,13358.00,14927.00,15502.00,14520.00,
工业总产值:青海:西宁市,百万人民币,64034.53552,3615111076,60125.79377,0.650015405,-1.219052231,0.938958849,6712.87,175088.435,41693.51,21,,,,,,,,,,,,,,,,,,,6712.87,7389.57,,7113.10,8278.13,8463.94,9291.76,11489.59,18067.47,22774.11,31923.88,41693.51,54669.31,54561.62,75122.07,104297.90,117166.72,134879.10,152951.75,150682.33,175088.44,152108.08,
工业总产值:宁夏:银川市,百万人民币,68764.7254,4517468278,67212.11407,0.834581,-0.83118169,0.977421399,6612.26,192761.76,44696.84,20,,,,,,,,,,,,,,,,,,,7346.94,7501.36,,6612.26,7891.24,8718.15,11762.39,14648.67,19829.74,32227.99,40170.86,49222.82,59994.63,68852.76,81750.24,100314.64,137719.16,165871.76,178862.83,183234.31,192761.76,,
工业总产值:宁夏:石嘴山市,百万人民币,29294.4366,479383846.7,21894.83607,0.229547683,-1.640307613,0.747405945,4405.19,65101.69,24959.895,20,,,,,,,,,,,,,,,,,,,4405.19,4912.28,,5124.03,6092.63,6773.02,6140.98,9065.35,15653.66,17355.24,21122.35,28797.44,40512.30,39506.13,42378.82,50152.16,52886.20,54691.63,57366.36,57851.27,65101.69,,
工业总产值:宁夏:吴忠市,百万人民币,27839.36272,395779333.5,19894.20351,0.651929737,-1.123542533,0.714607001,7341.02,63401.94,22210.215,18,,,,,,,,,,,,,,,,,,,,,,7599.45,7341.02,8608.49,8992.93,11218.24,10176.81,12434.03,18461.33,20726.77,23989.32,23693.66,30157.98,40605.00,44893.24,51929.39,58868.95,58009.99,63401.94,,
工业总产值:宁夏:固原市,百万人民币,1872.073733,1865569.287,1365.858443,0.684571105,-0.884918473,0.7295965,361.79,4270.21,1548.986,15,,,,,,,,,,,,,,,,,,,,,,,,,652.07,952.25,361.79,410.80,1815.19,622.36,835.55,1141.77,1548.99,2036.50,2723.72,2863.43,3615.56,4230.92,4270.21,,
工业总产值:宁夏:中卫市,百万人民币,21346.69162,233303081.4,15274.26206,0.269139359,-1.790276751,0.715532989,3549.47,43105.06,15871.36,13,,,,,,,,,,,,,,,,,,,,,,,,,,,3549.47,4608.56,5631.53,7683.10,10542.73,12477.40,15871.36,25709.24,30556.44,40718.46,37876.96,39176.68,43105.06,,
工业总产值:新疆:乌鲁木齐市,百万人民币,113772.46,7785992675,88238.27217,0.300851121,-1.643845138,0.775567937,16868.66,255218.85,91989.36,21,,,,,,,,,,,,,,,,,,,16868.66,18915.13,,18472.41,22372.58,25178.89,27392.62,31109.43,41821.70,54010.41,68980.26,91989.36,131835.07,127480.17,167271.54,199257.99,215083.75,242700.70,255218.85,206325.31,197647.70,229289.13,
工业总产值:新疆:克拉玛依市,百万人民币,87494.63957,3117928722,55838.41618,0.192655036,-1.273233892,0.638192425,15350.97,177677.305,90504.9,21,,,,,,,,,,,,,,,,,,,15350.97,17766.54,,16692.95,27420.51,27658.99,26770.23,39033.64,53397.60,73404.28,90504.90,94297.69,117909.26,88037.47,133039.69,163903.66,169387.59,177677.31,170082.80,107433.81,100453.70,127163.85,
