"点击这里以选择指标，然后再点击""更新""或""下载编辑""按钮更新或新增及移除数列",单位,平均,方差,标准差,偏度,峰度,变异系数,最小,最大,中位数,观测次数,1990,1991,1992,1993,1994,1995,1996,1997,1998,1999,2000,2001,2002,2003,2004,2005,2006,2007,2008,2009,2010,2011,2012,2013,2014,2015,2016,2017,2018
商品房销售价格:地级市合计,人民币/平方米,2657.25,163304.9167,404.1100304,0.490620509,-2.749820506,0.152078288,2280,3150,2599.5,4,,,,,,,,,,,,,2280.00,2378.00,2821.00,3150.00,,,,,,,,,,,,,
商品房销售价格:北京,人民币/平方米,10497.12703,52174739.56,7223.208398,0.809316473,-0.435828355,0.688112888,2255,27497.19006,6788.09,23,,,,2255.00,3582.00,3364.00,4487.00,5371.00,,5647.00,4919.00,5062.00,4764.00,4737.00,5243.00,6788.09,8279.51,11553.26,12418.00,13799.00,17782.01,16845.83,17021.63,18552.89,18833.00,22632.51,27497.19,,
商品房销售价格:天津,人民币/平方米,6340.090265,14722396.64,3836.97754,0.729329093,-0.092915514,0.605192888,2251,15331.40057,5913.055694,20,,,,,,2261.87,,,,2251.00,2328.00,2375.00,2487.00,2518.00,3155.00,4054.73,4773.54,5811.11,6015.00,6886.00,8197.06,9238.31,8217.69,8745.92,9218.59,10106.94,12829.63,15331.40,
商品房销售价格:河北:石家庄,人民币/平方米,3906.816417,6560767.915,2561.399601,1.082060672,0.16632992,0.655623231,1547,9828.713046,2610,19,,,,,,,,,,1923.00,1724.00,1949.00,1811.00,1581.00,1547.00,1869.65,2068.43,2451.65,2610.00,3765.00,3881.53,4740.50,4930.94,5503.30,5737.00,8317.77,7990.04,9828.71,
商品房销售价格:河北:唐山,人民币/平方米,3765.118514,2404764.17,1550.730205,-0.182961226,-1.629675197,0.411867568,1513,5865.207514,3811.105809,16,,,,,,,,,,,,,1513.00,1554.00,1873.00,2170.00,2325.00,3114.00,3074.00,3533.00,4089.21,5183.29,5865.21,5302.78,5291.00,5278.11,4716.63,5359.67,
商品房销售价格:河北:秦皇岛市,人民币/平方米,4229.206879,2588239.555,1608.800657,-0.130468187,-1.177817364,0.38040245,1784,6692.995926,4409.872164,16,,,,,,,,,,,,,2078.00,1784.00,2059.00,2458.00,2869.00,3697.00,3952.00,4313.00,4506.74,4931.01,5166.61,6693.00,5615.00,5332.03,5632.48,6580.43,
商品房销售价格:河北:邯郸市,人民币/平方米,3198.477662,2476470.895,1573.680684,0.488823258,-0.7620368,0.492009278,1239,6291.096547,3116.193689,16,,,,,,,,,,,,,1326.00,1239.00,1590.00,1586.00,1877.00,2170.00,2432.00,2956.00,3276.39,3467.95,3817.47,4321.49,4437.00,4759.82,6291.10,5628.44,
商品房销售价格:河北:邢台市,人民币/平方米,2495.642745,1247449.385,1116.892737,0.196961321,-1.20995182,0.447537108,945,4356.145652,2271.285271,16,,,,,,,,,,,,,945.00,1094.00,1001.00,1810.00,1647.00,1839.00,1998.00,2051.00,2491.57,2842.27,3038.96,3310.51,3557.00,3996.88,3951.95,4356.15,
商品房销售价格:河北:保定市,人民币/平方米,2840.849733,2135656.624,1461.388595,0.787904002,-0.085058292,0.514419534,1123,6057.819878,2546.332333,16,,,,,,,,,,,,,1123.00,1464.00,1221.00,1422.00,1625.00,1962.00,2205.00,2434.00,2658.66,2999.63,3174.56,3948.43,4057.00,3976.86,5124.63,6057.82,
商品房销售价格:河北:张家口市,人民币/平方米,2869.39701,2344251.595,1531.094901,0.844985009,0.061427095,0.533594653,1172,6421.12665,2545.344828,16,,,,,,,,,,,,,1536.00,1172.00,1322.00,1417.00,1609.00,1761.00,1821.00,2270.00,2820.69,2975.56,3606.00,3825.58,4152.00,4595.54,4605.86,6421.13,
商品房销售价格:河北:承德市,人民币/平方米,3199.554679,1623582.353,1274.19871,0.518356459,-0.663920883,0.398242517,1673,5852.570612,3013.096725,16,,,,,,,,,,,,,1965.00,1792.00,1673.00,1788.00,1973.00,2592.00,2429.00,2857.00,3169.19,3719.59,3632.41,4086.01,4355.00,4443.84,4865.26,5852.57,
商品房销售价格:河北:沧州市,人民币/平方米,3045.337558,2260289.586,1503.42595,0.579530402,-0.655404263,0.493681216,1344,6179.898957,2830.016091,16,,,,,,,,,,,,,1402.00,1434.00,1344.00,1540.00,1683.00,2121.00,2149.00,2696.00,2964.03,3413.12,3613.94,4392.54,4089.00,4641.55,5062.32,6179.90,
商品房销售价格:河北:廊坊市,人民币/平方米,5142.643202,10664067.69,3265.588414,0.804676715,-0.072367374,0.635001941,1313,12147.51833,4517.029089,16,,,,,,,,,,,,,1313.00,1433.00,1804.00,2086.00,2630.00,3384.00,3931.00,4157.00,4877.06,5344.79,5876.88,6481.06,7874.00,8298.94,10644.04,12147.52,
商品房销售价格:河北:衡水市,人民币/平方米,2358.215268,1091785.224,1044.885268,0.971383154,0.268067785,0.443083073,1235,4799.427166,1997.652209,16,,,,,,,,,,,,,1407.00,1235.00,1322.00,1445.00,1471.00,1736.00,1821.00,1812.00,2174.30,2437.96,2653.70,2864.81,3235.00,3505.50,3811.74,4799.43,
商品房销售价格:山西:太原市,人民币/平方米,4889.274116,6100866.433,2469.993205,0.098330858,-1.554997731,0.505186076,1305,8950.51392,4013,19,,,,,,,,,,1305.00,1632.00,2035.00,2191.00,3165.00,2675.00,3575.31,3578.51,3862.37,4013.00,4830.00,7244.59,6888.75,6792.69,7424.72,7615.22,7485.29,7632.25,8950.51,
商品房销售价格:山西:大同市,人民币/平方米,3055.309095,1689685.11,1299.878883,0.114370107,-1.721205407,0.425449224,1378,4819.373341,2898.369269,16,,,,,,,,,,,,,1378.00,1393.00,1480.00,1890.00,2092.00,2115.00,2253.00,2824.00,2972.74,3255.07,4285.90,4626.56,4503.05,4587.03,4410.23,4819.37,
商品房销售价格:山西:阳泉市,人民币/平方米,2515.274838,1022491.977,1011.183453,0.060114864,-1.101139549,0.402017083,1072,4097.884232,2619.251656,16,,,,,,,,,,,,,1195.00,1072.00,1180.00,1480.00,1611.00,2112.00,2414.00,2754.00,2602.60,2635.90,2797.02,3284.19,3157.43,3824.30,4027.07,4097.88,
商品房销售价格:山西:长治市,人民币/平方米,2727.04499,936709.7513,967.8376678,0.093856969,-1.244360313,0.354903447,1172,4260.810693,2575.561224,16,,,,,,,,,,,,,1172.00,1444.00,2062.00,1918.00,1804.00,2376.00,2031.00,2525.00,2626.12,2931.18,3325.66,3564.20,3750.17,3806.80,4260.81,4035.77,
商品房销售价格:山西:晋城市,人民币/平方米,3008.258476,1643592.975,1282.026901,-0.186795462,-1.361634093,0.426169131,1104,4674.729339,2920.628664,16,,,,,,,,,,,,,1185.00,1104.00,1271.00,1598.00,2015.00,2838.00,2826.00,2749.00,3003.26,3493.40,3717.93,4429.88,4520.09,4089.98,4616.87,4674.73,
商品房销售价格:山西:朔州市,人民币/平方米,2167.642998,790746.3773,889.2392127,0.383532114,-1.218451371,0.410233241,1037,3621.872982,2064.163078,16,,,,,,,,,,,,,1062.00,1037.00,1458.00,1116.00,1512.00,1547.00,1853.00,2188.00,2060.76,2067.56,2230.76,2936.85,3447.32,3621.87,3389.03,3155.13,
商品房销售价格:山西:晋中市,人民币/平方米,2643.772457,1712504.323,1308.626884,0.120171945,-1.696830754,0.494984688,823,4452.620853,2302.519197,16,,,,,,,,,,,,,823.00,954.00,1268.00,1533.00,1515.00,1803.00,1973.00,2119.00,2486.04,3046.29,3935.75,3837.12,4174.59,4249.56,4130.38,4452.62,
商品房销售价格:山西:运城市,人民币/平方米,2076.95032,660967.5589,812.9991137,0.345485641,-1.479034507,0.391438883,1005,3365.455744,1843.727273,16,,,,,,,,,,,,,1005.00,1145.00,1235.00,1415.00,1444.00,1502.00,1544.00,1817.00,1870.45,2239.88,2528.30,2857.41,2888.83,3214.09,3159.79,3365.46,
商品房销售价格:山西:忻州市,人民币/平方米,2062.841285,739612.6184,860.0073362,0.276121351,-1.515927443,0.416904268,980,3526.38788,1949.589985,16,,,,,,,,,,,,,980.00,1053.00,1224.00,1251.00,1352.00,1499.00,1815.00,1296.00,2084.18,2329.51,2558.16,3039.78,2883.02,3018.99,3095.43,3526.39,
商品房销售价格:山西:临汾市,人民币/平方米,2700.674198,1196357.196,1093.781146,-0.055950102,-0.995456338,0.405002998,951,4278.144732,2643.611111,16,,,,,,,,,,,,,971.00,951.00,1536.00,1764.00,1958.00,2439.00,2437.00,2705.00,2582.22,2891.56,2959.54,3507.55,3983.35,4032.72,4278.14,4214.71,
商品房销售价格:山西:吕梁市,人民币/平方米,2236.02177,907912.086,952.8442087,0.081630544,-1.497882924,0.42613369,952,3677.357641,2406.419753,16,,,,,,,,,,,,,1063.00,952.00,1139.00,1488.00,1150.00,1591.00,1651.00,2265.00,2547.84,2597.30,2565.13,3149.50,3599.26,3311.19,3029.76,3677.36,
商品房销售价格:内蒙古:呼和浩特市,人民币/平方米,3433.893106,3370786.239,1835.970109,0.367560871,-1.434318037,0.534661404,1332,6510.1387,2731,19,,,,,,,,,,1481.00,1332.00,1539.00,1498.00,1552.00,1648.00,2056.79,2367.73,2595.99,2731.00,3887.00,4104.90,4170.84,5445.19,5232.67,5473.66,5193.48,6424.59,6510.14,
商品房销售价格:内蒙古:包头市,人民币/平方米,3452.784236,2491568.939,1578.470443,-0.429906572,-1.503712339,0.457158726,1011,5245.236112,3900.888935,16,,,,,,,,,,,,,1011.00,1114.00,1308.00,1732.00,1940.00,3064.00,3091.00,3380.00,4459.86,4421.78,4566.79,5245.24,5144.56,4898.03,4764.59,5103.71,
商品房销售价格:内蒙古:乌海市,人民币/平方米,3041.090781,2571542.463,1603.602963,0.211634649,-1.662850304,0.52731177,1019,5464.326427,2652.538922,16,,,,,,,,,,,,,1019.00,1140.00,1436.00,1500.00,1607.00,2013.00,1957.00,2044.00,3261.08,3975.98,4352.39,4230.16,5443.70,5464.33,4480.68,4733.13,
商品房销售价格:内蒙古:赤峰市,人民币/平方米,2880.602822,1926781.914,1388.085701,0.209205125,-1.498934909,0.481873339,1195,5001.356589,2720.077537,16,,,,,,,,,,,,,1253.00,1195.00,1221.00,1395.00,1652.00,1869.00,2312.00,2508.00,2932.16,3400.21,3661.23,4137.60,3964.48,4793.48,5001.36,4794.12,
商品房销售价格:内蒙古:通辽市,人民币/平方米,2422.282288,1105778.587,1051.560073,0.420747708,-1.66885759,0.43411954,1273,4053.325811,2088.340326,16,,,,,,,,,,,,,1452.00,1273.00,1287.00,1433.00,1449.00,1605.00,1797.00,1924.00,2252.68,2256.37,3268.43,3522.89,3826.57,3551.38,4053.33,3804.87,
商品房销售价格:内蒙古:鄂尔多斯市,人民币/平方米,3315.447042,1892682.367,1375.74793,-0.531054982,-1.504215675,0.414950959,1148,4857.0108,4054.47543,16,,,,,,,,,,,,,1148.00,1476.00,1262.00,1675.00,1988.00,2836.00,3029.00,3985.00,4698.97,4857.01,4637.10,4453.95,4349.88,4371.79,4123.95,4155.50,
商品房销售价格:内蒙古:呼伦贝尔市,人民币/平方米,2722.149199,970272.7302,985.0242282,-0.035502373,-1.647577448,0.361855342,1385,4188.149074,2673.083497,16,,,,,,,,,,,,,1412.00,1385.00,1541.00,1714.00,1869.00,1932.00,2562.00,2447.00,2784.17,3862.00,3332.92,3445.07,3691.36,4188.15,3635.53,3753.20,
商品房销售价格:内蒙古:巴彦淖尔市,人民币/平方米,2619.781047,1954488.489,1398.030217,0.651112473,-0.564327379,0.533643916,866,5599.414063,2254.93697,16,,,,,,,,,,,,,1237.00,866.00,1261.00,1335.00,1393.00,1842.00,1725.00,2143.00,2366.87,2706.96,3255.59,5599.41,3775.39,3876.56,4266.03,4267.68,
商品房销售价格:内蒙古:乌兰察布市,人民币/平方米,1899.756137,551907.3701,742.9046844,0.121354829,-1.640171905,0.391052657,909,3018.718357,1749.520096,16,,,,,,,,,,,,,1176.00,915.00,909.00,1177.00,1223.00,1481.00,1415.00,1700.00,1799.04,2314.10,2518.29,2647.71,3018.72,2689.59,2516.64,2896.01,
商品房销售价格:辽宁:沈阳市,人民币/平方米,4624.93047,3250723.846,1802.976385,0.437468992,-1.328845561,0.389838593,2689,8062.417577,4127,19,,,,,,,,,,2792.00,2689.00,2739.00,2738.00,2916.00,2911.00,3186.93,3376.17,3698.98,4127.00,4464.00,5411.11,5887.57,6321.26,6347.68,6217.13,6860.63,7127.80,8062.42,
商品房销售价格:辽宁:大连市,人民币/平方米,5876.650215,7415026.526,2723.054631,0.106601297,-1.558131791,0.463368506,2329,10314.99104,5774,19,,,,,,,,,,2329.00,2607.00,2801.00,2843.00,2921.00,3116.00,3747.44,4525.23,5567.76,5774.00,6249.00,7043.86,8051.15,8003.54,8263.26,9215.77,8929.47,9353.88,10314.99,
商品房销售价格:辽宁:鞍山市,人民币/平方米,3372.130995,957119.9576,978.3250777,-0.251375475,-1.460311811,0.290120722,1840,4664.126582,3512.868017,16,,,,,,,,,,,,,1840.00,2055.00,1998.00,2436.00,2645.00,2901.00,2914.00,3366.00,3659.74,4164.42,4072.23,4119.99,4664.13,4610.13,4128.96,4379.51,
商品房销售价格:辽宁:抚顺市,人民币/平方米,3326.542895,1681857.058,1296.864317,-0.099872128,-1.72877655,0.389853478,1592,5033.175599,3403.689355,16,,,,,,,,,,,,,1592.00,1715.00,1669.00,1802.00,2195.00,2391.00,2843.00,3155.00,3652.38,4093.58,4556.02,5007.32,5033.18,4487.16,4450.55,4582.51,
商品房销售价格:辽宁:本溪市,人民币/平方米,3061.492177,872130.3812,933.8792113,-0.155716783,-1.475854057,0.305040535,1706,4395.664485,3235.610721,16,,,,,,,,,,,,,1855.00,1741.00,1706.00,2124.00,2266.00,2509.00,2716.00,3125.00,3346.22,3626.31,3587.66,3736.44,3942.36,4029.03,4395.66,4278.20,
商品房销售价格:辽宁:丹东市,人民币/平方米,3182.446692,1469990.596,1212.431687,0.047943607,-1.43480134,0.380974704,1400,4810.043662,3224.385194,16,,,,,,,,,,,,,1456.00,1400.00,1961.00,2101.00,2174.00,2412.00,2609.00,3168.00,3280.77,3377.76,3719.30,4313.74,4680.53,4810.04,4681.04,4774.96,
商品房销售价格:辽宁:锦州市,人民币/平方米,2905.135276,971952.1221,985.8763219,0.163301315,-1.560845658,0.339356425,1720,4451.526664,2921.343672,16,,,,,,,,,,,,,1828.00,1955.00,1779.00,1815.00,1720.00,1962.00,2582.00,2683.00,3461.76,3222.22,3159.69,3573.75,4147.96,4451.53,3934.61,4206.65,
商品房销售价格:辽宁:营口市,人民币/平方米,2920.333403,1595088.454,1262.968113,-0.138408561,-1.946873111,0.432473947,1242,4354.903981,3150.003755,16,,,,,,,,,,,,,1242.00,1383.00,1430.00,1555.00,1619.00,1847.00,2213.00,2840.00,3460.01,3802.15,4178.97,4354.90,4292.17,4318.78,4125.12,4064.22,
商品房销售价格:辽宁:阜新市,人民币/平方米,2607.450295,1066784.136,1032.852427,-0.10242926,-1.576028726,0.396115864,1181,3913.209352,2612.845395,16,,,,,,,,,,,,,1181.00,1187.00,1219.00,1672.00,1627.00,2033.00,2465.00,2307.00,2760.69,3090.19,3156.47,3806.87,3913.21,3844.85,3748.21,3707.71,
商品房销售价格:辽宁:辽阳市,人民币/平方米,3074.77773,1238585.751,1112.917675,-0.089630883,-1.70897655,0.36195061,1545,4493.524869,3181.353604,16,,,,,,,,,,,,,1574.00,1545.00,1740.00,1937.00,2055.00,2239.00,2637.00,2968.00,3394.71,3663.51,3739.92,4247.67,4419.37,4493.52,4179.05,4363.70,
商品房销售价格:辽宁:盘锦市,人民币/平方米,3007.168983,1238403.265,1112.835687,-0.290136946,-1.797720724,0.370060909,1523,4406.354293,3397.867011,16,,,,,,,,,,,,,1604.00,1523.00,1598.00,1766.00,1814.00,1818.00,3000.00,3281.00,3514.73,3689.11,3938.92,4182.62,4252.76,4406.35,3767.27,3958.93,
商品房销售价格:辽宁:铁岭市,人民币/平方米,2634.844433,1136291.127,1065.969571,0.084244175,-1.593778781,0.404566417,1204,4188.294897,2563.756178,16,,,,,,,,,,,,,1204.00,1296.00,1301.00,1551.00,1861.00,2009.00,2057.00,2325.00,2802.51,2879.64,3307.79,3696.36,4188.29,3899.66,3871.74,3907.51,
商品房销售价格:辽宁:朝阳市,人民币/平方米,2301.345103,795146.8596,891.710076,0.266411117,-1.470352181,0.387473428,1187,3665.019115,2191.307898,16,,,,,,,,,,,,,1212.00,1187.00,1280.00,1411.00,1599.00,1689.00,2062.00,1869.00,2320.62,2463.92,2650.03,3089.63,3374.17,3567.30,3665.02,3381.83,
商品房销售价格:辽宁:葫芦岛市,人民币/平方米,3060.915302,1815599.826,1347.441956,0.05278501,-1.656578428,0.440208834,1402,4983.075035,3045.532637,16,,,,,,,,,,,,,1490.00,1416.00,1402.00,1446.00,1736.00,2224.00,2490.00,2766.00,3518.39,3325.07,4233.82,4583.01,4055.61,4983.08,4420.79,4884.88,
商品房销售价格:吉林:长春市,人民币/平方米,4102.482623,3684110.046,1919.403565,0.243681502,-1.764412622,0.467863911,1780,7017.228184,3489,19,,,,,,,,,,1917.00,1780.00,2282.00,2421.00,2155.00,2260.00,2393.23,2558.39,3249.64,3489.00,4142.00,5177.96,6131.51,5540.20,6025.26,6261.05,6589.39,6557.30,7017.23,
商品房销售价格:吉林:吉林市,人民币/平方米,3007.464009,1820021.283,1349.081644,0.041938035,-1.682100597,0.448577819,1215,5017.162286,3034.185372,16,,,,,,,,,,,,,1215.00,1262.00,1636.00,1625.00,1654.00,2017.00,2238.00,2748.00,3320.37,3991.99,3772.46,4023.48,4343.66,4720.70,4534.61,5017.16,
商品房销售价格:吉林:四平市,人民币/平方米,2395.894716,997969.1799,998.9840739,0.323375106,-1.518195469,0.416956583,1208,3937.197793,2196.853512,16,,,,,,,,,,,,,1208.00,1383.00,2131.00,1324.00,1252.00,1482.00,1674.00,1912.00,2262.71,2581.67,2865.06,3273.78,3937.20,3792.44,3700.30,3555.17,
商品房销售价格:吉林:辽源市,人民币/平方米,2407.178261,1027122.265,1013.470407,0.359894188,-1.423626968,0.421020089,1098,4174.043303,2029.287827,16,,,,,,,,,,,,,1098.00,1399.00,1520.00,1283.00,1452.00,1821.00,1872.00,1846.00,2186.58,2937.03,2767.86,3435.04,3588.18,3421.39,4174.04,3713.73,
商品房销售价格:吉林:通化市,人民币/平方米,2489.856439,1057512.367,1028.354203,0.298499959,-1.459723796,0.413017468,1227,4159.090909,2285.31334,16,,,,,,,,,,,,,1273.00,1227.00,1364.00,1428.00,1685.00,1720.00,1976.00,2188.00,2382.63,3001.06,2849.56,3206.54,3755.53,3829.40,3792.90,4159.09,
商品房销售价格:吉林:白山市,人民币/平方米,2162.239333,508775.2422,713.2848255,-0.144339106,-1.502335039,0.329882458,1102,3128.854081,2186.858407,16,,,,,,,,,,,,,1102.00,1266.00,1127.00,1487.00,1831.00,1686.00,1746.00,2010.00,2363.72,3003.73,2592.83,2715.08,3059.61,2730.48,2746.52,3128.85,
商品房销售价格:吉林:松原市,人民币/平方米,2677.809169,1953370.986,1397.63049,0.18713629,-1.585858101,0.521930579,884,5028.812685,2494.148092,16,,,,,,,,,,,,,952.00,884.00,1429.00,2127.00,1700.00,1229.00,1722.00,1360.00,2861.30,4272.73,3305.56,3853.47,5028.81,4231.85,4072.81,3815.43,
商品房销售价格:吉林:白城市,人民币/平方米,2165.886938,798782.3771,893.7462599,0.850816311,-0.037457532,0.412646775,1076,3993.393889,2041.572826,14,,,,,,,,,,,,,1076.00,,,1297.00,1239.00,1527.00,1835.00,1512.00,1781.48,2341.88,2307.34,2456.58,3049.72,2248.15,3993.39,3657.88,
商品房销售价格:黑龙江:哈尔滨市,人民币/平方米,4224.063792,3905745.541,1976.295914,0.502857684,-1.012030639,0.46786602,1919,8374.357844,3793,19,,,,,,,,,,1919.00,2154.00,2257.00,2336.00,2353.00,2494.00,2700.23,2702.93,3053.44,3793.00,4226.00,5332.77,5548.25,5493.04,6186.85,6194.66,6446.21,6692.47,8374.36,
商品房销售价格:黑龙江:齐齐哈尔市,人民币/平方米,2913.682727,1446328.858,1202.634133,0.034366744,-1.637061509,0.412753977,1352,4597.74313,2936.619718,15,,,,,,,,,,,,,1399.00,1352.00,,1557.00,1602.00,1870.00,2091.00,2765.00,2936.62,3278.73,3383.75,3915.80,4170.51,4307.88,4478.21,4597.74,
商品房销售价格:黑龙江:鸡西市,人民币/平方米,2705.077532,891761.1213,944.3310443,-0.514599884,-1.274542335,0.349095741,1010,3891.735353,3195.723992,15,,,,,,,,,,,,,1379.00,1010.00,,1633.00,1764.00,1981.00,2227.00,2833.00,3286.89,3430.92,3346.04,3319.63,3891.74,3195.72,3615.62,3662.61,
商品房销售价格:黑龙江:鹤岗市,人民币/平方米,2306.484687,821008.0931,906.0949691,-0.168269333,-1.589855464,0.392846731,958,3484.711499,2157.035176,15,,,,,,,,,,,,,958.00,964.00,,1327.00,1501.00,1648.00,1790.00,2086.00,2157.04,3189.39,3058.82,3367.22,3484.71,3236.06,2791.94,3038.09,
商品房销售价格:黑龙江:双鸭山市,人民币/平方米,2135.731665,665373.3137,815.7041827,-0.258026041,-1.229179253,0.381931961,853,3383.146028,2539.68254,15,,,,,,,,,,,,,948.00,853.00,,1187.00,1247.00,1592.00,1789.00,2065.00,2539.68,3383.15,3174.19,2619.74,2769.17,2661.47,2621.58,2585.99,
商品房销售价格:黑龙江:大庆市,人民币/平方米,3661.002437,1714882.436,1309.535198,-0.293592311,-1.278998659,0.357698532,1570,5495.120221,4220.111366,15,,,,,,,,,,,,,1570.00,1667.00,,2156.00,2570.00,2626.00,2970.00,3569.00,4220.11,4538.35,4501.60,4232.76,4827.91,5495.12,4600.28,5370.90,
商品房销售价格:黑龙江:伊春市,人民币/平方米,1888.749863,736413.0611,858.1451282,0.364629733,-1.243192738,0.454345567,883,3494.771563,1725.388601,15,,,,,,,,,,,,,883.00,1042.00,,1016.00,932.00,1040.00,1344.00,1551.00,1725.39,1958.11,2384.13,2752.50,2715.46,2657.03,2835.87,3494.77,
商品房销售价格:黑龙江:佳木斯市,人民币/平方米,2448.396132,1060754.19,1029.929216,-0.042663047,-1.641642609,0.420654649,1058,4003.90581,2639.607321,16,,,,,,,,,,,,,1215.00,1183.00,1058.00,1306.00,1452.00,1659.00,1948.00,2508.00,2771.21,3121.66,3148.61,3249.11,3218.76,3584.38,3747.70,4003.91,
商品房销售价格:黑龙江:七台河市,人民币/平方米,2587.082612,907628.3207,952.6952927,-0.048985544,-1.808112104,0.36825082,1323,3919.83466,2664.122137,15,,,,,,,,,,,,,1336.00,1323.00,,1712.00,1467.00,1827.00,1947.00,2031.00,2664.12,3356.15,3647.40,3551.59,3294.87,3574.82,3154.46,3919.83,
商品房销售价格:黑龙江:牡丹江市,人民币/平方米,2778.537321,1030388.099,1015.080341,-0.303100651,-1.825257519,0.365329029,1337,3903.924664,3277.010561,15,,,,,,,,,,,,,1413.00,1337.00,,1650.00,1574.00,1800.00,2100.00,2700.00,3277.01,3370.58,3403.72,3784.22,3827.74,3822.00,3714.85,3903.92,
商品房销售价格:黑龙江:黑河市,人民币/平方米,2395.705558,697576.1836,835.2102631,-0.585402584,-1.359172417,0.348628094,1087,3364.101242,2689.899965,14,,,,,,,,,,,,,,1087.00,,1694.00,1273.00,1113.00,1700.00,2661.00,2650.77,3039.85,2944.84,2842.66,3364.10,3187.70,2718.80,3263.15,
商品房销售价格:黑龙江:绥化市,人民币/平方米,2399.239798,1093530.232,1045.719959,-0.196513237,-1.675404095,0.435854707,729,3591.629252,2396.044499,15,,,,,,,,,,,,,729.00,1227.00,,1187.00,1299.00,1486.00,1716.00,2285.00,2396.04,3036.56,2972.09,3581.02,3509.37,3451.10,3591.63,3521.79,
商品房销售价格:上海,人民币/平方米,9926.690189,49313983.24,7022.391561,0.821759848,-0.49105186,0.707425277,2572,24747.29375,7196.000146,23,,,,,,2572.00,3200.00,3199.00,3493.00,3422.00,3565.00,3866.00,4134.00,5118.00,6639.00,6842.00,7196.00,8361.00,8195.00,12840.00,14400.10,14502.80,14061.34,16419.99,16787.05,20949.38,24747.29,23803.91,
商品房销售价格:江苏:南京市,人民币/平方米,7210.397965,21603821.06,4647.991078,0.969997826,0.025460155,0.644623376,2790,17753.7255,5206.42125,18,,,,,,,,,,2980.00,2790.00,2907.00,2923.00,3148.00,3516.00,4076.95,4477.10,5303.84,5109.00,7185.00,9564.87,9309.85,10106.32,11494.97,,11488.73,17753.73,15652.80,
商品房销售价格:江苏:无锡市,人民币/平方米,6109.999079,7315225.071,2704.667276,-0.215891044,-1.196754372,0.442662469,1814,10607.73714,6878.615398,16,,,,,,,,,,,,,1814.00,2216.00,2534.00,3679.00,4000.00,4573.00,5375.00,5997.00,7764.33,8637.14,8384.92,7870.59,7760.23,7866.21,8680.83,10607.74,
商品房销售价格:江苏:徐州市,人民币/平方米,3497.366149,2883910.037,1698.20789,0.22759017,-1.55638131,0.485567658,1344,6267.950667,3222,15,,,,,,,,,,,,,1344.00,1439.00,1728.00,1854.00,2149.00,2382.00,2674.00,3222.00,3739.95,4473.24,4908.04,5337.17,,5455.83,5486.31,6267.95,
商品房销售价格:江苏:常州市,人民币/平方米,4523.399459,3499731.176,1870.756846,0.130640203,-1.240524335,0.413573212,1874,7339.514763,4177,12,,,,,,,,,,,,,1874.00,2186.00,2477.00,3683.00,3991.00,3944.00,4363.00,4831.00,6041.17,7339.51,6808.97,6742.14,,,,,
商品房销售价格:江苏:苏州市,人民币/平方米,5850.578164,6948271.095,2635.957339,0.14596698,-1.403686105,0.45054647,2157,9620.532164,5419,12,,,,,,,,,,,,,2157.00,2574.00,3203.00,4430.00,4591.00,5146.00,5692.00,6423.00,8243.46,9012.56,9114.38,9620.53,,,,,
商品房销售价格:江苏:南通市,人民币/平方米,3690.069324,2264202.719,1504.726792,0.096065036,-1.511726551,0.407777378,1630,5641.903746,3409,12,,,,,,,,,,,,,1630.00,1826.00,2120.00,2579.00,3212.00,3571.00,3247.00,4378.00,4833.54,5625.43,5641.90,5616.96,,,,,
商品房销售价格:江苏:连云港市,人民币/平方米,3135.874963,1733565.655,1316.649405,0.56719505,-0.447689656,0.419866679,1255,5754.686214,2694,13,,,,,,,,,,,,,1255.00,1678.00,2155.00,2309.00,2335.00,2561.00,2694.00,3111.00,3536.48,4331.16,4399.77,4646.27,,,,5754.69,
商品房销售价格:江苏:淮安市,人民币/平方米,3078.744911,2100312.896,1449.24563,0.667503224,-0.54597455,0.470726115,1249,6002.203644,2669,13,,,,,,,,,,,,,1249.00,1613.00,1881.00,1889.00,2069.00,2483.00,2669.00,2914.00,3629.99,4601.98,4431.02,4591.49,,,,6002.20,
商品房销售价格:江苏:盐城市,人民币/平方米,3382.172889,2399376.154,1548.99198,-0.08922878,-1.573126006,0.457987226,1116,5719.004534,3475.511096,16,,,,,,,,,,,,,1209.00,1116.00,1631.00,1900.00,2066.00,2305.00,2686.00,3084.00,3867.02,4432.50,4585.53,4573.52,5027.85,4764.87,5147.47,5719.00,
商品房销售价格:江苏:扬州市,人民币/平方米,3872.640909,2875379.695,1695.694458,0.367783772,-1.267286022,0.437865141,1571,6430.42687,3454,12,,,,,,,,,,,,,1571.00,2007.00,2316.00,2858.00,2882.00,3293.00,3615.00,4382.00,4846.22,6026.43,6244.62,6430.43,,,,,
商品房销售价格:江苏:镇江市,人民币/平方米,4398.355969,4320215.36,2078.512776,0.180559532,-0.908989222,0.472565838,1436,8532.193344,4765.083778,16,,,,,,,,,,,,,1436.00,1761.00,2056.00,2328.00,2587.00,3073.00,3387.00,4091.00,5439.17,6196.35,5564.04,5999.58,6088.59,5502.11,6332.66,8532.19,
商品房销售价格:江苏:泰州市,人民币/平方米,4117.167516,3295398.987,1815.323383,-0.187182343,-1.612149102,0.440915599,1459,6300.7429,3916,15,,,,,,,,,,,,,1459.00,1511.00,1843.00,2497.00,2891.00,3197.00,3694.00,3916.00,4738.14,6300.74,6111.18,6108.80,5779.48,5916.13,5795.04,,
商品房销售价格:江苏:宿迁市,人民币/平方米,2205.703828,1019071.44,1009.490683,0.676441656,-1.14620589,0.457672817,1066,3802.604224,1778.5,12,,,,,,,,,,,,,1066.00,1206.00,1274.00,1589.00,1671.00,1684.00,1873.00,2278.00,2727.30,3802.60,3616.97,3680.57,,,,,
商品房销售价格:浙江:杭州市,人民币/平方米,9427.331607,29955573.76,5473.16853,0.277264938,-1.196729512,0.580563913,2845,20354.06048,8409,19,,,,,,,,,,2888.00,2940.00,2845.00,3526.00,3939.00,4248.00,5618.61,6218.29,7615.67,8409.00,10555.00,14133.06,13282.07,13447.38,15021.99,13900.17,14424.03,15753.97,20354.06,
商品房销售价格:浙江:宁波市,人民币/平方米,7281.862281,16043875.05,4005.480626,-0.107463373,-1.688957478,0.550062672,1949,13324.52643,7224,19,,,,,,,,,,1965.00,1949.00,2040.00,2613.00,2865.00,3389.00,5027.49,5437.49,6251.49,7224.00,8992.00,11223.62,11032.33,11239.84,11100.00,10744.73,10708.37,11228.51,13324.53,
商品房销售价格:浙江:温州市,人民币/平方米,10415.3896,26041408.17,5103.078303,-0.244753599,-1.461820593,0.489955585,2841,17371.78888,12445.72414,16,,,,,,,,,,,,,2841.00,3141.00,3823.00,4904.00,5829.00,7510.00,8839.00,13586.00,13449.02,16877.70,17371.79,16467.85,14039.79,12583.77,13075.64,12307.67,
商品房销售价格:浙江:嘉兴市,人民币/平方米,5435.540559,6240640.456,2498.12739,0.2608607,-0.40431363,0.459591344,1898,10758.3623,5669.716334,16,,,,,,,,,,,,,1898.00,1992.00,2395.00,3372.00,3440.00,4032.00,4417.00,4999.00,6340.43,6919.74,7161.31,7315.89,7117.06,7184.35,7626.49,10758.36,
商品房销售价格:浙江:湖州市,人民币/平方米,5033.27872,4759086.251,2181.533005,-0.273371212,-1.447282916,0.433421856,1815,8353.212797,5681.023798,16,,,,,,,,,,,,,1854.00,1815.00,2034.00,2793.00,3333.00,3857.00,4191.00,5084.00,6278.05,6761.25,6800.80,6992.67,6557.47,6882.42,6945.58,8353.21,
商品房销售价格:浙江:绍兴市,人民币/平方米,6191.833179,6653297.628,2579.398695,-0.453578486,-1.341179776,0.41658078,1884,9356.797315,6976.075455,16,,,,,,,,,,,,,1884.00,2529.00,2396.00,3735.00,4383.00,5054.00,5354.00,6359.00,7593.15,8443.53,8659.82,9356.80,8279.77,8095.37,7949.70,8997.19,
商品房销售价格:浙江:金华市,人民币/平方米,6497.386562,11454196.3,3384.404867,-0.003168774,-1.605142461,0.520887103,1608,11257.38411,5972.1315,16,,,,,,,,,,,,,1608.00,1857.00,2463.00,3848.00,3800.00,4760.00,4367.00,5455.00,6489.26,8128.13,9795.97,9529.39,10517.83,10535.09,9547.14,11257.38,
商品房销售价格:浙江:衢州市,人民币/平方米,4701.061569,6588853.537,2566.876222,0.262583955,-1.242955925,0.54602055,1403,9602.253913,4512.295202,16,,,,,,,,,,,,,1403.00,1795.00,1732.00,2353.00,2409.00,2796.00,3058.00,3725.00,5299.59,6935.37,6746.28,6807.69,6543.37,6441.49,7569.95,9602.25,
商品房销售价格:浙江:舟山市,人民币/平方米,7390.757768,12491758.67,3534.368213,-0.116879378,-1.631926596,0.478214592,2231,12237.79203,7871.337916,16,,,,,,,,,,,,,2231.00,2831.00,2920.00,3856.00,4269.00,4903.00,6167.00,6679.00,9063.68,10366.28,10666.06,11937.20,11143.95,9275.70,9705.47,12237.79,
商品房销售价格:浙江:台州市,人民币/平方米,6512.004115,7516587.941,2741.639645,-0.373821374,-1.406713353,0.421013193,1948,9661.122957,6784.06146,16,,,,,,,,,,,,,1948.00,2653.00,2595.00,4177.00,4726.00,5101.00,5381.00,6429.00,7139.12,8722.72,9549.26,9661.12,8910.46,8981.60,9149.27,9068.50,
商品房销售价格:浙江:丽水市,人民币/平方米,6083.407097,7104912.416,2665.504158,-0.327248882,-1.272296674,0.438159754,1687,9423.929099,6056.916667,16,,,,,,,,,,,,,1687.00,2060.00,2484.00,3718.00,4404.00,4977.00,5487.00,6218.00,5895.83,7440.84,8627.69,8145.97,9423.93,8943.09,8633.10,9189.06,
商品房销售价格:安徽:合肥市,人民币/平方米,4663.602299,7593063.61,2755.551417,0.746773783,-0.381637936,0.590863294,1707,10750.73033,3592,19,,,,,,,,,,1872.00,1707.00,1753.00,1753.00,2088.00,2550.00,3006.33,3110.15,3307.08,3592.00,4228.00,5904.47,6326.00,6155.91,6283.47,7156.80,7695.02,9369.50,10750.73,
商品房销售价格:安徽:芜湖市,人民币/平方米,4102.243082,2918390.582,1708.329764,-0.375671709,-1.080311809,0.416437966,1116,6796.773939,4590.376015,16,,,,,,,,,,,,,1116.00,1563.00,1931.00,2550.00,2901.00,3208.00,3984.00,3851.00,5196.75,5417.00,5533.01,5502.04,5285.85,5362.10,5438.37,6796.77,
商品房销售价格:安徽:蚌埠市,人民币/平方米,3406.276719,1968078.253,1402.882124,-0.31601559,-1.533117869,0.411852072,972,5128.596007,3782.610476,16,,,,,,,,,,,,,972.00,1598.00,1879.00,1978.00,2156.00,2541.00,2766.00,3341.00,4227.09,4631.00,4224.22,4667.76,4925.45,4727.03,4738.27,5128.60,
商品房销售价格:安徽:淮南市,人民币/平方米,3283.764751,2087437.875,1444.796828,-0.259778562,-1.506565186,0.439981831,1049,5306.207346,3555.731183,16,,,,,,,,,,,,,1049.00,1266.00,1527.00,1574.00,2156.00,2514.00,2825.00,3262.00,3849.46,4106.00,4561.13,4767.60,4839.84,4548.56,4388.42,5306.21,
商品房销售价格:安徽:马鞍山市,人民币/平方米,3502.283886,1672114.115,1293.102515,-0.469327784,-1.2868809,0.369216933,1306,5129.200683,3910.5,16,,,,,,,,,,,,,1306.00,1564.00,1739.00,2614.00,2228.00,2833.00,3204.00,3973.00,4383.29,3848.00,4347.82,4740.33,4545.60,4685.59,4895.71,5129.20,
商品房销售价格:安徽:淮北市,人民币/平方米,3118.019733,2178946.078,1476.12536,0.043985979,-1.587108965,0.473417581,966,5357.367052,2813.324022,16,,,,,,,,,,,,,966.00,1197.00,1455.00,1819.00,1900.00,2079.00,2567.00,2730.00,2896.65,3932.00,4185.82,4678.40,4715.75,4663.33,4746.00,5357.37,
商品房销售价格:安徽:铜陵市,人民币/平方米,3848.933679,3319263.57,1821.88462,0.121806848,-0.323366798,0.473347886,1048,7666.85281,4157.534642,16,,,,,,,,,,,,,1048.00,1333.00,1624.00,1979.00,2340.00,3587.00,3298.00,3725.00,4590.07,4894.00,4778.46,5554.10,7666.85,5264.19,4747.60,5153.66,
商品房销售价格:安徽:安庆市,人民币/平方米,2947.076589,2437254.809,1561.170974,0.271934987,-1.611004878,0.52973546,1111,5500.628561,2708.95614,16,,,,,,,,,,,,,1111.00,1259.00,1181.00,1343.00,1587.00,1793.00,1870.00,2433.00,2984.91,3382.00,3856.05,4573.58,4763.92,4768.62,4746.52,5500.63,
商品房销售价格:安徽:黄山市,人民币/平方米,3134.711726,2145428.791,1464.728231,0.070451969,-1.489426664,0.467260903,946,5625.786014,3130.846906,16,,,,,,,,,,,,,946.00,1508.00,1680.00,1623.00,1761.00,1983.00,2299.00,2820.00,3441.69,4148.00,4195.01,4434.51,4418.51,4500.50,4771.38,5625.79,
商品房销售价格:安徽:滁州市,人民币/平方米,3113.46997,2054142.313,1433.227935,0.116195802,-1.286947137,0.460331382,1268,5751.804255,3207.991507,16,,,,,,,,,,,,,1417.00,1283.00,1268.00,1566.00,1831.00,2110.00,2415.00,2968.00,3447.98,3983.00,4201.56,4318.17,4400.62,4269.30,4585.09,5751.80,
商品房销售价格:安徽:阜阳市,人民币/平方米,3393.992495,3360873.519,1833.268534,0.183515694,-1.375122466,0.540151028,1031,6648.726984,3334.091705,16,,,,,,,,,,,,,1031.00,1125.00,1294.00,1573.00,1733.00,2101.00,2428.00,2984.00,3684.18,4393.00,4366.34,4937.18,5231.00,5163.45,5610.99,6648.73,
商品房销售价格:安徽:宿州市,人民币/平方米,2757.852464,1467216.242,1211.287019,0.167462287,-1.335884139,0.439213857,1098,4946.952099,2560.647225,16,,,,,,,,,,,,,1328.00,1318.00,1098.00,1540.00,1712.00,2165.00,2064.00,2341.00,2780.29,3783.00,3855.00,3548.03,3740.41,3782.57,4123.38,4946.95,
商品房销售价格:安徽:巢湖市,人民币/平方米,2007.695557,771881.2099,878.5677036,0.370842944,-0.948871533,0.437600064,976,3453.260016,2023,9,,,,,,,,,,,,,978.00,976.00,1275.00,1655.00,2023.00,2203.00,2479.00,3027.00,3453.26,,,,,,,,
商品房销售价格:安徽:六安市,人民币/平方米,3169.289881,2300478.278,1516.732764,0.024573909,-1.553730863,0.4785718,1145,5715.546156,3207.099816,16,,,,,,,,,,,,,1340.00,1145.00,1301.00,1605.00,1662.00,2096.00,2500.00,2905.00,3509.20,4172.00,4473.58,4491.80,4622.03,4517.94,4652.54,5715.55,
商品房销售价格:安徽:亳州市,人民币/平方米,2984.141917,2542720.061,1594.590876,0.251234888,-1.407466065,0.534354907,929,5792.955353,2583.989451,16,,,,,,,,,,,,,929.00,961.00,1277.00,1498.00,1889.00,1711.00,2171.00,2303.00,2864.98,3834.00,3887.36,4368.06,4806.04,4776.17,4677.70,5792.96,
商品房销售价格:安徽:池州市,人民币/平方米,3125.225168,2231621.482,1493.861266,-0.186444073,-1.668344933,0.478001163,979,5007.027861,3235.763797,16,,,,,,,,,,,,,979.00,1022.00,1234.00,1602.00,1863.00,2150.00,2586.00,2934.00,3537.53,4375.00,4126.82,5007.03,4573.02,4629.19,4438.69,4946.33,
商品房销售价格:安徽:宣城市,人民币/平方米,3112.284335,2046918.396,1430.705559,-0.01822647,-1.705906727,0.459696289,1137,5205.850301,3034.351623,16,,,,,,,,,,,,,1287.00,1137.00,1447.00,1647.00,1863.00,1968.00,2546.00,2833.00,3235.70,4064.00,4274.54,4644.10,4791.47,4482.81,4370.07,5205.85,
商品房销售价格:福建:福州市,人民币/平方米,5664.597709,13116926.58,3621.729778,0.573922474,-1.353290243,0.639362222,1992,11235.97294,4787.591276,16,,,,,,,,,,1992.00,2090.00,2133.00,2451.00,2347.00,2616.00,3212.16,4396.50,5178.68,5516.00,6625.00,8414.02,10181.37,11188.24,11235.97,,,,11056.63,
商品房销售价格:福建:厦门市,人民币/平方米,6519.884608,12576296.87,3546.307498,0.736070782,-0.545595801,0.543921819,2841,13625.09692,5502.75,15,,,,,,,,,,3104.00,2951.00,2841.00,3072.00,3371.00,4146.00,5502.75,6340.16,8249.64,5256.00,7951.00,8882.85,10224.45,12281.33,13625.10,,,,,
商品房销售价格:福建:莆田市,人民币/平方米,4885.491332,7094329.653,2663.518285,-0.114437373,-1.619038409,0.54518944,988,8654.034138,4847.65387,15,,,,,,,,,,,,,988.00,1416.00,1709.00,2081.00,,2965.00,3407.00,4209.00,4847.65,5949.69,6794.16,7796.35,7619.34,7446.98,7399.16,8654.03,
商品房销售价格:福建:三明市,人民币/平方米,4084.645691,3731144.923,1931.617178,-0.38018301,-1.552851892,0.472897119,1295,6445.001139,4607.267951,15,,,,,,,,,,,,,1380.00,1358.00,1295.00,1879.00,,2652.00,3609.00,3738.00,4607.27,5179.20,5788.75,6445.00,6260.22,5705.92,5722.53,5649.80,
商品房销售价格:福建:泉州市,人民币/平方米,4876.047181,4567590.956,2137.192307,-0.385370924,-1.441851197,0.438304271,1518,7558.778626,5073.181716,15,,,,,,,,,,,,,1518.00,1663.00,2106.00,2824.00,,3523.00,3994.00,4632.00,5073.18,7071.68,6594.55,6875.75,6611.95,6243.50,6851.32,7558.78,
商品房销售价格:福建:漳州市,人民币/平方米,3505.527057,2732056.975,1652.893516,0.439963483,-1.329813831,0.4715107,1608,6144.041832,3182,11,,,,,,,,,,,,,1910.00,1608.00,1769.00,2074.00,,3005.00,3182.00,3540.00,4268.60,5454.52,5605.64,6144.04,,,,,
商品房销售价格:福建:南平市,人民币/平方米,3357.366214,2993053.054,1730.044235,0.10027115,-1.548210637,0.515298041,1178,5975.577109,3208,12,,,,,,,,,,,,,1199.00,1178.00,1607.00,1662.00,,2726.00,2940.00,3476.00,4151.19,4853.25,5145.83,5374.54,,,,5975.58,
商品房销售价格:福建:龙岩市,人民币/平方米,4046.776122,3392262.77,1841.809645,-0.256996031,-1.58199443,0.455130106,1534,6548.135665,4340.057554,14,,,,,,,,,,,,,1567.00,1557.00,1534.00,2003.00,,3119.00,3359.00,4024.00,4656.12,5231.84,6028.39,6548.14,5656.06,5636.69,5734.64,,
商品房销售价格:福建:宁德市,人民币/平方米,4072.172512,6048646.453,2459.399612,0.567181915,-1.35269683,0.603952707,1555,7830.2784,3601,11,,,,,,,,,,,,,1555.00,1599.00,1775.00,1879.00,,2967.00,3601.00,3870.00,5036.90,7830.28,7492.50,7188.21,,,,,
商品房销售价格:江西:南昌市,人民币/平方米,4291.083835,5976143.32,2444.615168,0.391865416,-1.28697417,0.569696436,1206,8526.691937,3558.052599,19,,,,,,,,,,1206.00,1307.00,1541.00,1688.00,2367.00,2430.00,2587.39,3125.98,3558.05,3461.00,3775.00,4566.05,5939.30,6418.98,7100.52,6588.58,7125.63,8218.41,8526.69,
商品房销售价格:江西:景德镇市,人民币/平方米,2980.533491,1937672.897,1392.003196,-0.044201259,-1.960558135,0.467031557,1247,4872.530537,3084.007404,14,,,,,,,,,,,,,1247.00,1252.00,1563.00,1439.00,,1804.00,,2140.00,2394.25,4168.56,3773.77,4084.17,4254.80,4181.62,4552.78,4872.53,
商品房销售价格:江西:萍乡市,人民币/平方米,3044.851645,2279869.486,1509.923669,0.029495508,-1.822602028,0.495894002,1129,4892.46644,2953.552173,14,,,,,,,,,,,,,1156.00,1129.00,1286.00,1917.00,,1652.00,,2143.00,2551.92,3355.18,3810.66,4321.07,4682.14,4844.32,4887.16,4892.47,
商品房销售价格:江西:九江市,人民币/平方米,3042.558009,2347700.824,1532.22088,-0.241369188,-1.615555377,0.503596275,927,5020.614315,3337.328133,14,,,,,,,,,,,,,1071.00,927.00,1117.00,1209.00,,1883.00,,3003.00,2908.16,3671.66,3737.54,4836.69,4236.55,4249.60,4725.00,5020.61,
商品房销售价格:江西:新余市,人民币/平方米,2617.486769,1917731.289,1384.821754,-0.192394993,-1.741186824,0.529065426,680,4340.820142,2793.709627,14,,,,,,,,,,,,,680.00,769.00,1042.00,1083.00,,1610.00,,2113.00,2415.07,3172.35,3437.69,3798.52,4340.82,4156.50,4038.09,3988.78,
商品房销售价格:江西:鹰潭市,人民币/平方米,3182.047746,2000713.594,1414.465834,-0.477503604,-1.273859894,0.444514334,1051,4987.378463,3533.424763,13,,,,,,,,,,,,,,1051.00,1076.00,1311.00,,1883.00,,2911.00,3312.68,3533.42,3886.59,4584.45,4117.94,4987.38,3985.62,4726.55,
商品房销售价格:江西:赣州市,人民币/平方米,3538.052948,4385945.043,2094.264798,-0.187682319,-1.824298778,0.591925793,851,6209.129541,3899.768295,14,,,,,,,,,,,,,855.00,851.00,958.00,1122.00,,1836.00,,2648.00,3439.30,4360.24,5213.71,5312.28,5921.23,5393.07,5413.78,6209.13,
商品房销售价格:江西:吉安市,人民币/平方米,2799.630048,2574377.213,1604.486589,-0.127969294,-1.900827548,0.573106647,608,4797.692456,3027.63911,14,,,,,,,,,,,,,948.00,608.00,926.00,1039.00,,1459.00,,1896.00,2538.42,3516.86,3832.20,4361.25,4346.18,4412.73,4513.48,4797.69,
商品房销售价格:江西:宜春市,人民币/平方米,2738.364166,2347971.895,1532.309334,-0.071812798,-1.83268415,0.559571058,767,4759.274074,2856.160845,14,,,,,,,,,,,,,767.00,798.00,888.00,1252.00,,1471.00,,1935.00,2368.80,3343.52,3668.57,4022.19,4231.51,4297.63,4534.60,4759.27,
商品房销售价格:江西:抚州市,人民币/平方米,2920.827086,2436512.206,1560.93312,-0.022908551,-1.716957062,0.534414765,750,5153.844961,3070.633215,14,,,,,,,,,,,,,750.00,1190.00,1148.00,1216.00,,1682.00,,2155.00,2527.74,3613.53,3638.58,4045.76,4452.84,4614.68,4703.61,5153.84,
商品房销售价格:江西:上饶市,人民币/平方米,2978.197714,3021291.574,1738.186289,0.013719113,-1.805925581,0.58363697,879,5349.257056,3083.788945,14,,,,,,,,,,,,,879.00,985.00,900.00,1106.00,,1378.00,,2062.00,2712.81,3454.77,3861.14,4213.28,4995.67,4908.74,4889.11,5349.26,
商品房销售价格:山东:济南市,人民币/平方米,4868.664245,6336087.958,2517.158707,0.310965739,-1.281105084,0.517012178,1770,9648.632625,4179,19,,,,,,,,,,1770.00,1825.00,1985.00,2101.00,2327.00,3056.00,3132.74,3524.99,3776.28,4179.00,4897.00,6258.51,6709.61,6840.43,7162.89,7370.38,7689.21,8250.94,9648.63,
商品房销售价格:山东:青岛市,人民币/平方米,5504.405664,8365619.666,2892.338097,0.143829642,-1.41075308,0.525458746,1795,10518.03446,5200.546508,19,,,,,,,,,,1795.00,1831.00,1974.00,2186.00,2406.00,2965.00,3744.08,4249.06,5200.55,5094.00,5576.00,6576.32,7500.70,8056.26,8434.75,8344.42,8902.23,9230.30,10518.03,
商品房销售价格:山东:淄博市,人民币/平方米,3668.222929,2796406.819,1672.24604,0.038918147,-1.618414032,0.455873613,1298,6153.414648,3670.891875,15,,,,,,,,,,,,,1298.00,1489.00,,1940.00,2228.00,2260.00,2517.00,2917.00,3670.89,4360.06,4468.97,5129.21,5503.87,5466.26,5621.67,6153.41,
商品房销售价格:山东:枣庄市,人民币/平方米,2968.78034,1439577.028,1199.823749,-0.406655513,-1.33795692,0.404147027,1033,4568.721691,3266.164748,15,,,,,,,,,,,,,1111.00,1033.00,,1512.00,1793.00,2254.00,2484.00,2757.00,3266.16,3845.90,3852.37,3864.29,4215.96,3864.31,4109.99,4568.72,
商品房销售价格:山东:东营市,人民币/平方米,3530.467488,2296254.399,1515.339698,-0.109922835,-1.660553244,0.429217859,1307,5459.774485,3691.11349,15,,,,,,,,,,,,,1307.00,1409.00,,1995.00,2101.00,2343.00,2500.00,2934.00,3691.11,4298.07,4421.80,4892.62,4963.40,5459.77,5209.63,5431.60,
商品房销售价格:山东:烟台市,人民币/平方米,4314.897989,3051662.43,1746.900807,-0.176874579,-1.349632032,0.404853327,1497,6770.83322,4088.963383,15,,,,,,,,,,,,,1497.00,1695.00,,2629.00,2846.00,3183.00,3336.00,3883.00,4088.96,4979.19,5488.23,5975.88,6770.83,6012.71,5978.25,6360.42,
商品房销售价格:山东:潍坊市,人民币/平方米,3027.932977,1463713.064,1209.840099,-0.16309082,-1.419160369,0.399559735,1092,4803.784455,2993.375099,15,,,,,,,,,,,,,1092.00,1356.00,,1689.00,1988.00,2091.00,2399.00,2758.00,2993.38,3594.45,3856.12,3973.24,4204.53,4309.22,4311.27,4803.78,
商品房销售价格:山东:济宁市,人民币/平方米,3010.796337,1360511.81,1166.409795,-0.131096015,-1.563505667,0.387409065,1327,4711.064744,2957.350014,15,,,,,,,,,,,,,1412.00,1327.00,,1579.00,1837.00,2305.00,2264.00,2759.00,2957.35,3802.62,3604.25,4047.36,4065.01,4233.91,4257.38,4711.06,
商品房销售价格:山东:泰安市,人民币/平方米,3401.620097,2420442.871,1555.777256,-0.13727532,-1.475378509,0.457363613,978,5659.620233,3512.566372,15,,,,,,,,,,,,,978.00,1284.00,,1851.00,1870.00,2125.00,2352.00,3224.00,3512.57,4325.81,4322.26,4414.59,5085.10,4721.24,5299.10,5659.62,
商品房销售价格:山东:威海市,人民币/平方米,3593.909253,1638683.444,1280.110716,-0.271779166,-1.296349318,0.356188937,1592,5432.768777,3796.982352,15,,,,,,,,,,,,,1687.00,1592.00,,2028.00,2301.00,2915.00,2993.00,3472.00,3796.98,4056.37,4437.65,4509.40,4731.47,4865.97,5090.01,5432.77,
商品房销售价格:山东:日照市,人民币/平方米,3604.435923,1972176.948,1404.342176,-0.168447906,-1.306997463,0.389614965,1266,5705.210545,3711.487088,15,,,,,,,,,,,,,1266.00,1695.00,,2075.00,2350.00,2808.00,2815.00,3116.00,3711.49,4251.19,4281.86,5097.04,4943.04,4930.28,5021.42,5705.21,
商品房销售价格:山东:莱芜市,人民币/平方米,3057.335535,2440661.148,1562.261549,0.194264677,-1.699899533,0.510987928,983,5227.045075,2675.675676,15,,,,,,,,,,,,,1364.00,983.00,,1224.00,1619.00,2053.00,1896.00,2427.00,2675.68,2917.61,5227.05,4179.48,4659.18,4651.69,4778.23,5205.12,
商品房销售价格:山东:临沂市,人民币/平方米,2882.677391,1432953.366,1197.060302,0.047019664,-1.506294587,0.415259892,1157,4767.369522,2807.574431,15,,,,,,,,,,,,,1157.00,1283.00,,1726.00,1757.00,1932.00,2134.00,2398.00,2807.57,3269.39,3627.51,3916.32,4062.46,4100.17,4302.37,4767.37,
商品房销售价格:山东:德州市,人民币/平方米,2775.996025,1429774.984,1195.731987,0.106518509,-1.714255187,0.430739805,1187,4602.829504,2634.775011,15,,,,,,,,,,,,,1187.00,1311.00,,1564.00,1658.00,1705.00,2008.00,2087.00,2634.78,3272.15,3534.34,3903.41,3985.98,3967.78,4218.67,4602.83,
商品房销售价格:山东:聊城市,人民币/平方米,2752.173926,1717175.067,1310.410267,0.024862159,-1.441122239,0.47613643,916,4828.852062,2778.169967,14,,,,,,,,,,,,,916.00,1001.00,,1362.00,1521.00,1955.00,1999.00,2532.00,3024.34,3448.90,3680.74,,3907.92,4009.38,4344.30,4828.85,
商品房销售价格:山东:滨州市,人民币/平方米,2484.108624,1281786.816,1132.160243,0.368288955,-0.850416222,0.455761166,909,4559.542028,2433.297375,15,,,,,,,,,,,,,991.00,909.00,,1499.00,1712.00,1486.00,1779.00,2005.00,2433.30,2865.88,2857.33,2927.79,3310.47,3744.98,4181.33,4559.54,
商品房销售价格:山东:菏泽市,人民币/平方米,2506.947387,951787.5082,975.5959759,-0.421851587,-1.158612556,0.389156941,879,3792.163761,2642.481263,15,,,,,,,,,,,,,879.00,909.00,,1705.00,1496.00,1696.00,2244.00,2423.00,2642.48,3018.77,3090.84,3222.43,3435.19,3491.42,3558.91,3792.16,
商品房销售价格:河南:郑州市,人民币/平方米,4464.738032,6015346.645,2452.620363,0.411837617,-1.397179556,0.549331304,1492,8631.323742,3928,19,,,,,,,,,,1492.00,1918.00,1958.00,2027.00,2045.00,2099.00,2637.66,2888.36,3573.60,3928.00,4298.00,4957.34,5691.15,6253.10,7162.29,7570.60,7536.81,8162.79,8631.32,
商品房销售价格:河南:开封市,人民币/平方米,2747.820739,1349288.014,1161.588573,0.084382469,-1.102637238,0.422730842,1047,4811.097483,2595.081081,16,,,,,,,,,,,,,1047.00,1185.00,1191.00,1982.00,1886.00,2378.00,2068.00,2375.00,2812.16,3085.16,3499.22,3961.02,3760.84,3843.46,4080.17,4811.10,
商品房销售价格:河南:洛阳市,人民币/平方米,3021.288897,1676012.161,1294.608883,-0.00499379,-1.380890884,0.428495562,1196,5154.563049,2955.054945,16,,,,,,,,,,,,,1285.00,1196.00,1354.00,1724.00,1960.00,2363.00,2590.00,2740.00,3170.11,3590.94,4033.64,4182.35,4150.69,4301.30,4545.03,5154.56,
商品房销售价格:河南:平顶山市,人民币/平方米,2514.790666,1214280.774,1101.944088,0.374609947,-1.439435121,0.438185215,1124,4276.516125,2218.32866,16,,,,,,,,,,,,,1124.00,1458.00,1371.00,1426.00,1549.00,1643.00,1863.00,2027.00,2409.66,2880.15,3230.03,3295.81,3539.85,3922.43,4276.52,4221.21,
商品房销售价格:河南:安阳市,人民币/平方米,2408.109237,915114.613,956.6162308,0.340040166,-1.408085844,0.397247856,1173,3972.464117,2082.911297,16,,,,,,,,,,,,,1214.00,1173.00,1470.00,1655.00,1675.00,1636.00,1969.00,1936.00,2196.82,2765.13,2907.15,3185.23,3334.40,3769.96,3670.61,3972.46,
商品房销售价格:河南:鹤壁市,人民币/平方米,2373.385701,1108659.686,1052.929098,0.218586544,-1.149085191,0.443640112,1029,4289.10742,2436.456996,15,,,,,,,,,,,,,,1053.00,1029.00,1129.00,1306.00,1621.00,1752.00,1941.00,2436.46,2794.60,3056.74,2917.29,3069.41,3501.89,3704.29,4289.11,
商品房销售价格:河南:新乡市,人民币/平方米,2423.375569,1134100.232,1064.941422,0.437386398,-1.453066648,0.439445472,1168,4206.665264,2082.70319,16,,,,,,,,,,,,,1234.00,1168.00,1575.00,1409.00,1463.00,1551.00,1778.00,1898.00,2267.41,2662.57,2847.82,3341.41,3747.44,3805.89,3818.81,4206.67,
商品房销售价格:河南:焦作市,人民币/平方米,2542.500642,1314987.242,1146.728931,0.133733493,-1.154318218,0.451024048,948,4529.539304,2380.667663,15,,,,,,,,,,,,,,948.00,1180.00,1165.00,1218.00,1801.00,2365.00,2052.00,2380.67,2813.89,3183.64,3389.08,3279.28,3767.30,4065.12,4529.54,
商品房销售价格:河南:濮阳市,人民币/平方米,2436.551598,1380500.997,1174.947232,0.320450436,-1.124653447,0.482217258,916,4585.67833,2176.532258,16,,,,,,,,,,,,,916.00,925.00,1103.00,1377.00,1523.00,1646.00,2063.00,2095.00,2258.06,2720.10,3140.63,3540.00,3313.89,3717.06,4061.41,4585.68,
商品房销售价格:河南:许昌市,人民币/平方米,2617.061854,1546991.203,1243.781011,0.298096678,-1.417095014,0.475258546,1006,4759.068645,2437.331731,16,,,,,,,,,,,,,1213.00,1006.00,1296.00,1446.00,1482.00,1679.00,1933.00,2335.00,2539.66,2973.72,3227.60,3736.83,4120.71,3970.98,4154.42,4759.07,
商品房销售价格:河南:漯河市,人民币/平方米,2388.226269,1597704.26,1264.003268,0.404135478,-1.355768373,0.529264452,752,4390.656342,2056.103161,16,,,,,,,,,,,,,752.00,845.00,1107.00,1284.00,1466.00,1752.00,1618.00,1977.00,2135.21,2277.57,2951.87,3477.29,3879.71,4227.35,4070.98,4390.66,
商品房销售价格:河南:三门峡市,人民币/平方米,2249.062149,1213009.536,1101.367121,0.106550588,-1.725045609,0.489700617,870,3725.64976,2263.083235,16,,,,,,,,,,,,,870.00,1038.00,926.00,991.00,1562.00,1316.00,1406.00,2329.00,2197.17,2520.69,2962.58,3454.12,3603.29,3725.65,3401.10,3682.41,
商品房销售价格:河南:南阳市,人民币/平方米,2260.882047,914221.9208,956.1495285,0.201030869,-1.471190253,0.422909957,913,3773.447774,2059.67424,16,,,,,,,,,,,,,913.00,1162.00,1220.00,1356.00,1424.00,1547.00,2038.00,1943.00,2081.35,2628.31,2735.71,3103.97,3299.01,3402.31,3547.01,3773.45,
商品房销售价格:河南:商丘市,人民币/平方米,2367.190858,1890478.198,1374.946616,0.532811485,-0.566253531,0.58083471,439,5112.601147,1977.803354,16,,,,,,,,,,,,,439.00,561.00,1386.00,1103.00,1459.00,1897.00,1504.00,1850.00,2058.61,2897.17,2834.21,2680.56,3649.52,4272.44,4170.93,5112.60,
商品房销售价格:河南:信阳市,人民币/平方米,2478.280489,1140251.029,1067.825374,0.199149145,-1.753699711,0.430873494,1108,4062.232653,2047.253538,15,,,,,,,,,,,,,1250.00,1108.00,,1260.00,1658.00,1700.00,1681.00,1893.00,2047.25,2696.93,3168.36,3613.46,3649.48,3644.04,3742.46,4062.23,
商品房销售价格:河南:周口市,人民币/平方米,2181.928132,1008796.623,1004.388681,0.216300772,-1.649219804,0.460321615,879,3659.466753,1914,15,,,,,,,,,,,,,,879.00,1006.00,1248.00,1197.00,1284.00,1436.00,1914.00,1842.26,2349.00,2690.39,3048.92,3237.61,3425.96,3511.31,3659.47,
商品房销售价格:河南:驻马店市,人民币/平方米,2058.367307,1023288.338,1011.577154,0.490305131,-1.123810755,0.491446376,816,3972.466179,1662.519262,16,,,,,,,,,,,,,816.00,833.00,1050.00,1286.00,1364.00,1357.00,1420.00,1580.00,1745.04,2305.29,2566.28,2883.37,3100.37,3250.98,3404.08,3972.47,
商品房销售价格:湖北:武汉市,人民币/平方米,5102.810002,9562448.163,3092.320838,0.666490907,-0.506524072,0.606003523,1783,11743.86643,4722.513725,18,,,,,,,,,,1806.00,1783.00,1813.00,1928.00,2072.00,2516.00,3061.77,3689.64,4664.03,4781.00,5329.00,5751.08,7222.15,7344.09,7742.46,,8555.76,10047.73,11743.87,
商品房销售价格:湖北:黄石市,人民币/平方米,2262.281967,1054513.493,1026.895074,0.185065963,-1.590014367,0.453920019,936,3745.858715,2054.5,12,,,,,,,,,,,,,984.00,936.00,1316.00,1552.00,1593.00,1937.00,2172.00,2876.00,3094.15,3305.41,3635.96,3745.86,,,,,
商品房销售价格:湖北:十堰市,人民币/平方米,2610.931757,1674032.836,1293.844208,0.304326554,-1.584020076,0.495548842,1064,4581.891055,2275,13,,,,,,,,,,,,,1064.00,1153.00,1303.00,1426.00,1614.00,,2275.00,2239.00,2651.60,3267.75,3969.82,4149.56,,4247.49,4581.89,,
商品房销售价格:湖北:宜昌市,人民币/平方米,3417.432029,2329174.56,1526.163347,-0.130453582,-1.467473244,0.446581917,1224,5737.231641,3460.997407,16,,,,,,,,,,,,,1224.00,1303.00,1461.00,1698.00,2268.00,2585.00,2999.00,3164.00,3757.99,4414.48,4900.33,4712.36,4353.39,4908.25,5192.87,5737.23,
商品房销售价格:湖北:襄阳市,人民币/平方米,2817.442605,2207303.047,1485.699514,0.06585762,-1.357891015,0.527322016,807,5346.351241,2824.549647,16,,,,,,,,,,,,,854.00,807.00,972.00,1289.00,1541.00,2000.00,2230.00,2589.00,3060.10,3355.40,3697.03,4360.95,4339.63,4159.20,4478.42,5346.35,
商品房销售价格:湖北:鄂州市,人民币/平方米,2620.558446,2346056.82,1531.684308,0.466260152,-0.16144606,0.584487749,552,6024.911032,2739.416409,16,,,,,,,,,,,,,552.00,700.00,934.00,1258.00,1163.00,1852.00,1882.00,2581.00,2897.83,3043.15,3790.15,3416.70,3626.85,4130.22,4077.11,6024.91,
商品房销售价格:湖北:荆门市,人民币/平方米,2402.347668,1255781.079,1120.616383,-0.06663593,-1.653529246,0.466467197,892,4088.337087,2493.325159,16,,,,,,,,,,,,,952.00,914.00,892.00,1395.00,1430.00,1483.00,1854.00,2405.00,2581.65,3045.76,3591.82,3522.79,3427.22,3328.38,3526.60,4088.34,
商品房销售价格:湖北:孝感市,人民币/平方米,1674.864547,726597.7006,852.4070041,0.531770914,-0.798598059,0.508940861,609,3286.926435,1508,12,,,,,,,,,,,,,780.00,609.00,921.00,990.00,1131.00,1367.00,1649.00,2239.00,2010.44,2417.09,2697.91,3286.93,,,,,
商品房销售价格:湖北:荆州市,人民币/平方米,2054.061014,1168456.699,1080.951756,0.48674994,-1.13714768,0.526251045,823,3899.306153,1781.5,12,,,,,,,,,,,,,823.00,860.00,947.00,1167.00,1537.00,1749.00,1814.00,2412.00,2715.66,3153.76,3571.01,3899.31,,,,,
商品房销售价格:湖北:黄冈市,人民币/平方米,2061.155215,1396657.706,1181.802735,0.204119842,-1.749644502,0.573369112,594,3702.071467,1724.676471,16,,,,,,,,,,,,,679.00,594.00,682.00,936.00,1152.00,1180.00,1404.00,1577.00,1872.35,2415.20,3091.52,3142.00,3459.67,3515.89,3575.78,3702.07,
商品房销售价格:湖北:咸宁市,人民币/平方米,1952.277645,1330894.391,1153.643962,0.072555296,-1.752568053,0.590922078,506,3460.6866,1801,15,,,,,,,,,,,,,506.00,566.00,515.00,840.00,979.00,1303.00,1401.00,1801.00,2281.69,2746.03,2905.60,3408.28,,3177.67,3460.69,3393.21,
商品房销售价格:湖北:随州市,人民币/平方米,1719.806362,1067645.725,1033.269435,0.813325611,-0.688139079,0.600805682,657,3678.637703,1406,12,,,,,,,,,,,,,657.00,747.00,833.00,929.00,956.00,1360.00,1452.00,1730.00,2330.76,2789.19,3175.09,3678.64,,,,,
商品房销售价格:湖南:长沙市,人民币/平方米,3963.989816,4074745.377,2018.599856,0.386591294,-1.466158485,0.50923437,1714,7687.59,3304.743661,19,,,,,,,,,,1714.00,1925.00,1820.00,1802.00,2040.00,2039.00,2313.73,2644.15,3304.74,3288.00,3648.00,4418.08,5879.79,6100.87,6304.38,6114.54,5866.41,6405.52,7687.59,
商品房销售价格:湖南:株洲市,人民币/平方米,2924.601371,1715651.553,1309.828826,0.011157048,-1.647948665,0.447865763,1064,4914.46,2768.89,16,,,,,,,,,,,,,1171.00,1064.00,1695.00,1458.00,1905.00,2047.00,2175.00,2551.00,2986.78,3748.87,4076.18,4220.60,4236.43,4378.19,4166.11,4914.46,
商品房销售价格:湖南:湘潭市,人民币/平方米,2621.734837,1718986.917,1311.101414,0.069891529,-1.507372538,0.500089252,880,4794.51,2597.01,16,,,,,,,,,,,,,880.00,1023.00,1002.00,1192.00,1491.00,1795.00,2005.00,2332.00,2862.02,3348.92,3377.06,3780.25,3989.72,4042.78,4032.50,4794.51,
商品房销售价格:湖南:衡阳市,人民币/平方米,2353.763658,1261467.751,1123.150814,0.103573744,-1.729441795,0.477172298,940,4076.98,2276.225,16,,,,,,,,,,,,,1085.00,940.00,1093.00,1138.00,1252.00,1440.00,1750.00,2153.00,2399.45,2923.69,3307.15,3265.43,3649.99,3555.49,3631.04,4076.98,
商品房销售价格:湖南:邵阳市,人民币/平方米,2060.986119,1007551.058,1003.768429,0.408887632,-1.148316348,0.487033085,753,3996.2,1792.605,16,,,,,,,,,,,,,753.00,977.00,985.00,1255.00,1222.00,1275.00,1453.00,1710.00,1875.21,2366.12,2810.75,2990.28,2967.28,3055.78,3284.16,3996.20,
商品房销售价格:湖南:岳阳市,人民币/平方米,2452.332973,1713565.925,1309.032439,0.33754472,-1.084830088,0.533790661,869,4977.11,2348.65,16,,,,,,,,,,,,,869.00,915.00,975.00,1157.00,1162.00,1565.00,2093.00,1849.00,2604.30,2915.72,3323.28,3267.73,3616.33,3918.35,4029.50,4977.11,
商品房销售价格:湖南:常德市,人民币/平方米,2733.472283,2008505.211,1417.217418,0.389895844,-1.5228629,0.518467821,959,5007.01,2135.345,16,,,,,,,,,,,,,1310.00,1178.00,959.00,1357.00,1860.00,1681.00,1915.00,2022.00,2248.69,3044.88,3503.56,4053.49,4350.24,4653.11,4592.57,5007.01,
商品房销售价格:湖南:张家界市,人民币/平方米,2568.008018,1406937.397,1186.143919,0.366356046,-1.209223335,0.461892607,879,4587.28,2296.19,16,,,,,,,,,,,,,879.00,1402.00,1513.00,1336.00,1515.00,1828.00,1914.00,2002.00,2590.38,2864.53,3189.90,3429.68,4587.28,3643.88,3975.18,4418.30,
商品房销售价格:湖南:益阳市,人民币/平方米,2208.563793,1315565.281,1146.980942,-0.048994554,-1.40947728,0.519333399,481,3992.59,2286.59,15,,,,,,,,,,,,,758.00,481.00,,977.00,948.00,1262.00,1672.00,1919.00,2286.59,2689.51,3018.15,3134.18,3012.67,3267.04,3710.73,3992.59,
商品房销售价格:湖南:郴州市,人民币/平方米,2332.705124,1170764.905,1082.018902,0.370673462,-1.397047203,0.46384727,1119,4284.5,1959.705,16,,,,,,,,,,,,,1132.00,1225.00,1160.00,1119.00,1296.00,1764.00,1742.00,1740.00,2155.41,2703.69,2970.99,3490.09,3429.00,3440.18,3671.42,4284.50,
商品房销售价格:湖南:永州市,人民币/平方米,2009.537793,941757.6946,970.4420099,0.517275336,-1.080967107,0.482918019,857,3789.04,1761.89,15,,,,,,,,,,,,,857.00,,872.00,1103.00,1268.00,1360.00,1208.00,1416.00,1761.89,2094.45,2414.27,2511.19,2948.74,3089.49,3449.99,3789.04,
商品房销售价格:湖南:怀化市,人民币/平方米,2123.738633,1177177.239,1084.97799,0.534962507,-1.209984522,0.510881129,863,4003.37,1765.02,16,,,,,,,,,,,,,942.00,863.00,1066.00,1080.00,1286.00,1481.00,1374.00,1640.00,1890.04,2285.51,2562.40,2937.69,3162.56,3614.67,3791.58,4003.37,
商品房销售价格:湖南:娄底市,人民币/平方米,2177.868126,1066433.975,1032.682902,0.223034555,-1.015771905,0.474171456,611,4019.9,2010.7,16,,,,,,,,,,,,,952.00,611.00,1058.00,1051.00,2010.00,1431.00,1755.00,1898.00,2011.40,2222.36,3224.86,3073.48,2941.09,2919.77,3667.03,4019.90,
商品房销售价格:广东:广州市,人民币/平方米,9564.930039,23732595.51,4871.611182,0.264780002,-1.528661566,0.509320106,4200,17633.4239,9123,19,,,,,,,,,,4304.00,4294.00,4262.00,4200.00,4211.00,4537.00,5366.08,6547.92,8673.07,9123.00,9351.00,11920.79,12103.52,13162.67,15329.58,15718.67,14612.34,16383.61,17633.42,
商品房销售价格:广东:韶关市,人民币/平方米,3112.361404,1966822.582,1402.43452,-0.081295778,-1.626636485,0.450601436,1192,5242.53873,3238.888889,15,,,,,,,,,,,,,,1192.00,1302.00,1383.00,1592.00,2031.00,2349.00,2630.00,3238.89,3713.28,4480.48,4430.44,4236.01,4354.94,4509.85,5242.54,
商品房销售价格:广东:深圳市,人民币/平方米,17389.98136,171571707.4,13098.53837,1.233855595,0.807094713,0.753223255,5503,47935.76322,14049.69139,19,,,,,,,,,,5503.00,5718.00,5818.00,5802.00,6256.00,6756.00,7582.27,9385.34,14049.69,12665.00,14615.00,19169.89,21350.13,19589.82,24401.93,24723.39,33942.16,45146.26,47935.76,
商品房销售价格:广东:珠海市,人民币/平方米,9272.668573,31172240.27,5583.21057,0.739035404,0.093092887,0.602114755,1885,21454.23187,8884.016266,16,,,,,,,,,,,,,1885.00,3101.00,3284.00,4488.00,4753.00,6447.00,6987.00,7407.00,10361.03,11495.15,10687.33,11471.53,11697.69,14232.24,18611.50,21454.23,
商品房销售价格:广东:汕头市,人民币/平方米,4724.182089,6501003.638,2549.706579,0.467471795,-0.807349834,0.539713866,1107,9845.96935,3962.304094,16,,,,,,,,,,,,,1107.00,1972.00,2199.00,2215.00,3002.00,3250.00,3493.00,3648.00,4276.61,5179.76,6038.82,7304.27,6780.18,7371.75,7903.57,9845.97,
商品房销售价格:广东:佛山市,人民币/平方米,6316.398312,8610898.331,2934.433221,-0.294112211,-1.016836727,0.464573809,923,10974.4931,6900.614342,16,,,,,,,,,,,,,923.00,2592.00,2895.00,3386.00,3863.00,5280.00,5385.00,6256.00,7545.23,8039.29,8056.32,9061.63,8861.91,8412.88,9530.62,10974.49,
商品房销售价格:广东:江门市,人民币/平方米,4030.516614,4015692.017,2003.919164,-0.082555583,-1.510131034,0.497186678,1121,7262.438582,4209.091503,16,,,,,,,,,,,,,1121.00,1522.00,1525.00,1912.00,2052.00,3011.00,3181.00,3734.00,4684.18,5339.88,5515.23,5958.63,5949.93,5685.25,6034.72,7262.44,
商品房销售价格:广东:湛江市,人民币/平方米,4046.759358,3401661.649,1844.359414,0.027986165,-1.390267012,0.455762068,1542,7226.427605,4191.503709,15,,,,,,,,,,,,,,1542.00,1670.00,1978.00,2072.00,2565.00,2715.00,3740.00,4191.50,5046.43,5196.45,5457.06,5700.33,5545.43,6055.77,7226.43,
商品房销售价格:广东:茂名市,人民币/平方米,3028.330864,2673017.402,1634.936513,0.424506824,-1.099023546,0.539880412,893,6145.636559,2586.190045,16,,,,,,,,,,,,,893.00,1168.00,1392.00,1681.00,1586.00,1944.00,1998.00,2376.00,2796.38,3868.50,3770.61,4333.58,4499.59,4714.79,5286.21,6145.64,
商品房销售价格:广东:肇庆市,人民币/平方米,3777.202837,1982029.381,1407.845653,-0.1396521,-1.349683233,0.37272175,1792,6113.720586,4100.233781,15,,,,,,,,,,,,,,1792.00,1807.00,1974.00,2288.00,2939.00,2933.00,3448.00,4100.23,4742.42,4706.17,4976.18,5022.95,5028.27,4787.09,6113.72,
商品房销售价格:广东:惠州市,人民币/平方米,4932.107931,4823332.962,2196.20877,0.634812563,0.469494496,0.44528806,1940,9897.643057,4960.465487,15,,,,,,,,,,,,,,1940.00,2265.00,2262.00,2976.00,3995.00,4121.00,4266.00,4960.47,5536.52,5787.00,5847.19,5984.25,6157.81,7985.74,9897.64,
商品房销售价格:广东:梅州市,人民币/平方米,2958.812884,2772198.814,1664.992136,0.250282931,-1.610650493,0.562723025,854,5740.861031,2661.344538,15,,,,,,,,,,,,,,854.00,1304.00,1161.00,1281.00,1480.00,1880.00,1944.00,2661.34,3211.85,4153.64,4505.25,4698.08,4620.30,4886.87,5740.86,
商品房销售价格:广东:汕尾市,人民币/平方米,3051.160982,3020721.234,1738.022219,0.220963426,-1.463140235,0.569626522,938,6113.28076,2857.391304,15,,,,,,,,,,,,,,938.00,957.00,1390.00,1361.00,1464.00,1486.00,2456.00,2857.39,3877.82,3768.60,4707.44,4796.71,4773.75,4820.42,6113.28,
商品房销售价格:广东:河源市,人民币/平方米,2877.709288,1944107.143,1394.312427,0.091258736,-1.638576621,0.484521641,1118,5020.849751,2674.033851,16,,,,,,,,,,,,,1237.00,1118.00,1135.00,1409.00,1489.00,2208.00,2143.00,2509.00,2839.07,3523.03,3914.51,4579.19,4265.12,4225.23,4428.36,5020.85,
商品房销售价格:广东:阳江市,人民币/平方米,3215.268719,2191024.72,1480.211039,-0.041714462,-1.454051262,0.460369309,967,5483.838215,3050.218341,15,,,,,,,,,,,,,,967.00,1281.00,1449.00,1884.00,2302.00,2461.00,2689.00,3050.22,3554.25,4692.20,4870.55,4408.69,4491.65,4644.63,5483.84,
商品房销售价格:广东:清远市,人民币/平方米,3687.888467,2459390.919,1568.244534,-0.143152468,-0.908721679,0.425241855,1261,6497.023907,4234.825261,15,,,,,,,,,,,,,,1261.00,1321.00,1786.00,2321.00,2752.00,2929.00,3405.00,4234.83,4449.44,4628.46,5114.62,4970.08,4779.47,4869.41,6497.02,
商品房销售价格:广东:东莞市,人民币/平方米,7223.406137,16527700.33,4065.427447,0.957685281,0.834189947,0.562813079,1622,16876.75416,6595.594856,16,,,,,,,,,,,,,1622.00,2909.00,3686.00,3710.00,4221.00,5148.00,5567.00,5881.00,7310.19,7716.61,8486.35,9065.82,9735.85,9792.93,13845.99,16876.75,
商品房销售价格:广东:中山市,人民币/平方米,4830.733778,4769666.862,2183.956699,0.607734455,1.012525305,0.452096265,1186,10112.49654,4913.936624,16,,,,,,,,,,,,,1186.00,2572.00,2549.00,2857.00,3048.00,4001.00,4393.00,4603.00,5224.87,5944.69,5500.33,6049.71,6073.00,5883.63,7294.00,10112.50,
商品房销售价格:广东:潮州市,人民币/平方米,3154.471393,3183834.489,1784.330263,0.315094733,-1.67496396,0.565651116,1118,5870.33593,2653.381804,16,,,,,,,,,,,,,1118.00,1199.00,1250.00,1392.00,1554.00,1803.00,2105.00,2243.00,3063.76,3683.96,4050.70,5325.04,5014.22,5320.61,5478.92,5870.34,
商品房销售价格:广东:揭阳市,人民币/平方米,2588.865804,2099254.447,1448.880412,0.633691569,-0.547157631,0.559658368,891,5540.615665,2308.347826,16,,,,,,,,,,,,,1082.00,1098.00,1071.00,891.00,1226.00,1773.00,2037.00,2108.00,2508.70,2659.02,3338.67,3564.76,3536.55,4071.97,4915.56,5540.62,
商品房销售价格:广东:云浮市,人民币/平方米,2968.93537,1887455.185,1373.846857,-0.059947384,-1.82519144,0.462740574,1083,4882.732709,3114.410296,16,,,,,,,,,,,,,1083.00,1403.00,1467.00,1390.00,1579.00,1817.00,2299.00,2714.00,3514.82,3831.50,4274.33,4565.12,4213.61,4043.70,4425.14,4882.73,
商品房销售价格:广西:南宁市,人民币/平方米,4491.222953,4436407.137,2106.278029,0.248845036,-1.55457919,0.468976502,1866,7782.189905,4254.5,20,,,,,,,,,,1976.00,1866.00,2230.00,2372.00,2252.00,2761.00,2605.03,2872.42,3404.00,3952.00,4557.00,5143.89,5152.49,6002.89,6959.44,6627.03,6645.95,6886.77,7776.35,7782.19
商品房销售价格:广西:柳州市,人民币/平方米,4237.35182,4695342.352,2166.873866,0.35783118,-1.402537158,0.511374547,1599,7772.42332,3881.466256,17,,,,,,,,,,,,,1599.00,1626.00,1820.00,2154.00,2326.00,2717.00,2973.00,3313.00,3881.47,4200.06,4743.27,5321.01,6791.86,6695.73,6669.09,7432.07,7772.42
商品房销售价格:广西:桂林市,人民币/平方米,3592.638365,1914180.939,1383.53928,0.313364073,-1.18218198,0.385103965,1796,6189.644459,3574.165637,17,,,,,,,,,,,,,2318.00,2129.00,1796.00,1966.00,2200.00,2415.00,2796.00,2981.00,3574.17,3900.58,4232.88,4412.92,4862.94,4859.33,4897.12,5544.27,6189.64
商品房销售价格:广西:梧州市,人民币/平方米,2881.922913,1336379.331,1156.018742,0.134672556,-1.485254829,0.401127572,1393,4810.563037,2788.778878,15,,,,,,,,,,,,,,1394.00,1610.00,1393.00,1850.00,1894.00,1985.00,,2566.29,2788.78,3278.80,3528.08,4033.70,4247.00,3771.30,4078.33,4810.56
商品房销售价格:广西:北海市,人民币/平方米,3574.519187,3055458.152,1747.986886,-0.001556223,-1.181783253,0.489013149,1200,6715.57259,4231.625835,17,,,,,,,,,,,,,1200.00,1206.00,1420.00,1464.00,1762.00,2614.00,2802.00,3262.00,4231.63,4513.99,4399.45,4521.97,5552.41,4679.74,4768.39,5653.68,6715.57
商品房销售价格:广西:防城港市,人民币/平方米,2869.929987,1843255.223,1357.665358,0.032179782,-0.83024946,0.473065672,814,5447.50117,2999.928603,16,,,,,,,,,,,,,,976.00,814.00,1209.00,1474.00,1748.00,2445.00,2520.00,3147.65,2852.21,3334.09,3502.37,4116.09,3934.42,4132.74,4265.81,5447.50
商品房销售价格:广西:钦州市,人民币/平方米,2801.076601,1432001.193,1196.662522,-0.313866776,-1.246081054,0.427215208,870,4704.72763,3115,17,,,,,,,,,,,,,870.00,1099.00,1159.00,1514.00,1602.00,2109.00,2550.00,2804.00,3115.00,3549.59,3625.13,3731.73,3586.97,3788.21,4124.05,3685.90,4704.73
商品房销售价格:广西:贵港市,人民币/平方米,3097.004814,2208195.226,1485.99974,0.325119792,-0.740851738,0.47981835,1000,5840.890228,3226.515993,16,,,,,,,,,,,,,1000.00,1190.00,,1478.00,1752.00,1869.00,2102.00,2485.00,2982.23,3470.80,3654.76,3914.23,4077.64,3961.79,4176.75,5597.00,5840.89
商品房销售价格:广西:玉林市,人民币/平方米,2658.2071,1375977.601,1173.020716,0.233576198,-1.368830956,0.441282666,1200,4636.409928,2361.308117,17,,,,,,,,,,,,,1296.00,1200.00,1256.00,1359.00,1510.00,1960.00,1932.00,2265.00,2361.31,3111.64,3247.97,3398.79,3484.29,3736.50,4015.24,4419.36,4636.41
商品房销售价格:广西:百色市,人民币/平方米,2484.175387,1312317.278,1145.564175,0.130902322,-1.607870985,0.461144644,968,4269.476167,2304.969348,16,,,,,,,,,,,,,968.00,1026.00,1343.00,1317.00,1368.00,1650.00,,2021.00,2234.41,2375.53,2923.81,3328.68,3537.37,3721.18,4269.48,3827.67,3835.67
商品房销售价格:广西:贺州市,人民币/平方米,2313.968429,901229.4102,949.331033,1.168373689,0.996124991,0.410261014,1213,4601.329976,1981.158365,16,,,,,,,,,,,,,1429.00,1905.00,,1213.00,1416.10,1513.00,1708.00,1720.00,2011.24,1951.08,2472.38,2960.61,2528.34,2656.45,2990.35,3947.62,4601.33
商品房销售价格:广西:河池市,人民币/平方米,2491.039333,1336017.828,1155.862374,0.182473708,-1.400173853,0.464008078,847,4445.774648,2476.929146,16,,,,,,,,,,,,,,847.00,1211.00,1303.00,1269.00,1457.00,1583.00,1934.00,2353.33,2600.53,2950.34,2945.17,3832.22,3632.72,3562.63,3929.93,4445.77
商品房销售价格:广西:来宾市,人民币/平方米,2181.217239,619487.9133,787.0755449,-0.072201196,-0.895528647,0.360842346,909,3567.411037,2211.495594,16,,,,,,,,,,,,,,1429.00,909.00,972.00,1870.00,1383.00,1568.00,1968.00,2154.03,2268.97,3136.81,2711.72,2945.17,2480.50,2723.22,2812.65,3567.41
商品房销售价格:广西:崇左市,人民币/平方米,2545.812005,840025.8306,916.5292306,-0.090022485,-0.75128281,0.360014498,862,4048.484848,2514.224446,14,,,,,,,,,,,,,,,,862.00,1679.00,1555.00,1808.00,1953.00,2329.31,2656.61,2371.84,2805.10,3060.78,3477.10,3416.48,3618.67,4048.48
商品房销售价格:海南:海口市,人民币/平方米,5097.252064,9390230.256,3064.34826,0.595903708,-0.625875531,0.60117652,1799,11989.51171,4533,19,,,,,,,,,,1799.00,2005.00,1959.00,2119.00,2092.00,2237.00,2650.16,2785.80,3515.72,4533.00,5344.00,8013.35,6653.92,6826.29,7425.67,7907.45,7948.17,9043.74,11989.51,
商品房销售价格:海南:三亚市,人民币/平方米,12178.62683,46428217.16,6813.825442,0.274290199,-0.603089735,0.559490453,2429,25794.27476,11622.54339,15,,,,,,,,,,,,,,2429.00,3466.00,3853.00,6685.00,7023.00,9996.00,11113.00,17321.02,12783.87,11622.54,14419.77,19513.64,18166.43,18492.85,25794.27,
商品房销售价格:重庆,人民币/平方米,2678.091692,3507819.172,1872.917289,0.840674438,-0.798681911,0.699347709,728.0567686,6791.612338,1676,28,757.75,728.06,900.00,1129.21,1194.65,1225.25,1142.00,1201.00,1331.00,1377.00,1351.00,1443.00,1556.00,1596.00,1756.00,2134.99,2269.21,2722.58,2785.00,3442.00,4280.87,4733.84,5079.93,5568.71,5519.00,5485.98,5484.92,6791.61,
商品房销售价格:四川:成都市,人民币/平方米,4743.439324,5546092.814,2355.014398,0.069012289,-1.533826953,0.496478238,1804,8731.808203,4857,19,,,,,,,,,,1842.00,1804.00,1848.00,1975.00,2096.00,2452.00,3223.95,3645.72,4276.09,4857.00,4925.00,5936.51,6677.00,7274.98,7196.70,7023.78,6843.06,7496.74,8731.81,
商品房销售价格:四川:自贡市,人民币/平方米,2879.416472,2375862.269,1541.383233,0.140974787,-1.714690237,0.535310973,992,5108.822199,2761.942022,16,,,,,,,,,,,,,1271.00,992.00,1044.00,1240.00,1289.00,1694.00,2068.00,2511.00,3012.88,3497.24,3799.69,4316.57,4783.42,4652.94,4790.09,5108.82,
商品房销售价格:四川:攀枝花市,人民币/平方米,3145.531503,1673926.455,1293.803097,0.112214659,-1.711563116,0.411314621,1421,5074.704916,2780,15,,,,,,,,,,,,,,1433.00,1421.00,2014.00,2010.00,2064.00,2167.00,2780.00,2513.91,3611.18,4571.22,5074.70,4648.97,4388.26,4003.58,4482.15,
商品房销售价格:四川:泸州市,人民币/平方米,2733.273555,2154455.793,1467.806456,0.129913281,-1.749970148,0.537014107,867,4766.354593,2515.984461,16,,,,,,,,,,,,,867.00,1041.00,1169.00,1135.00,1278.00,1719.00,1990.00,2183.00,2848.97,3462.04,3531.70,4352.51,4293.64,4472.34,4622.82,4766.35,
商品房销售价格:四川:德阳市,人民币/平方米,2854.612479,1732963.234,1316.420614,-0.226136489,-1.630609252,0.461155629,940,4668.549088,3046.839806,16,,,,,,,,,,,,,940.00,1020.00,1193.00,1377.00,1696.00,2163.00,2336.00,2783.00,3310.68,3916.34,4122.45,4668.55,4243.27,3843.63,3932.71,4128.17,
商品房销售价格:四川:绵阳市,人民币/平方米,3141.803361,2162064.341,1470.395981,-0.007545912,-1.774277973,0.468010188,1195,5158.301413,3195.832728,16,,,,,,,,,,,,,1195.00,1261.00,1464.00,1626.00,1821.00,1979.00,2320.00,2834.00,3557.67,4031.94,4741.10,4610.94,5158.30,4205.74,4423.65,5039.53,
商品房销售价格:四川:广元市,人民币/平方米,3011.848513,2719840.025,1649.19375,0.034065352,-1.753222443,0.547568625,973,5485.161351,2946.181818,16,,,,,,,,,,,,,1038.00,973.00,1081.00,1182.00,1367.00,1755.00,2273.00,2456.00,3436.36,4549.35,4298.86,4399.08,5485.16,5155.21,4345.93,4394.62,
商品房销售价格:四川:遂宁市,人民币/平方米,2645.998081,2501048.411,1581.470332,0.283919283,-1.871397301,0.597683855,881,4707.142614,2054.020305,16,,,,,,,,,,,,,881.00,1116.00,902.00,1103.00,1241.00,1408.00,1502.00,1772.00,2336.04,3180.55,4094.50,4104.50,4707.14,4643.30,4665.97,4678.96,
商品房销售价格:四川:内江市,人民币/平方米,2573.395607,2013226.806,1418.882238,0.053151701,-1.86685929,0.551365765,747,4394.055172,2428.238632,16,,,,,,,,,,,,,747.00,902.00,1102.00,1052.00,1205.00,1334.00,1827.00,2153.00,2703.48,3477.09,3660.13,4235.75,4340.84,4165.71,3875.28,4394.06,
商品房销售价格:四川:乐山市,人民币/平方米,2886.121399,2390166.236,1546.016247,-0.100014176,-1.841775021,0.535672632,835,4937.028222,2855.640187,16,,,,,,,,,,,,,835.00,940.00,974.00,1171.00,1380.00,1889.00,2258.00,2376.00,3335.28,4292.01,4509.85,4410.75,4071.02,4479.01,4320.00,4937.03,
商品房销售价格:四川:南充市,人民币/平方米,2888.27637,2514399.955,1585.685957,0.060572245,-1.772001046,0.549007697,942,5097.81178,2798.010461,16,,,,,,,,,,,,,942.00,1035.00,1092.00,1148.00,1245.00,1595.00,2146.00,2598.00,2998.02,3917.65,4014.73,4327.61,4985.38,5097.81,4296.56,4773.65,
商品房销售价格:四川:眉山市,人民币/平方米,2753.685606,2647216.514,1627.026894,0.198232499,-1.408244537,0.590854268,794,5734.232802,2784.831169,16,,,,,,,,,,,,,794.00,878.00,964.00,1019.00,1123.00,1465.00,1787.00,2392.00,3177.66,3601.71,3886.72,4249.42,4282.28,4347.66,4357.27,5734.23,
商品房销售价格:四川:宜宾市,人民币/平方米,2951.129111,2602807.612,1613.321918,0.087912818,-1.750993863,0.546679545,919,5023.321056,2798.332838,16,,,,,,,,,,,,,937.00,919.00,1023.00,1324.00,1615.00,1731.00,2063.00,2522.00,3074.67,3601.55,4033.31,4562.58,4943.28,4943.50,4901.86,5023.32,
商品房销售价格:四川:广安市,人民币/平方米,2441.541843,2307505.634,1519.047607,0.182277334,-1.940938628,0.622167346,754,4379.078281,2040.046215,16,,,,,,,,,,,,,795.00,754.00,822.00,904.00,935.00,1212.00,1405.00,1663.00,2417.09,3203.70,3656.90,4183.73,4379.08,4241.60,4281.63,4210.94,
商品房销售价格:四川:达州市,人民币/平方米,2761.311235,2555157.737,1598.486077,0.069609282,-1.769746416,0.578886601,684,4961.717366,2611.549948,16,,,,,,,,,,,,,684.00,824.00,905.00,1166.00,1236.00,1576.00,1977.00,2345.00,2878.10,3378.53,4023.20,4489.05,4480.83,4684.70,4571.86,4961.72,
商品房销售价格:四川:雅安市,人民币/平方米,3187.414649,3200326.551,1788.945653,0.546996039,-0.677472126,0.561252881,933,6983.143939,2510.688442,16,,,,,,,,,,,,,933.00,1041.00,1455.00,1878.00,1949.00,1757.00,2112.00,2446.00,2575.38,4040.31,4371.03,4581.65,4878.45,4862.64,6983.14,5135.04,
商品房销售价格:四川:巴中市,人民币/平方米,2413.506789,2386470.149,1544.820426,0.210570664,-1.805687479,0.640072957,598,4458.473544,2075.594306,16,,,,,,,,,,,,,598.00,675.00,696.00,907.00,1017.00,1169.00,1420.00,1814.00,2337.19,3059.12,3384.39,4261.67,4458.47,4357.07,4412.95,4049.24,
商品房销售价格:四川:资阳市,人民币/平方米,2539.35945,2468591.965,1571.175345,0.236575166,-1.67331588,0.618729005,616,5046.562659,2163.942681,16,,,,,,,,,,,,,616.00,745.00,872.00,996.00,1124.00,1363.00,1570.00,1833.00,2494.89,3269.79,3752.24,3781.37,4258.90,5046.56,4486.62,4420.38,
商品房销售价格:贵州:贵阳市,人民币/平方米,3588.621975,3379795.69,1838.422065,0.440240379,-1.139085623,0.512291927,1488,7236.427061,3149,19,,,,,,,,,,1618.00,1573.00,1488.00,1643.00,1949.00,1802.00,2168.90,2372.66,2901.63,3149.00,3762.00,4109.52,5036.62,4829.29,4998.08,5599.24,6004.83,5942.62,7236.43,
商品房销售价格:贵州:六盘水市,人民币/平方米,2415.293087,1102118.77,1049.818446,-0.107136099,-1.436718312,0.434654681,845,3906.190512,2401.666667,16,,,,,,,,,,,,,845.00,911.00,1197.00,1278.00,1628.00,2127.00,2245.00,1862.00,2558.33,2962.06,2975.99,3906.19,3656.48,3542.28,3283.62,3666.74,
商品房销售价格:贵州:遵义市,人民币/平方米,2257.796057,1467331.351,1211.334533,0.359869521,-1.680721319,0.536511936,894,4013.439513,1844.5,14,,,,,,,,,,,,,896.00,894.00,1012.00,1251.00,1277.00,1525.00,1660.00,2029.00,2608.59,3099.88,3737.77,3866.55,,,3738.91,4013.44,
商品房销售价格:贵州:安顺市,人民币/平方米,2046.417244,1177277.216,1085.024062,0.9271024,-0.135481813,0.530206665,890,4072.748956,1889.5,12,,,,,,,,,,,,,1087.00,890.00,1004.00,1100.00,1515.00,1755.00,2024.00,2032.00,2292.33,2867.25,3917.68,4072.75,,,,,
商品房销售价格:云南:昆明市,人民币/平方米,3297.767996,1615187.742,1270.900367,0.995191465,-0.027013683,0.385381982,1867,5795.07926,2903.319088,15,,,,,,,,,,1867.00,2111.00,2379.00,2276.00,2233.00,2474.00,2639.72,2903.32,3108.12,3750.00,3807.00,3662.45,4716.39,5744.44,5795.08,,,,,
商品房销售价格:云南:曲靖市,人民币/平方米,2131.124175,664279.2467,815.0332795,-0.265968973,-1.495559962,0.382442886,949,3170.230263,2326,11,,,,,,,,,,,,,949.00,1000.00,,1396.00,1495.00,1954.00,2326.00,2711.00,2650.03,2674.69,3170.23,3116.41,,,,,
商品房销售价格:云南:玉溪市,人民币/平方米,2631.813617,1246767.806,1116.587572,0.455530811,-1.503825789,0.424265444,1419,4416.135881,2236.5,12,,,,,,,,,,,,,1419.00,1502.00,,1823.00,1878.00,1440.00,2166.00,2307.00,3136.49,3426.49,4048.95,4018.69,,,,4416.14,
商品房销售价格:云南:保山市,人民币/平方米,3032.675726,2791640.554,1670.820324,0.757594281,-0.714440153,0.550939327,1274,6046,2644,11,,,,,,,,,,,,,1311.00,1392.00,,1274.00,2198.00,6046.00,2195.00,2644.00,2865.54,3288.97,4824.67,5320.26,,,,,
商品房销售价格:云南:昭通市,人民币/平方米,2182.499188,966488.1713,983.1013027,0.269244945,-1.322041801,0.4504475,803,3703.011034,1870.5,10,,,,,,,,,,,,,,803.00,,1185.00,1658.00,1622.00,1563.00,2083.00,2896.55,2930.65,3380.78,3703.01,,,,,
商品房销售价格:云南:丽江市,人民币/平方米,3460.032619,4629873.003,2151.713969,1.744875263,2.719414186,0.621876787,1508,8916.384778,2573,13,,,,,,,,,,,,,1508.00,1637.00,,2261.00,2092.00,2282.00,,2573.00,2526.54,2790.18,3208.69,4320.14,4155.49,6710.00,8916.38,,
商品房销售价格:云南:普洱市,人民币/平方米,2357.105058,1462388.562,1209.292587,0.477500468,-1.081183768,0.513041446,714,4444.235294,2166.804294,13,,,,,,,,,,,,,1154.00,714.00,,1518.00,1443.00,1267.00,1782.00,2188.00,2166.80,2886.22,3524.50,3427.29,,,4127.32,4444.24,
商品房销售价格:云南:临沧市,人民币/平方米,2056.101504,807175.9451,898.4297107,0.470281084,-0.964762073,0.436957859,1044,3642.564802,1860.5,10,,,,,,,,,,,,,1053.00,,,1044.00,1600.00,1209.00,2093.00,1628.00,2553.15,2731.74,3006.56,3642.56,,,,,
商品房销售价格:西藏:拉萨,人民币/平方米,3120.946182,551428.7805,742.5825075,-0.007654661,-0.465644679,0.237935057,2036,4247.266611,3311.881188,7,,,,,,,,,,,,,,,,,2036.00,2747.00,,2499.00,3438.60,3566.88,3311.88,4247.27,,,,,
商品房销售价格:陕西:西安市,人民币/平方米,4254.251238,4750948.88,2179.667149,0.327825577,-1.191163907,0.512350359,1185,8460.270834,3890,19,,,,,,,,,,1185.00,1510.00,2095.00,2042.00,2148.00,2624.00,2851.27,3316.88,3379.08,3906.00,3890.00,4452.70,6137.82,6613.38,6692.96,6445.54,6502.28,6578.59,8460.27,
商品房销售价格:陕西:铜川市,人民币/平方米,2024.776426,1115276.237,1056.066398,-0.011864541,-1.936320154,0.521571856,772,3352.777677,2035.818182,16,,,,,,,,,,,,,780.00,772.00,772.00,779.00,1145.00,1261.00,1162.00,1783.00,2288.64,2822.85,3080.69,3180.50,3121.69,2810.87,3284.41,3352.78,
商品房销售价格:陕西:宝鸡市,人民币/平方米,2434.454323,1115823.684,1056.325558,-0.064602398,-1.866205667,0.433906501,1038,3888.539548,2668.383065,16,,,,,,,,,,,,,1038.00,1173.00,1319.00,1221.00,1494.00,1481.00,1623.00,2616.00,2720.77,3198.32,3074.24,3535.69,3369.82,3639.13,3559.76,3888.54,
商品房销售价格:陕西:咸阳市,人民币/平方米,3156.177204,1379152.784,1174.373358,-0.656177753,-1.0987516,0.37208727,1148,4480.04,3627.349759,16,,,,,,,,,,,,,1148.00,1313.00,1327.00,3452.00,4080.00,2079.00,2374.00,2735.00,3072.95,3802.70,3818.66,4121.40,4229.27,4480.04,4197.10,4268.72,
商品房销售价格:陕西:渭南市,人民币/平方米,2265.609516,1200052.194,1095.468938,0.101721225,-1.7493105,0.483520629,782,3700.33,1901.537223,16,,,,,,,,,,,,,851.00,782.00,979.00,2035.00,1478.00,1374.00,1612.00,1583.00,1768.07,2841.74,3417.13,3517.98,3700.33,3518.96,3146.94,3644.60,
商品房销售价格:陕西:延安市,人民币/平方米,2505.87326,1302597.753,1141.314046,0.045946634,-1.513165435,0.455455615,897,4263.649635,2619.64532,16,,,,,,,,,,,,,1250.00,1038.00,897.00,1404.00,1411.76,1809.00,2392.00,1798.00,2847.29,4263.65,3330.25,3165.33,3172.88,3967.51,3375.12,3972.18,
商品房销售价格:陕西:汉中市,人民币/平方米,2325.657924,940652.1224,969.8722196,-0.207273868,-1.582562532,0.417031331,945,3622.467052,2514.838173,16,,,,,,,,,,,,,945.00,967.00,989.00,1570.00,1387.00,1640.00,2435.00,1918.00,2594.68,3009.80,2926.96,3216.13,3169.32,3287.16,3533.01,3622.47,
商品房销售价格:陕西:榆林市,人民币/平方米,3247.224179,2233316.143,1494.428367,-0.030339889,-1.639227886,0.460217184,1111,5355.620546,3454.529794,16,,,,,,,,,,,,,1111.00,1429.00,1513.00,1979.00,1617.10,2137.00,2394.00,3194.00,3715.06,4528.10,4009.88,4288.88,4654.74,4703.32,5325.89,5355.62,
商品房销售价格:陕西:安康市,人民币/平方米,2325.357443,1258047.129,1121.627001,0.019063523,-1.863776828,0.48234606,898,3886.128495,2218.907563,16,,,,,,,,,,,,,967.00,898.00,1025.00,1297.00,1131.00,1479.00,1762.00,1800.00,2637.82,3302.03,3134.88,3702.86,3286.36,3542.13,3354.51,3886.13,
商品房销售价格:陕西:商洛市,人民币/平方米,2098.861937,735493.1616,857.6089795,-0.047647871,-1.857170135,0.408606666,882,3212.535469,2151.731214,16,,,,,,,,,,,,,1087.00,882.00,1071.00,1496.00,1469.00,1280.00,1394.00,1763.00,2540.46,2757.68,3147.69,2763.19,2719.23,2918.61,3080.40,3212.54,
商品房销售价格:甘肃:兰州市,人民币/平方米,3785.85269,3704552.145,1924.721316,0.50361163,-1.161394849,0.508398365,1641,7459.274486,3145,19,,,,,,,,,,1835.00,1641.00,1660.00,1643.00,1858.00,2282.00,2589.64,2614.24,2966.60,3145.00,3624.00,4229.18,4462.01,5402.85,5509.93,6242.17,6315.28,6452.02,7459.27,
商品房销售价格:甘肃:嘉峪关市,人民币/平方米,2327.716023,1141453.356,1068.388205,-0.0299639,-1.777385827,0.45898563,676,3768.4129,2541.509938,15,,,,,,,,,,,,,,676.00,1429.00,1385.00,1201.00,1300.00,1496.00,1534.00,2665.19,2541.51,3124.51,3378.20,3435.91,3768.41,3525.84,3455.18,
商品房销售价格:甘肃:金昌市,人民币/平方米,2231.819013,1061792.84,1030.433326,0.167463146,-1.236630674,0.461701115,897,3828.236789,2164.541623,13,,,,,,,,,,,,,,,,897.00,976.00,1509.00,901.00,2134.00,1656.63,2164.54,2341.75,2440.35,3101.62,3575.65,3487.87,3828.24,
商品房销售价格:甘肃:白银市,人民币/平方米,2502.434662,1883777.668,1372.507802,0.282970294,-1.51690703,0.548468986,958,4749.070984,2387.638591,16,,,,,,,,,,,,,1143.00,1017.00,1048.00,1091.00,958.00,1382.00,1500.00,2152.00,2623.28,3261.80,3347.73,3588.37,3545.50,4064.04,4749.07,4568.16,
商品房销售价格:甘肃:天水市,人民币/平方米,2967.107329,1898141.451,1377.730544,0.724564279,-0.542053403,0.464334583,1538,5933.165735,2331.30427,16,,,,,,,,,,,,,1582.00,1538.00,1667.00,1701.00,1636.00,2211.00,2142.00,2353.00,2309.61,4237.69,3291.01,3927.36,4104.05,3957.58,4883.25,5933.17,
商品房销售价格:甘肃:武威市,人民币/平方米,2465.119998,2373177.091,1540.511957,0.72637389,-0.894550737,0.624923719,885,5199.500105,1746.5,16,,,,,,,,,,,,,952.00,885.00,1132.00,1168.00,1538.00,1364.00,1069.00,1955.00,1444.44,3251.75,3101.78,3163.75,3357.09,5141.91,4718.70,5199.50,
商品房销售价格:甘肃:张掖市,人民币/平方米,2188.025194,832235.04,912.2691708,-0.043062134,-1.814189245,0.416937233,948,3429.756059,2284.926174,16,,,,,,,,,,,,,1030.00,948.00,1117.00,1513.00,1271.00,1391.00,1638.00,1892.00,2677.85,2938.96,2732.85,2961.96,2918.40,3255.32,3293.30,3429.76,
商品房销售价格:甘肃:平凉市,人民币/平方米,2233.473979,1460304.545,1208.430612,0.215793185,-1.988128412,0.541054261,816,3898.708616,1582,16,,,,,,,,,,,,,816.00,825.00,1141.00,1059.00,1496.00,1157.00,1489.00,1668.00,1385.00,3481.86,3248.36,3407.99,3766.47,3898.71,3462.61,3433.59,
商品房销售价格:甘肃:酒泉市,人民币/平方米,2277.825782,1270828.419,1127.310258,0.083160604,-1.727083661,0.494906269,914,3762.209217,2154.43617,16,,,,,,,,,,,,,1000.00,940.00,914.00,1008.00,1040.00,1654.00,1760.00,1911.00,2397.87,3050.36,2695.98,3380.63,3483.11,3693.11,3754.94,3762.21,
商品房销售价格:甘肃:庆阳市,人民币/平方米,2792.306355,1686818.99,1298.775958,-0.197860849,-1.841783347,0.465126599,1000,4297.744537,3286.885246,15,,,,,,,,,,,,,,1000.00,1111.00,1130.00,1492.00,1700.00,1915.00,2288.00,3286.89,3658.84,4297.74,4132.29,3516.40,4111.57,3973.25,4271.60,
商品房销售价格:甘肃:定西市,人民币/平方米,2287.296001,1368275.469,1169.733076,-0.002102831,-1.542308451,0.511404329,568,4036.439734,2277.108434,15,,,,,,,,,,,,,,568.00,769.00,1189.00,1064.00,1416.00,1404.00,1977.00,2277.11,2696.08,3037.91,3151.74,3438.19,3539.39,3745.59,4036.44,
商品房销售价格:甘肃:陇南市,人民币/平方米,2348.766663,1595656.397,1263.192937,0.399631324,-0.85322041,0.537811166,667,4705.704318,2321.082108,15,,,,,,,,,,,,,,755.00,667.00,963.00,1463.00,1923.00,1550.00,1389.00,2365.38,2321.08,2845.99,3640.49,3348.97,3062.78,4231.10,4705.70,
商品房销售价格:青海:西宁市,人民币/平方米,3239.512828,3214188.947,1792.815927,0.643030692,-1.059168162,0.553421462,1370,6641.875741,2900,19,,,,,,,,,,1464.00,1400.00,1370.00,1464.00,1644.00,1725.00,1877.16,2021.99,2420.96,2900.00,2900.00,3327.96,3649.03,4694.99,4628.19,5753.33,5758.36,5909.90,6641.88,
商品房销售价格:宁夏:银川市,人民币/平方米,3285.962398,1635170.645,1278.737911,0.160894853,-1.703926675,0.389151718,1578,5177.2566,2828,19,,,,,,,,,,1578.00,1594.00,1887.00,2207.00,2139.00,2177.00,2593.18,2398.56,2407.90,2828.00,3523.00,3928.93,4375.82,4574.54,4856.02,4451.14,4946.87,4790.06,5177.26,
商品房销售价格:宁夏:石嘴山市,人民币/平方米,2281.100235,651867.4732,807.3831019,-0.202659704,-1.527784702,0.353944596,1026,3362.579328,2317.601297,16,,,,,,,,,,,,,1026.00,1122.00,1280.00,1548.00,1650.00,1862.00,1870.00,2260.00,2375.20,2890.97,3076.03,2920.06,3107.61,3362.58,3226.01,2921.14,
商品房销售价格:宁夏:吴忠市,人民币/平方米,2459.235664,1099388.213,1048.51715,-0.072436337,-1.861199246,0.426358956,1042,3797.732288,2562.344262,16,,,,,,,,,,,,,1042.00,1142.00,1343.00,1306.00,1444.00,1563.00,1894.00,2346.00,2778.69,3065.87,3346.74,3540.59,3797.73,3552.36,3490.26,3695.52,
商品房销售价格:宁夏:固原市,人民币/平方米,2268.973525,1271492.386,1127.604712,0.14858887,-1.589710865,0.496966888,667,4115.805241,2208.71875,16,,,,,,,,,,,,,667.00,1091.00,1167.00,1390.00,1149.00,1189.00,1470.00,1969.00,2448.44,2757.30,3147.99,3348.53,3682.37,3311.80,3399.35,4115.81,
商品房销售价格:宁夏:中卫市,人民币/平方米,2697.086485,824737.6611,908.1506819,-0.073265508,-1.703070393,0.336715447,1470,3763.973823,2655.434098,13,,,,,,,,,,,,,,,,1621.00,1480.00,1470.00,2027.00,2229.00,2249.27,2655.43,2998.41,3738.19,3396.20,3713.56,3720.09,3763.97,
商品房销售价格:新疆:乌鲁木齐市,人民币/平方米,3848.338308,3526345.897,1877.85673,0.389734589,-1.667849248,0.487965605,1718,6606.073258,3244,19,,,,,,,,,,1718.00,1766.00,1981.00,2315.00,2361.00,2147.00,2372.71,2166.36,2667.14,3244.00,3446.00,4443.26,5177.64,5482.75,6000.34,6339.69,6572.95,6311.52,6606.07,
商品房销售价格:新疆:克拉玛依市,人民币/平方米,2135.833368,580752.0508,762.0708962,0.563057374,-1.24529943,0.356802599,1272,3474.041379,1816.5,12,,,,,,,,,,,,,,1272.00,1434.00,1419.00,1731.00,1604.00,1563.00,1902.00,2563.76,2663.59,2837.75,3165.86,3474.04,,,,
