"点击这里以选择指标，然后再点击""更新""或""下载编辑""按钮更新或新增及移除数列",单位,平均,方差,标准差,偏度,峰度,变异系数,最小,最大,中位数,观测次数,1984,1985,1986,1987,1988,1989,1990,1991,1992,1993,1994,1995,1996,1997,1998,1999,2000,2001,2002,2003,2004,2005,2006,2007,2008,2009,2010,2011,2012,2013,2014,2015,2016,2017,2018
房地产开发投资:地级市合计,百万人民币,2823547.902,8.42163E+12,2902003.895,1.128709203,0.034109541,1.027786316,312446.98,9224990.92,1568815.8,19,,,,,,,,,,,,,318446.25,312446.98,356028.64,401725.43,492195.56,624813.42,771922.20,1004110.13,1310979.68,1568815.80,1927448.01,2491413.66,3008429.97,3566597.26,4727106.01,6191850.38,7002797.92,8345291.91,9224990.92,,,,
房地产开发投资:北京,百万人民币,160759.7932,20535472079,143302.031,0.535203485,-1.164207757,0.891404673,2250,422634.73,133788.11,28,,,,,,,2250.00,2400.00,3370.00,5840.00,9950.00,35580.08,32816.59,33033.66,37739.96,42145.91,52207.37,78381.85,98941.32,120247.63,147328.59,152500.82,171986.50,199582.06,190873.87,233771.24,290106.86,303633.40,315344.19,348340.45,391134.11,422634.73,404544.83,374588.19,
房地产开发投资:天津,百万人民币,73064.57391,5369003803,73273.48636,1.014781416,-0.245984874,1.002859285,6636.89,230001,40231.84,23,,,,,,,,,,,,6636.89,7151.03,8080.41,10670.35,11695.69,13392.94,16126.62,17584.46,21138.76,26391.65,32754.03,40231.84,50529.56,65372.48,73518.36,86664.24,108004.36,125999.69,148081.52,169964.96,187155.00,230001.00,223339.36,
房地产开发投资:河北:石家庄,百万人民币,39944.06364,1855122724,43071.13563,0.717572284,-1.175117165,1.078286276,1639.23,124363.3,16484.11,22,,,,,,,,,,,,,1653.93,1639.23,1763.76,1926.10,2326.23,2817.98,3340.70,6209.31,8774.72,12210.27,13214.52,19753.70,28039.79,37821.71,53799.94,78914.13,83321.25,92814.91,101805.94,98627.02,103630.96,124363.30,
房地产开发投资:河北:唐山,百万人民币,20658.87409,532823273.2,23082.965,0.703234174,-1.324022857,1.117338965,482.65,60929.82,5512.63,22,,,,,,,,,,,,,651.45,482.65,656.55,1454.17,1461.90,1615.49,2159.89,2800.05,4562.80,3911.97,4840.54,6184.72,12038.34,19178.90,33839.41,50627.17,51651.72,56914.92,60929.82,56867.99,45893.68,35771.10,
房地产开发投资:河北:秦皇岛市,百万人民币,9722.171818,90123986.21,9493.365379,0.754109476,-1.052650021,0.976465501,749.05,26879.79,5306.24,22,,,,,,,,,,,,,808.77,749.05,819.33,1327.17,1374.34,1890.05,2532.15,2573.56,2654.41,3069.61,4772.20,5840.28,8252.18,9444.89,12025.92,16443.47,21331.91,23511.62,26879.79,25723.02,25169.02,16695.04,
房地产开发投资:河北:邯郸市,百万人民币,14865.14739,269816988.8,16426.10693,0.73050445,-1.091166589,1.105008009,275.12,47524.9,4714.41,23,,,,,,,,,,,,,275.12,360.14,560.76,682.76,857.14,1283.85,1652.42,1977.88,2336.73,2775.32,2619.49,4714.41,7694.25,11338.18,22562.85,24029.01,25782.71,30503.80,37709.38,34125.19,38172.10,47524.90,42360.00
房地产开发投资:河北:邢台市,百万人民币,6519.171304,57817078.21,7603.754218,1.031874324,-0.388382699,1.166368218,198.06,23191,2377.67,23,,,,,,,,,,,,,201.57,198.06,247.58,360.91,435.85,422.39,435.42,1083.73,1447.76,1533.07,2008.89,2377.67,2714.50,4761.09,6239.33,8491.00,9093.17,12478.42,15183.21,18197.95,19154.10,19684.27,23191.00
房地产开发投资:河北:保定市,百万人民币,17597.02727,407821834.4,20194.59914,0.872685752,-0.680903287,1.147614243,345.23,61913.87,5735.97,22,,,,,,,,,,,,,345.23,421.05,656.20,850.39,1334.18,1629.48,1361.77,1912.15,3319.89,2892.09,4356.49,7115.45,8810.03,17443.27,27393.93,35383.09,34790.88,33413.14,45630.94,44462.44,61913.87,51698.64,
房地产开发投资:河北:张家口市,百万人民币,11136.04087,153383466.9,12384.80791,0.926655188,-0.326093052,1.112137433,149.62,39084.64,5065.89,23,,,,,,,,,,,,,149.62,200.84,269.29,326.47,379.27,768.99,1077.62,1609.76,1940.33,2143.07,3506.42,5065.89,5962.50,9627.53,17314.98,20856.01,20912.04,19933.54,17643.33,21167.08,32599.72,39084.64,33590.00
房地产开发投资:河北:承德市,百万人民币,6421.638261,39682091.89,6299.372341,0.465870264,-1.588089831,0.980960323,132.93,17550,3239.23,23,,,,,,,,,,,,,199.33,132.93,234.58,319.04,420.39,668.30,954.31,1488.90,1583.55,1587.15,2090.41,3239.23,4764.33,6719.01,9272.20,14340.37,12032.60,14093.38,13907.67,13148.65,13657.41,15293.94,17550.00
房地产开发投资:河北:沧州市,百万人民币,8330.898182,91347591.34,9557.593386,0.916821047,-0.660687016,1.147246453,108.95,28336.56,2444.255,22,,,,,,,,,,,,,152.42,108.95,329.20,384.21,642.61,707.28,1007.48,1311.60,2001.97,1846.60,2207.22,2681.29,5263.41,6961.43,11262.06,15279.40,15000.83,18450.62,20190.66,23809.75,28336.56,25344.21,
房地产开发投资:河北:廊坊市,百万人民币,22095.10955,660122116.4,25692.84173,1.05031534,-0.290545213,1.162829344,320.41,75799.46,9479.145,22,,,,,,,,,,,,,320.41,487.59,433.95,760.72,1089.32,1480.48,1934.68,2853.21,4101.95,5861.82,6640.55,12317.74,21941.43,24843.08,24910.09,29417.90,24307.05,56914.92,52224.96,67086.79,70364.31,75799.46,
房地产开发投资:河北:衡水市,百万人民币,5994.833333,45792949.61,6767.048811,0.914994278,-0.620762614,1.128813502,66.03,19913.83,1766.89,21,,,,,,,,,,,,,81.24,66.03,155.65,492.95,518.15,,1047.67,1374.99,1299.74,1321.59,1829.56,1637.68,1766.89,4288.68,7872.83,11677.42,10427.98,12081.45,13139.32,15889.65,19008.20,19913.83,
房地产开发投资:山西:太原市,百万人民币,21214.50435,493017232.5,22203.99136,0.823968749,-0.780939259,1.046642005,751.48,68190.17,9482.49,23,,,,,,,,,,,,,751.48,859.40,1124.18,1170.77,1605.59,2113.94,2944.05,4297.03,6284.24,7943.50,8031.98,9482.49,12117.30,16501.22,24109.46,31207.81,36472.14,42991.94,48322.93,60421.52,68190.17,47814.46,53176.00
房地产开发投资:山西:大同市,百万人民币,7454.306957,67231967.24,8199.510183,0.966050325,-0.196382502,1.099969485,276.01,26502.05,2701.75,23,,,,,,,,,,,,,288.43,276.01,683.56,1033.16,782.52,1020.26,881.67,914.61,950.36,1461.77,2142.33,2802.58,2701.75,8366.14,9061.48,13418.15,17060.96,26502.05,23732.45,13916.71,16772.93,11139.18,15540.00
房地产开发投资:山西:阳泉市,百万人民币,2604.059565,5467684.302,2338.308,0.559799698,-1.057218803,0.897947202,106.06,7239.13,2183.43,23,,,,,,,,,,,,,106.06,197.01,204.16,320.75,264.52,286.75,380.86,659.74,746.36,1199.27,1754.35,2183.43,2755.79,3197.88,4334.34,5888.43,5696.67,7239.13,5270.08,4663.96,6397.81,3026.02,3120.00
房地产开发投资:山西:长治市,百万人民币,3378.54913,12691237.22,3562.476277,0.736728023,-1.095979455,1.054439684,59.14,10330,1526.29,23,,,,,,,,,,,,,59.14,141.30,211.97,132.42,65.66,188.01,475.00,704.78,912.50,1169.79,1408.25,1526.29,1780.43,2649.98,3276.11,5376.03,7591.60,9420.84,7523.31,8753.23,6779.62,7230.37,10330.00
房地产开发投资:山西:晋城市,百万人民币,2671.016522,8004506.133,2829.223592,0.779259324,-0.973811184,1.059231034,64.56,8036.48,894.42,23,,,,,,,,,,,,,64.56,89.37,125.34,182.28,215.93,318.59,348.74,490.88,894.42,822.52,687.56,811.96,1480.40,2654.30,3236.66,3750.14,4518.19,5081.88,5818.20,7459.74,8036.48,7085.24,7260.00
房地产开发投资:山西:朔州市,百万人民币,2025.219565,6812184.566,2610.0162,1.631636612,1.840356075,1.288757153,11.28,9014.56,1039.72,23,,,,,,,,,,,,,19.25,11.28,50.58,39.20,124.32,140.72,148.91,258.76,481.48,536.88,693.07,1039.72,1160.69,1614.63,1978.12,2444.08,4640.07,9014.56,7717.00,6766.28,2807.30,2153.15,2740.00
房地产开发投资:山西:晋中市,百万人民币,5410.118947,32159353.23,5670.921727,1.053592538,-0.162755477,1.048206478,243.72,17903.61,2413.09,19,,,,,,,,,,,,,,,,,313.16,243.72,333.21,608.62,1068.41,1664.72,2067.84,2296.13,2413.09,2081.35,2981.32,3221.86,7031.27,7693.36,11290.26,11889.19,17903.61,11601.14,16090.00
房地产开发投资:山西:运城市,百万人民币,5083.312105,18965140.69,4354.898471,0.525913832,-1.32454666,0.856704916,138.42,12364.47,3500.26,19,,,,,,,,,,,,,,,,,138.42,321.78,640.71,762.52,1050.00,1614.50,2007.26,2633.16,3500.26,4019.44,3324.92,5267.76,6777.42,9303.00,11772.22,12364.47,11631.14,9063.95,10390.00
房地产开发投资:山西:忻州市,百万人民币,2034.075789,3643866.156,1908.891342,0.70779587,-0.452407366,0.938456351,38.73,6173.76,1813.15,19,,,,,,,,,,,,,,,,,38.73,85.42,84.20,65.74,69.00,269.99,802.87,913.49,1202.19,2088.19,1813.15,2409.79,2762.77,3810.82,6173.76,5238.95,4409.58,3318.80,3090.00
房地产开发投资:山西:临汾市,百万人民币,4271.437895,17014957.43,4124.919082,0.679690268,-1.103678943,0.965698012,93.71,11480,3136.9,19,,,,,,,,,,,,,,,,,93.71,158.30,356.62,621.51,540.91,775.17,922.96,1346.35,2231.11,3892.68,3136.90,3738.74,5556.46,6558.01,8420.11,11260.02,9753.40,10314.36,11480.00
房地产开发投资:山西:吕梁市,百万人民币,2593.60875,4936229.852,2221.76278,0.796231179,-0.230612289,0.856629891,136.87,7053.28,2134.165,16,,,,,,,,,,,,,,,,,,,,136.87,149.30,286.15,549.05,876.91,1297.35,1305.81,1971.30,2297.03,2937.58,3247.16,4315.17,6753.12,7053.28,3881.66,4440.00
房地产开发投资:内蒙古:呼和浩特市,百万人民币,19072.50435,415339917.3,20379.89002,0.86204242,-0.71990302,1.068548191,324.48,58168.32,12983.46,23,,,,,,,,,,,,,432.86,324.48,918.91,981.52,1176.97,1554.31,2428.40,2739.82,3020.45,3586.34,9499.34,12983.46,17706.84,17899.09,25435.37,34478.32,44798.61,58168.32,56313.05,50904.52,52051.65,23839.97,17425.00
房地产开发投资:内蒙古:包头市,百万人民币,9865.031739,73748177.2,8587.675891,0.152455326,-1.797826056,0.870516803,261.62,23417.41,8193.4,23,,,,,,,,,,,,,261.62,330.80,593.48,600.81,780.58,1127.17,1037.55,1791.00,2978.83,3099.76,5929.48,8193.40,13960.36,14043.16,20282.64,23417.41,15855.83,20646.94,19786.81,19732.19,18457.28,15538.63,18450.00
房地产开发投资:内蒙古:乌海市,百万人民币,1889.66913,3143432.158,1772.972689,0.540027102,-1.047142239,0.93824504,6.78,4983.05,1849,23,,,,,,,,,,,,,6.78,15.07,24.51,16.58,42.91,73.51,302.42,380.98,638.70,826.66,1342.44,1849.00,2947.00,2305.15,2489.90,4983.05,4634.56,4786.31,4872.62,3701.17,2209.91,2048.16,2965.00
房地产开发投资:内蒙古:赤峰市,百万人民币,6137.376364,33711393.12,5806.151317,0.461168905,-1.497334009,0.946031492,116.49,15950,4249.77,22,,,,,,,,,,,,,,146.27,116.49,321.13,540.84,762.57,556.32,614.30,1091.42,1760.67,2931.63,3904.00,4595.54,5457.38,8336.97,12807.83,13983.88,14717.32,12859.05,8571.16,10992.13,14005.38,15950.00
房地产开发投资:内蒙古:通辽市,百万人民币,3221.2005,8798292.619,2966.191602,0.934573041,0.094910654,0.920834205,41.25,10064.27,2604.92,20,,,,,,,,,,,,,41.25,,,295.77,511.90,672.33,702.88,739.50,599.43,821.64,1761.57,3553.00,3878.89,2052.98,5778.60,10064.27,4263.22,6919.12,8871.06,3156.86,4884.83,4854.91,
房地产开发投资:内蒙古:鄂尔多斯市,百万人民币,10769.02059,133240823.4,11542.99889,1.541947349,2.448666278,1.071870817,187.62,42603.12,8033.81,17,,,,,,,,,,,,,,,,,,187.62,368.33,555.74,591.87,1705.00,4055.62,8486.23,15081.60,21944.32,28052.96,42603.12,17534.20,13756.13,8349.54,5882.80,5884.46,8033.81,
房地产开发投资:内蒙古:呼伦贝尔市,百万人民币,5739.785,16128401.84,4016.018157,0.064694278,-1.579647985,0.699680939,675.44,11632.88,5277.795,18,,,,,,,,,,,,,,,,,,1005.24,704.41,733.46,675.44,1542.01,2196.50,4388.46,5577.00,4237.42,4978.59,11046.32,9074.52,10797.76,10291.00,6694.27,8775.85,11632.88,8965.00
房地产开发投资:内蒙古:巴彦淖尔市,百万人民币,3557.455,4562374.14,2135.971475,0.065607167,-1.233867545,0.600421221,416.49,6950.38,3254.76,16,,,,,,,,,,,,,,,,,,,,545.87,416.49,1090.55,1723.02,1721.33,3223.00,5094.81,5620.60,6950.38,6642.08,5829.18,4390.32,2576.37,2958.76,3286.52,4850.00
房地产开发投资:内蒙古:乌兰察布市,百万人民币,2153.798,1385706.637,1177.160412,-0.069986802,-0.255700457,0.546550982,258.14,4402.19,2304.24,15,,,,,,,,,,,,,,,,,,,,258.14,394.30,485.00,1550.14,2013.35,2550.83,2362.06,3503.51,4402.19,3199.00,3096.91,2515.99,2304.24,1585.28,2086.03,
房地产开发投资:辽宁:沈阳市,百万人民币,77841.64435,5004683577,70743.78826,0.617957224,-0.857539028,0.908816725,2877.68,218401.29,70967.06,23,,,,,,,,,,,,,3150.85,2877.68,3563.70,5175.19,6403.95,7812.16,11608.32,17732.83,34262.03,41357.10,53829.14,73036.37,101091.45,118870.07,145007.94,168472.42,194296.42,218401.29,197581.82,133766.32,70967.06,81423.71,99670.00
房地产开发投资:辽宁:大连市,百万人民币,52102.21727,2490827011,49908.18581,1.132608613,0.299292585,0.957889864,6285.75,171035.85,37253.3,22,,,,,,,,,,,,,6420.52,6423.34,6285.75,6757.50,10686.54,11549.56,12520.30,15113.63,20878.55,26533.76,33723.48,40783.12,49581.60,57894.21,76802.02,110746.26,139652.04,171035.85,142933.53,89745.95,53517.42,56663.85,
房地产开发投资:辽宁:鞍山市,百万人民币,12302.65955,187071287.6,13677.40062,1.127209982,0.292078259,1.111743405,901.47,45590.99,4073.06,22,,,,,,,,,,,,,925.32,1021.28,901.47,1014.24,1601.66,1848.12,2159.98,1925.73,2234.25,2765.16,3145.03,5001.09,10715.99,17960.60,23585.87,33262.20,38477.45,45590.99,25295.23,20608.41,14958.45,15659.99,
房地产开发投资:辽宁:抚顺市,百万人民币,4743.852609,20952720.77,4577.414201,0.957692638,-0.260440281,0.964914929,415.29,14954.2,2832.67,23,,,,,,,,,,,,,415.29,698.96,578.54,515.32,645.00,1015.82,983.64,1367.49,1141.31,1672.88,2365.46,2832.67,3999.75,6427.03,8482.93,11273.65,12970.02,14954.20,12485.94,7743.84,5656.71,5482.16,5400.00
房地产开发投资:辽宁:本溪市,百万人民币,4000.756957,14315263.78,3783.551742,1.164096092,0.457538778,0.94570897,256.26,13270.49,3219.73,23,,,,,,,,,,,,,256.26,499.84,506.07,544.27,942.71,1069.86,1157.65,1243.16,1081.77,1915.10,3219.73,3258.17,3845.12,4651.11,5728.49,8312.47,10441.35,13270.49,11260.02,7639.66,2830.64,4033.47,4310.00
房地产开发投资:辽宁:丹东市,百万人民币,6662.286957,47315988.98,6878.66186,1.308765662,1.358444403,1.032477572,362.12,25628.33,4547.23,23,,,,,,,,,,,,,462.66,390.67,362.12,583.29,984.73,1288.98,1235.83,1327.64,1720.16,2411.08,3444.83,4547.23,5857.70,8841.27,11500.99,15729.29,19830.21,25628.33,14112.56,8553.24,8005.11,8664.68,7750.00
房地产开发投资:辽宁:锦州市,百万人民币,5797.584091,39312163.61,6269.941276,1.048515951,-0.034276565,1.081474831,460.12,20118.21,2201.79,22,,,,,,,,,,,,,548.88,482.49,541.75,847.01,940.89,1439.93,1474.09,1558.34,460.12,942.87,1600.23,2803.35,3551.26,4949.03,9253.83,11449.60,13809.29,18799.92,20118.21,11403.06,10426.17,10146.53,
房地产开发投资:辽宁:营口市,百万人民币,8655.849091,98294347.06,9914.350562,1.294049721,0.586164322,1.145393185,286.68,30747.37,2904.495,22,,,,,,,,,,,,,286.68,551.38,573.78,948.03,1542.25,2125.60,1462.15,1469.33,2368.56,3289.06,2496.43,2519.93,5553.91,11347.14,17907.55,26605.98,30696.83,30747.37,15456.06,10492.99,9561.06,12426.61,
房地产开发投资:辽宁:阜新市,百万人民币,2890.804091,14391841.54,3793.658069,1.950063501,2.942014319,1.312319323,169.06,13283.99,1258.635,22,,,,,,,,,,,,,179.29,169.06,323.22,354.45,383.18,523.05,993.12,1087.60,831.32,981.99,1018.36,1429.67,1435.29,2039.44,3286.08,4707.36,9158.16,13283.99,12170.45,4326.86,2565.66,2350.09,
房地产开发投资:辽宁:辽阳市,百万人民币,4126.431304,20448426.97,4521.993694,1.103020429,0.081336467,1.095860651,237.93,14691.25,2359.72,23,,,,,,,,,,,,,237.93,246.29,266.36,302.14,458.02,550.10,667.21,445.50,669.62,979.15,1535.83,2359.72,3084.10,4318.52,6203.75,10953.11,12618.44,14691.25,11486.37,6881.19,3846.67,5136.65,6970.00
房地产开发投资:辽宁:盘锦市,百万人民币,6768.965,76177015.8,8727.944534,1.413192216,0.878762879,1.289406066,67.4,28371.62,1686.69,22,,,,,,,,,,,,,89.76,67.40,323.28,187.51,277.76,585.41,1395.07,1172.60,1406.48,1039.02,1297.93,1966.90,4074.58,5806.48,8614.12,10964.40,17878.49,22575.21,28371.62,23954.11,8732.81,8136.29,
房地产开发投资:辽宁:铁岭市,百万人民币,6718.863636,61856815.89,7864.910418,1.088199224,-0.14285628,1.17057152,109.42,24398.78,3283.295,22,,,,,,,,,,,,,109.42,117.91,244.54,355.02,391.83,743.97,936.54,1047.46,846.04,1412.75,2724.26,3842.33,5653.09,10961.87,17482.62,19373.10,21462.22,24398.78,13119.61,12175.44,5812.96,4603.24,
房地产开发投资:辽宁:朝阳市,百万人民币,4211.104091,18851388.84,4341.81861,0.838620185,-0.548820061,1.031040439,130.23,13509.23,2609.26,22,,,,,,,,,,,,,130.23,153.10,170.62,182.45,325.32,484.12,778.03,1132.82,987.80,798.50,2297.36,2921.16,4270.06,5915.24,7423.38,8850.29,10786.21,13509.23,12190.16,8858.71,4618.50,5861.00,
房地产开发投资:辽宁:葫芦岛市,百万人民币,5017.523043,26387625.01,5136.88865,1.121691681,0.402769557,1.023789748,291.71,18188.23,2456.22,23,,,,,,,,,,,,,298.47,291.71,396.86,454.00,906.78,1287.22,1459.54,2015.34,1456.54,1326.83,1521.41,2456.22,3095.40,4074.38,5296.05,8055.93,13504.83,18188.23,13548.93,9714.43,7985.29,8378.64,9690.00
房地产开发投资:吉林:长春市,百万人民币,28980.42682,651023505.3,25515.16226,0.245372308,-1.800386744,0.880427415,1396.89,66641.77,21567.035,22,,,,,,,,,,,,,1925.06,1396.89,1615.94,2395.26,2727.71,4251.08,5255.57,7000.20,8982.52,10787.62,17184.28,25949.79,35289.21,44392.52,54364.16,66641.77,64965.35,61360.00,53439.77,50602.31,59664.77,57377.61,
房地产开发投资:吉林:吉林市,百万人民币,8246.291818,56250596.28,7500.039752,0.975458791,-0.115825852,0.909504528,610.49,24880.11,5537.565,22,,,,,,,,,,,,,610.49,660.31,1356.27,1650.91,1806.77,2474.93,2937.11,3049.76,3049.79,3350.00,4657.47,6952.12,8702.59,9926.19,13961.12,20619.79,24880.11,22990.00,14246.28,13936.17,13182.58,6417.66,
房地产开发投资:吉林:四平市,百万人民币,2168.290909,4524016.196,2126.973483,0.707207434,-0.95633716,0.980944703,95.3,6393.29,1558.435,22,,,,,,,,,,,,,98.47,95.30,343.27,246.86,429.31,455.45,453.70,366.87,221.04,425.70,975.66,2141.21,2256.84,2827.03,2692.74,6393.29,5867.10,4860.00,4804.51,2469.36,4279.12,4999.57,
房地产开发投资:吉林:辽源市,百万人民币,1538.090455,2124183.878,1457.458019,0.847176071,-0.336868491,0.947576272,58.2,4651.8,1303.205,22,,,,,,,,,,,,,58.20,103.89,87.56,107.07,161.90,206.93,466.78,534.53,489.60,565.11,1391.16,2486.58,3340.09,3672.34,2078.24,2578.58,4651.80,4405.00,1998.59,1636.08,1215.25,1602.71,
房地产开发投资:吉林:通化市,百万人民币,4022.373182,13283424.24,3644.643225,0.248596659,-1.542523734,0.906092762,85.32,10816.15,4067.15,22,,,,,,,,,,,,,85.32,129.88,183.89,179.81,202.26,460.87,471.86,613.65,826.64,1362.01,3043.57,5090.73,5875.01,7645.35,7574.14,8226.87,10816.15,8461.00,8544.34,6320.00,6390.13,5988.73,
房地产开发投资:吉林:白山市,百万人民币,1097.077727,1339127.56,1157.206792,1.402409944,1.561503895,1.054808391,28.46,4120,758.205,22,,,,,,,,,,,,,28.46,31.04,79.67,86.99,238.55,235.97,201.81,344.15,300.28,421.92,595.34,1025.39,1882.11,1501.43,921.07,2004.46,3723.96,4120.00,2408.47,1452.26,1359.86,1172.52,
房地产开发投资:吉林:松原市,百万人民币,2728.400909,10663513.33,3265.503534,1.061907933,-0.13917802,1.196856196,23,10310,1014.755,22,,,,,,,,,,,,,44.24,37.99,23.00,39.50,170.40,152.50,273.41,330.58,310.51,291.91,688.63,1340.88,2542.87,2815.43,5856.91,7370.29,8137.61,10310.00,8027.65,5026.47,3526.62,2707.42,
房地产开发投资:吉林:白城市,百万人民币,885.0636364,856757.9994,925.6122295,1.34098448,0.516977812,1.045814325,26.97,2982.76,501.04,22,,,,,,,,,,,,,45.52,26.97,52.05,281.65,273.64,330.33,372.46,307.84,247.02,301.53,441.54,755.62,794.50,560.54,657.62,930.99,1108.06,1334.94,2494.80,2758.79,2412.23,2982.76,
房地产开发投资:黑龙江:哈尔滨市,百万人民币,29105.67136,694368720.2,26350.87703,0.840224805,-0.653455885,0.905351974,3236.6,84965.14,17262.535,22,,,,,,,,,,,,,3635.59,3236.60,3571.24,4411.17,6426.65,8394.07,8989.22,10603.66,11995.06,14016.83,15783.23,18741.84,21576.14,27922.51,36073.58,56597.81,77201.53,84965.14,67356.77,58178.79,51213.01,49434.33,
房地产开发投资:黑龙江:齐齐哈尔市,百万人民币,4397.016522,15790240.72,3973.693587,0.858207545,-0.496630276,0.903724961,337.78,12997.71,2443.57,23,,,,,,,,,,,,,337.78,396.39,690.68,479.47,686.37,964.38,1312.92,1802.56,2263.61,2443.57,2025.99,2162.81,3406.46,4359.76,5874.72,8375.03,10412.84,11722.20,12997.71,9733.64,7647.00,4935.49,6100.00
房地产开发投资:黑龙江:鸡西市,百万人民币,1188.30087,1222215.038,1105.538348,0.398802579,-1.608882334,0.930352216,56.16,3000.56,1000.34,23,,,,,,,,,,,,,65.70,56.16,182.73,180.65,153.01,77.79,132.92,169.71,158.57,370.15,456.16,1154.14,1000.34,2315.32,3000.56,2376.04,2908.30,2469.48,2728.49,1857.56,2320.82,2126.32,1070.00
房地产开发投资:黑龙江:鹤岗市,百万人民币,564.6622727,124634.1197,353.0355785,0.329602107,-0.639585811,0.625215453,71.15,1256.09,546.235,22,,,,,,,,,,,,,71.15,119.97,122.68,103.55,173.25,228.06,362.34,554.43,548.98,516.90,543.49,765.56,869.20,734.06,827.20,1021.65,1218.96,1256.09,678.15,513.17,379.87,813.86,
房地产开发投资:黑龙江:双鸭山市,百万人民币,976.7313636,784525.9405,885.7346897,0.741879941,-0.556590687,0.906835516,17.83,2991.88,701.405,22,,,,,,,,,,,,,30.59,,17.83,19.97,650.12,339.42,101.07,129.64,365.51,260.53,401.77,752.69,610.65,797.50,2280.38,2991.88,2243.35,2047.01,1641.20,1661.86,873.74,1551.38,1720.00
房地产开发投资:黑龙江:大庆市,百万人民币,6831.837391,58362711.23,7639.549151,1.569938895,1.898980817,1.118227603,126.93,27724.1,4790.05,23,,,,,,,,,,,,,144.84,126.93,420.18,1785.65,864.46,2355.07,1310.52,453.69,1381.39,3005.53,5657.00,5847.92,7830.03,8379.94,11950.43,17113.28,23904.01,27724.10,15737.94,4537.38,5401.92,4790.05,6410.00
房地产开发投资:黑龙江:伊春市,百万人民币,577.9081818,244618.7799,494.5895064,1.041795985,0.437873536,0.85582714,27.13,1768.82,366.965,22,,,,,,,,,,,,,27.13,71.23,95.28,195.64,253.54,297.09,272.10,315.71,418.22,294.27,108.32,174.31,474.23,818.46,1104.33,1768.82,1622.52,980.54,860.48,1004.97,745.15,811.64,
房地产开发投资:黑龙江:佳木斯市,百万人民币,2728.959545,7517015.031,2741.717533,0.664575445,-1.313410087,1.004675037,93.15,7706.15,1295.345,22,,,,,,,,,,,,,93.15,98.83,147.41,272.42,504.10,721.21,699.60,593.92,582.96,658.40,1155.08,1435.61,1712.66,2606.38,5820.21,7018.84,7706.15,6924.23,5484.08,6341.17,5261.26,4199.44,
房地产开发投资:黑龙江:七台河市,百万人民币,558.8886364,170254.2029,412.6187137,1.04433863,0.333201696,0.738284314,37.29,1528.68,436.97,22,,,,,,,,,,,,,37.29,101.40,136.11,204.40,194.66,411.21,376.38,422.65,329.29,388.24,958.76,939.22,786.01,451.29,543.77,1528.68,1354.97,1238.14,512.11,272.34,636.45,472.18,
房地产开发投资:黑龙江:牡丹江市,百万人民币,3737.514783,12698839.88,3563.543164,0.821825676,-0.591899244,0.953452594,300.01,11441.47,1850.38,23,,,,,,,,,,,,,407.64,300.01,466.29,405.96,967.66,965.00,815.30,868.42,916.50,954.67,1226.87,1850.38,3491.27,4577.95,6524.76,8012.64,9729.79,9919.35,11441.47,6987.81,4842.93,4460.17,5830.00
房地产开发投资:黑龙江:黑河市,百万人民币,923.87,1286842.417,1134.390769,0.904719344,-0.761101593,1.22786839,13.47,3298.75,151.97,22,,,,,,,,,,,,,13.47,19.22,39.01,39.18,74.16,70.23,98.64,92.48,132.10,155.10,148.84,105.93,161.39,3298.75,2709.30,1947.07,1973.81,1968.57,2910.92,2293.41,1015.75,1057.81,
房地产开发投资:黑龙江:绥化市,百万人民币,3648.432222,16066251.28,4008.272855,0.85177557,-0.556279489,1.098628839,23,12077.38,2162.07,18,,,,,,,,,,,,,,,,,63.90,23.00,126.00,148.86,347.64,467.51,583.45,635.92,664.27,3659.87,10049.04,12077.38,9645.95,6214.28,7458.94,3875.82,3759.31,5870.64,
房地产开发投资:上海,百万人民币,129100.6825,16176766556,127187.9183,0.93036915,-0.312080659,0.985183934,97,403318,82506.735,32,,,,97.00,168.00,185.00,816.00,759.00,1271.00,2204.00,11743.00,46620.00,65779.00,61423.00,57712.00,51482.53,56617.00,63073.31,74889.20,90124.27,117546.47,124685.60,127559.38,130752.56,136687.00,146418.00,198067.87,217031.03,238135.74,281959.00,320647.73,346894.15,370903.00,385653.00,403318.00
房地产开发投资:江苏:南京市,百万人民币,69205.60957,4775433699,69104.51287,1.224857462,0.613516966,0.998539183,6970.29,235417,44597.3,23,,,,,,,,,,,,,6970.29,7288.91,10105.71,9790.85,9934.49,11100.34,13762.60,18380.38,29287.56,29614.03,35117.42,44597.30,50816.69,59567.96,74834.81,87142.92,97196.42,103771.48,112549.00,142901.94,184560.04,217020.88,235417.00
房地产开发投资:江苏:无锡市,百万人民币,47782.08091,1986123320,44565.9435,0.567311272,-1.328725559,0.932691558,3302.45,125222,32746.67,22,,,,,,,,,,,,,3567.56,3302.45,3404.23,4207.39,4467.21,4931.14,7701.19,13179.20,19557.59,22774.29,27681.10,37812.24,44971.71,46337.06,61266.62,87777.53,97436.75,112890.89,125222.00,99166.34,103362.26,120189.03,
房地产开发投资:江苏:徐州市,百万人民币,17766.23,358611663,18937.04473,0.94341771,-0.614497168,1.065901135,806.42,54913.09,8545.4,22,,,,,,,,,,,,,806.42,1153.93,1856.31,2380.71,2804.90,3133.52,2500.89,3009.58,3091.35,6257.38,7079.83,10010.97,13081.23,15905.93,20532.22,25512.17,31007.07,38046.68,46888.00,47022.44,54913.09,53862.44,
房地产开发投资:江苏:常州市,百万人民币,26511.44273,579097554.1,24064.44585,0.480393941,-1.326270529,0.90770035,1535.86,68153,19804.345,22,,,,,,,,,,,,,1535.86,1878.27,2232.00,2550.26,2998.34,3217.09,4101.69,5277.54,9789.55,11427.30,17104.16,22504.53,30891.61,30620.37,40991.00,56753.25,59701.05,68139.42,68153.00,50804.00,44670.17,47911.28,
房地产开发投资:江苏:苏州市,百万人民币,84206.72696,6682954620,81749.34018,0.801945655,-0.627796152,0.970817215,5014.11,255791,60195.65,23,,,,,,,,,,,,,5014.11,5123.13,5854.47,6011.24,6117.92,6861.78,10733.63,17794.03,33432.45,41433.33,47074.72,60195.65,71808.05,72434.08,93580.18,119912.78,126335.97,141400.70,176444.00,186494.72,216324.40,230582.38,255791.00
房地产开发投资:江苏:南通市,百万人民币,26230.78565,713694232.5,26715.05629,0.714853334,-1.18679654,1.018461919,1725.21,75952,13742.62,23,,,,,,,,,,,,,2012.48,1783.91,1725.21,2160.46,2610.62,3313.16,3596.13,4831.69,5938.79,8004.98,10792.95,13742.62,17268.46,20079.15,27278.25,37996.17,48174.28,59652.01,67892.00,69094.00,58413.56,60995.19,75952.00
房地产开发投资:江苏:连云港市,百万人民币,9237.5,76139995.57,8725.82349,0.592310184,-0.961140066,0.944608767,423.07,27493.39,6723.17,22,,,,,,,,,,,,,435.44,423.07,454.00,749.07,659.22,965.86,1602.00,1976.45,2732.38,3536.44,5506.77,7939.57,11327.50,11081.17,13235.75,16465.32,16222.96,17406.95,18928.00,20542.36,23541.33,27493.39,
房地产开发投资:江苏:淮安市,百万人民币,13734.58045,178435784.7,13357.9858,0.393437312,-1.668218299,0.972580549,152.31,35766,8424.69,22,,,,,,,,,,,,,152.31,234.98,424.70,589.90,741.40,1127.16,1557.73,2153.53,3459.23,4530.63,6634.59,10214.79,13839.67,18214.60,23776.64,28648.89,28055.11,31222.19,35766.00,28369.04,32141.34,30306.34,
房地产开发投资:江苏:盐城市,百万人民币,15441.63739,250230388.6,15818.67215,0.720327395,-1.092386168,1.02441676,646.33,45490,9255.74,23,,,,,,,,,,,,,646.33,807.71,1142.72,1152.65,1189.41,1339.72,1730.40,2312.64,3114.41,5223.57,6551.14,9255.74,10902.31,12985.49,16547.28,21437.18,27341.18,32731.24,37964.00,36768.48,35856.66,42667.40,45490.00
房地产开发投资:江苏:扬州市,百万人民币,14762.86909,213030424,14595.56179,0.884546324,-0.604383452,0.98866702,959.46,44358.26,9495.445,22,,,,,,,,,,,,,983.29,959.46,1078.71,1299.08,1543.03,1798.46,2619.08,4381.81,6398.30,7313.57,8343.08,10647.81,13765.53,12952.92,16515.93,19770.79,23584.26,31590.65,36044.00,37817.53,41017.57,44358.26,
房地产开发投资:江苏:镇江市,百万人民币,13644.19609,203160348.2,14253.43286,0.931138581,-0.597401867,1.044651716,628.14,44864.33,8437.25,23,,,,,,,,,,,,,628.14,677.71,873.90,1139.65,1285.93,1494.63,1979.73,3228.58,3917.47,6048.05,6742.14,8437.25,9702.71,9546.70,11487.81,14147.47,20548.34,29630.63,31905.00,35577.94,44864.33,34352.40,35600.00
房地产开发投资:江苏:泰州市,百万人民币,12566.91522,135760053.7,11651.61163,0.516258455,-1.304598025,0.927165612,463.05,35371,9206.79,23,,,,,,,,,,,,,482.65,463.05,700.31,874.51,1263.40,1713.73,1946.87,3114.84,3927.97,4724.42,6340.93,9206.79,11178.43,12388.01,14973.32,22825.47,23448.48,27115.81,28554.00,24556.76,24996.36,28871.94,35371.00
房地产开发投资:江苏:宿迁市,百万人民币,12307.25304,170458639.4,13055.98098,0.718564297,-0.953542193,1.060836316,27.14,37714,7024.64,23,,,,,,,,,,,,,27.14,58.65,170.67,148.58,277.15,447.43,700.12,1306.49,2330.88,3717.05,5702.47,7024.64,8706.91,11735.82,14762.65,18992.92,21864.24,30546.47,37714.00,36252.59,30975.65,24300.30,25304.00
房地产开发投资:浙江:杭州市,百万人民币,99471.88565,10319971670,101587.2614,0.874604737,-0.759737236,1.021266066,5727.49,306890,51879.04,23,,,,,,,,,,,,,5727.49,5736.86,6662.44,8492.67,10165.97,14091.32,19825.17,25884.52,32854.09,41057.06,44265.34,51879.04,61540.60,70467.52,95619.70,130272.34,159736.11,185328.00,230108.23,247207.43,260641.00,273400.47,306890.00
房地产开发投资:浙江:宁波市,百万人民币,54768.90696,2709243596,52050.39477,0.767814193,-0.984572147,0.95036395,4385.88,158747,31358.1,23,,,,,,,,,,,,,6589.98,5192.20,4385.88,4653.85,5971.41,8708.43,12596.94,18425.89,23440.91,25949.64,31358.10,33289.41,30775.38,37451.19,55726.83,75494.48,88435.14,112314.01,132813.90,122884.27,127033.00,137447.02,158747.00
房地产开发投资:浙江:温州市,百万人民币,37981.3687,1358527865,36858.213,0.851677326,-0.774799139,0.970428772,3808.72,117657,19249.33,23,,,,,,,,,,,,,4231.58,3808.72,3908.61,4490.50,5536.90,8787.39,11274.33,13492.97,14162.03,15397.01,16875.95,19249.33,21939.19,25334.24,27049.55,68055.47,68750.28,73437.00,80887.63,76628.65,90201.00,102416.15,117657.00
房地产开发投资:浙江:嘉兴市,百万人民币,25338.22826,666431562.5,25815.3358,1.181828537,0.9176372,1.018829554,1055.06,95247,14773.86,23,,,,,,,,,,,,,1055.06,1161.21,1305.80,1784.30,2331.63,3983.37,4798.59,7243.90,11424.09,12340.34,11810.04,14773.86,18122.56,18717.81,27038.89,38336.50,41587.63,51083.00,52571.84,45841.33,47840.00,72380.50,95247.00
房地产开发投资:浙江:湖州市,百万人民币,14017.71826,195344897.5,13976.5839,1.156359481,0.866679594,0.997065545,718.18,52330,9493.85,23,,,,,,,,,,,,,791.96,718.18,814.83,938.36,1726.11,2340.29,2957.65,4151.60,5686.02,6904.86,7279.59,9493.85,10329.06,11130.06,14313.14,18467.99,21117.35,26764.00,34274.87,32338.75,27422.00,30117.00,52330.00
房地产开发投资:浙江:绍兴市,百万人民币,27296.64087,675998626.9,25999.97359,0.703110162,-1.038508716,0.952497185,1356.9,79806,17858.88,23,,,,,,,,,,,,,1575.73,1356.90,1823.13,2411.55,3615.36,4860.96,4909.34,7446.82,11600.10,10333.09,12856.67,17858.88,20205.73,21046.29,29780.18,40323.84,46770.89,53699.07,61351.18,62264.72,64119.00,67807.31,79806.00
房地产开发投资:浙江:金华市,百万人民币,17625.2,243967884,15619.47131,0.800910685,-0.495439261,0.886201082,1096.7,53531,12142.51,23,,,,,,,,,,,,,1457.88,1100.52,1096.70,1172.51,1956.26,4163.79,5533.09,7755.53,11545.57,12009.59,10978.67,12142.51,14095.95,13263.77,16364.60,20358.52,28519.21,38497.00,36766.82,35021.63,40885.00,37163.48,53531.00
房地产开发投资:浙江:衢州市,百万人民币,6023.514783,34462704.96,5870.494439,1.859032527,4.384928679,0.97459617,343.83,25343,4250.62,23,,,,,,,,,,,,,398.56,343.83,468.69,718.38,861.84,1655.20,2635.04,3552.83,4250.62,3792.40,3963.47,4591.08,4561.89,3758.93,6371.22,7066.11,7578.80,8882.11,9516.65,9951.14,12425.00,15854.05,25343.00
房地产开发投资:浙江:舟山市,百万人民币,7702.784348,60346574.73,7768.305782,0.801836216,-1.07492568,1.008506201,712.33,22579.82,3895.46,23,,,,,,,,,,,,,712.33,774.09,797.01,815.96,1027.17,1521.39,1869.08,1818.72,2365.81,2767.20,3310.69,3915.07,3895.46,4898.96,5897.69,11678.72,15894.28,14379.00,22579.82,19359.38,17189.00,20943.21,18754.00
房地产开发投资:浙江:台州市,百万人民币,20399.04609,395415815.6,19885.06514,0.817642612,-0.641352815,0.974803677,1043.33,65955,11612.55,23,,,,,,,,,,,,,1211.27,1043.33,1177.80,1323.02,2409.74,3202.13,4676.86,5649.54,8731.58,11612.55,10147.20,9572.90,12624.94,15227.41,19607.74,31916.43,35737.61,45354.00,49604.73,43868.61,42421.00,46102.67,65955.00
房地产开发投资:浙江:丽水市,百万人民币,7866.971579,42281544.78,6502.426069,0.819850278,-0.892951016,0.826547548,639.65,20233,4772.96,19,,,,,,,,,,,,,,,,,639.65,1176.36,1803.67,2582.82,3423.93,3485.11,4581.84,5394.65,3999.30,4130.46,4772.96,5464.39,8499.37,11888.06,15762.62,15826.93,16761.00,19046.34,20233.00
房地产开发投资:安徽:合肥市,百万人民币,56663.73783,3021548170,54968.61077,0.51016787,-1.252724707,0.970084447,1159.81,155740.51,38753.25,23,,,,,,,,,,,,,1159.81,1490.51,1556.89,2300.55,2288.73,2614.31,4011.70,9001.36,13831.79,19130.87,28180.51,38753.25,56716.24,67035.59,81903.20,88960.17,91380.31,110581.09,112735.61,125913.53,135259.44,155740.51,152720.00
房地产开发投资:安徽:芜湖市,百万人民币,18947.23739,369177606.6,19213.99507,0.485606871,-1.577292088,1.014078975,614.94,49320,8889.64,23,,,,,,,,,,,,,618.71,614.94,688.69,791.16,962.74,1358.56,1723.81,2592.85,2897.49,4372.02,5934.20,8889.64,15022.97,20687.17,29116.49,29183.45,36667.48,44611.83,47901.28,45284.13,40809.65,45737.20,49320.00
房地产开发投资:安徽:蚌埠市,百万人民币,14124.63174,374665960.3,19356.28994,1.232930684,-0.017380656,1.370392538,255.61,57664.22,3360.21,23,,,,,,,,,,,,,255.61,264.07,481.99,570.97,476.82,606.01,807.42,1350.81,1689.60,2128.19,2465.18,3360.21,4054.53,3739.55,7384.00,10578.90,18354.03,32532.21,40696.41,42859.89,38857.55,53688.36,57664.22
房地产开发投资:安徽:淮南市,百万人民币,5975.000435,43028565.13,6559.616233,1.056345258,0.31548476,1.097843641,117.73,22223.77,3094.78,23,,,,,,,,,,,,,126.64,117.73,199.18,359.06,317.42,377.08,513.46,672.86,1339.24,1502.59,2349.81,3094.78,3698.24,5470.50,7834.81,10404.70,11607.42,12820.77,11050.01,9810.00,12188.10,19346.84,22223.77
房地产开发投资:安徽:马鞍山市,百万人民币,9282.746087,99180803.73,9958.955956,0.694925143,-1.341756403,1.072845887,342.78,25901.51,3466.28,23,,,,,,,,,,,,,342.78,384.33,416.10,475.10,552.85,762.21,997.40,1362.44,1972.51,2640.84,3079.39,3466.28,6517.73,6275.92,8505.07,13516.94,21149.35,25574.76,24558.35,20128.24,21893.06,25901.51,23030.00
房地产开发投资:安徽:淮北市,百万人民币,4819.085652,31080899.52,5575.02462,0.839842559,-0.999953783,1.156863568,65.25,15240.34,1753.41,23,,,,,,,,,,,,,65.25,152.27,162.64,111.55,264.59,286.39,350.86,606.55,698.59,883.67,1252.06,1753.41,2236.06,3151.40,4253.01,6661.57,10928.16,13400.86,15240.34,14783.23,9209.17,11217.34,13170.00
房地产开发投资:安徽:铜陵市,百万人民币,5343.004348,29359662.55,5418.455735,0.606220473,-1.358832731,1.014121528,203.87,15760,2077.72,23,,,,,,,,,,,,,203.87,253.19,363.51,538.59,548.22,562.75,715.01,931.26,1324.43,1343.21,1778.59,2077.72,3224.65,4647.08,7329.98,9875.27,11680.72,12546.34,13276.34,9730.00,11738.69,12439.68,15760.00
房地产开发投资:安徽:安庆市,百万人民币,6520.696957,40582434.71,6370.434421,0.572385618,-1.238774093,0.976956062,261.58,18820,4312.56,23,,,,,,,,,,,,,261.58,298.52,281.17,345.53,435.88,685.12,915.33,1052.31,1571.49,1798.45,2556.97,4312.56,6363.34,6533.25,9222.07,9864.66,10016.97,14979.96,14694.27,14660.00,14054.67,16251.93,18820.00
房地产开发投资:安徽:黄山市,百万人民币,6286.882174,34423721.04,5867.173172,0.301511023,-1.78991262,0.933240517,165.42,15120,3146.62,23,,,,,,,,,,,,,165.42,233.56,238.46,319.31,508.95,607.62,803.07,1084.56,1795.85,2068.27,2231.44,3146.62,6230.96,8843.93,12575.56,12706.27,14400.27,14246.77,13672.74,10122.54,11121.45,12354.67,15120.00
房地产开发投资:安徽:滁州市,百万人民币,12421.85348,235031613.4,15330.7408,0.952297006,-0.609689828,1.234174982,152.61,44163.54,2934.03,23,,,,,,,,,,,,,152.61,188.29,240.87,299.28,368.07,468.42,545.02,668.46,998.57,1659.40,1923.82,2934.03,4638.08,6636.95,13176.88,17193.31,22981.38,26169.11,30546.57,33442.86,33615.08,42692.03,44163.54
房地产开发投资:安徽:阜阳市,百万人民币,10851.50304,284137347.7,16856.3741,1.931074169,2.957609958,1.553367679,152.61,58970,3139.19,23,,,,,,,,,,,,,152.61,314.20,228.31,363.12,280.73,355.68,318.36,793.21,1326.14,1790.49,2552.36,3139.19,4225.59,4311.91,5004.74,7879.83,8798.51,14047.60,21566.56,26477.69,35053.81,51633.93,58970.00
房地产开发投资:安徽:宿州市,百万人民币,8053.398095,98421094.37,9920.740616,1.081575821,-0.315751771,1.231870137,157.15,29720,3120.08,21,,,,,,,,,,,,,,,157.15,192.38,227.57,279.60,370.77,447.76,757.14,875.96,1292.99,2148.08,3120.08,3631.87,4714.33,7061.14,10346.51,14250.22,18233.18,21980.68,23578.12,25735.83,29720.00
房地产开发投资:安徽:巢湖市,百万人民币,2517.580833,7342555.938,2709.715103,1.35410828,1.046730267,1.076317021,292.93,8700.02,1231.15,12,,,,,,,,,,,,,,,,292.93,343.85,505.83,575.49,750.64,1131.32,1330.98,2385.58,3255.15,4917.07,6022.11,8700.02,,,,,,,,
房地产开发投资:安徽:六安市,百万人民币,9228.7985,106220582.9,10306.33703,1.130316709,0.18284217,1.116758268,146.33,32980,4129.31,20,,,,,,,,,,,,,,,,146.33,346.67,533.00,629.89,932.70,1549.49,1485.10,2309.55,3404.58,3909.03,4349.59,6240.81,9638.17,12148.08,14475.47,18227.47,18229.13,23662.69,29378.22,32980.00
房地产开发投资:安徽:亳州市,百万人民币,9355.872632,139143854.8,11795.92535,1.172669276,0.193087886,1.260804397,276.26,36490,2164.38,19,,,,,,,,,,,,,,,,,276.26,334.45,368.13,460.34,481.80,625.00,743.40,766.19,1337.42,2164.38,4351.60,8124.46,9601.08,14907.38,20905.96,20518.33,23144.15,32161.25,36490.00
房地产开发投资:安徽:池州市,百万人民币,4727.873158,15796459.09,3974.475951,0.097330714,-1.815774661,0.840647754,206.98,10567.46,4696.71,19,,,,,,,,,,,,,,,,,206.98,241.45,347.00,462.93,684.41,777.15,953.63,1306.90,3096.54,4696.71,6648.77,7788.13,9225.16,10567.46,10411.75,8282.24,8255.01,8407.37,7470.00
房地产开发投资:安徽:宣城市,百万人民币,9240.47,63090932.63,7942.980085,0.228965608,-1.795122069,0.859586156,386.28,20177.19,8219.11,19,,,,,,,,,,,,,,,,,386.28,580.66,666.15,925.67,1302.43,1640.19,1881.49,3595.13,6160.69,8784.72,8219.11,11716.77,15875.22,18910.81,20177.19,18484.72,17915.61,18560.58,19785.51
房地产开发投资:福建:福州市,百万人民币,60648.27478,3572206616,59767.9397,0.740445977,-1.114429819,0.985484582,4764.6,169417.98,31360.79,23,,,,,,,,,,,,,5194.97,4764.60,5054.14,5936.45,7584.88,8952.14,9906.70,16703.94,22374.93,22202.70,29678.21,37646.63,31360.79,36179.91,67069.40,95644.51,97226.67,126479.00,145507.29,138112.48,167944.00,169417.98,143968.00
房地产开发投资:福建:厦门市,百万人民币,33865.87652,864163383.8,29396.656,0.697006923,-0.942433801,0.868031748,5663.15,88458,26741.71,23,,,,,,,,,,,,,6426.45,6779.18,7625.28,6935.77,6212.11,5663.15,6233.26,7927.37,9146.10,11407.42,21393.08,34573.62,32701.60,26741.71,39612.54,43630.97,51887.91,53180.00,70406.36,77407.00,76580.00,87986.28,88458.00
房地产开发投资:福建:莆田市,百万人民币,12404.39565,230099086.3,15169.01732,0.937440596,-0.843766989,1.222874354,176.26,41594.49,4961.38,23,,,,,,,,,,,,,187.72,176.26,219.86,285.88,366.90,588.53,562.83,855.44,1346.70,2146.69,2605.18,4961.38,6082.82,6333.11,8791.35,15283.47,19859.12,28332.00,34686.56,41594.49,35331.00,38881.81,35822.00
房地产开发投资:福建:三明市,百万人民币,6210.786522,34859406.06,5904.185469,0.492528287,-1.223239555,0.950634102,131.98,17676.49,4734.38,23,,,,,,,,,,,,,220.89,131.98,260.64,385.42,559.50,736.24,740.17,898.16,1514.41,1459.05,2638.48,4734.38,6631.99,7480.58,9481.89,10572.75,13998.28,16202.00,17676.49,13021.50,10436.66,10920.63,12146.00
房地产开发投资:福建:泉州市,百万人民币,25668.27435,843149572.2,29037.03794,0.931054977,-0.874789868,1.131242309,1414.4,79141,11484.18,23,,,,,,,,,,,,,1414.40,1594.93,1755.20,1915.03,2195.86,2558.71,2875.84,3913.18,5815.32,6856.02,8748.61,11484.18,13266.69,14671.87,20311.21,27323.51,39550.03,58545.00,77595.11,68158.90,70614.00,70065.71,79141.00
房地产开发投资:福建:漳州市,百万人民币,18171.96739,453044024.9,21284.83086,1.1389581,0.124437915,1.1713003,645.79,71272,8353.18,23,,,,,,,,,,,,,809.60,645.79,702.86,1135.75,1793.35,1710.66,1736.71,2098.77,3272.80,4165.73,5539.32,8353.18,11203.75,9930.51,15962.12,22348.41,25448.53,35610.00,47224.41,50251.11,46285.00,50454.89,71272.00
房地产开发投资:福建:南平市,百万人民币,6176.026522,39543688.49,6288.377254,0.880614482,-0.80476066,1.018191427,426.97,19061.25,3913.59,23,,,,,,,,,,,,,476.81,426.97,533.24,748.92,1028.67,1144.71,1114.27,1344.60,1540.22,1946.74,2753.67,4188.22,3913.59,4077.42,6713.12,6830.70,8584.38,13331.24,15002.48,15281.50,15779.00,16226.89,19061.25
房地产开发投资:福建:龙岩市,百万人民币,7400.630435,68144274.23,8254.954526,0.896883162,-0.692693793,1.115439367,156.44,25231,3905.55,23,,,,,,,,,,,,,168.20,164.17,156.44,253.89,482.65,540.95,634.60,1105.09,1431.21,1910.50,2794.60,3905.55,3985.41,4965.10,8082.27,8783.15,12053.18,16512.64,21208.86,19330.05,18010.18,18504.81,25231.00
房地产开发投资:福建:宁德市,百万人民币,9243.786316,84415649.05,9187.798923,0.72977075,-1.038423763,0.99394324,512.99,27432.72,3401.84,19,,,,,,,,,,,,,,,,,512.99,654.09,1094.31,1360.02,1619.55,1697.76,2144.94,3401.84,3237.22,3254.74,5861.80,9843.09,13804.39,22104.50,27432.72,23803.43,17904.11,16964.44,18936.00
房地产开发投资:江西:南昌市,百万人民币,20854.95,506926038.3,22515.01806,1.28848317,1.01732296,1.079600673,928.69,79069.14,11817.66,22,,,,,,,,,,,,,1061.67,928.69,1073.29,1050.61,1319.68,2050.73,3466.84,6001.18,8517.61,11021.69,11075.12,12560.20,16330.40,19824.68,23014.63,27989.33,34436.07,40613.58,41406.82,48537.14,67459.80,79069.14,
房地产开发投资:江西:景德镇市,百万人民币,2257.071304,3489874.725,1868.12064,0.603077418,-0.421093547,0.827674623,73.65,6571,1808.25,23,,,,,,,,,,,,,85.29,73.65,97.34,156.30,221.60,283.65,669.78,1710.12,1808.25,1357.98,1451.16,1616.17,2308.20,2497.60,2571.66,3645.02,5203.70,4266.46,3696.84,2743.70,4287.69,4589.48,6571.00
房地产开发投资:江西:萍乡市,百万人民币,1744.929091,2468126.184,1571.027111,1.027944512,0.262212207,0.900338655,67.85,5238.63,1661.64,22,,,,,,,,,,,,,67.85,84.95,160.10,217.80,238.27,343.70,426.09,680.74,1523.56,1446.01,1714.20,1769.56,1892.64,1992.01,1646.55,1676.73,1715.99,2437.83,3717.30,4546.46,4851.47,5238.63,
房地产开发投资:江西:九江市,百万人民币,5068.07087,25534650.27,5053.182192,0.966492984,-0.497347922,0.997062259,376.01,15146.48,3532.62,23,,,,,,,,,,,,,599.86,460.62,376.01,411.29,506.09,674.44,1083.30,1229.90,1755.66,2392.09,2643.83,3882.06,3532.62,4900.23,4606.42,6080.19,5811.86,7529.29,12918.34,13291.04,12385.01,15146.48,14349.00
房地产开发投资:江西:新余市,百万人民币,1570.403043,1489789.316,1220.569259,0.072257579,-1.077658855,0.777233121,40.88,4152.11,2007.35,23,,,,,,,,,,,,,40.88,44.63,54.35,55.35,63.91,148.76,333.44,623.43,704.92,1247.82,1585.55,2206.03,2327.23,2413.59,2443.49,2711.39,2472.87,4152.11,2862.31,2633.28,2007.35,2396.58,2590.00
房地产开发投资:江西:鹰潭市,百万人民币,1963.941304,5314760.989,2305.37654,1.136777401,-0.281955944,1.173852057,68.05,6644.36,813.67,23,,,,,,,,,,,,,68.05,113.88,154.92,207.53,185.36,221.09,301.51,436.23,535.66,587.20,549.99,813.67,870.36,1099.82,1304.20,2151.32,2514.56,3662.76,4494.43,5776.10,6247.65,6644.36,6230.00
房地产开发投资:江西:赣州市,百万人民币,11636.7285,129867263.2,11395.93187,0.705135151,-1.086130491,0.979307188,400.82,31843,6941.3,20,,,,,,,,,,,,,,,,400.82,520.03,961.92,1160.81,1349.59,2014.07,2500.95,3403.01,5087.22,6220.18,7662.42,10048.13,13064.01,16327.07,19662.23,23033.68,27435.45,29123.73,30916.25,31843.00
房地产开发投资:江西:吉安市,百万人民币,3799.922222,9931752.413,3151.468295,0.906182664,-0.166355035,0.829350737,225.98,10535.71,3144.62,18,,,,,,,,,,,,,,,,,225.98,235.27,501.31,1217.13,1423.99,1876.61,2189.46,2187.87,2994.30,3415.86,3294.94,3484.65,4390.20,6223.19,6610.03,8200.18,9391.92,10535.71,
房地产开发投资:江西:宜春市,百万人民币,7028.065263,46004405.49,6782.654752,0.923981264,-0.482202056,0.965081356,441.87,20501.63,4290.49,19,,,,,,,,,,,,,,,,,441.87,603.44,727.13,1071.33,1439.80,1567.30,2026.87,2930.76,3984.67,4290.49,4980.06,7359.18,8096.56,10099.31,11072.59,14907.82,18193.53,20501.63,19238.90
房地产开发投资:江西:抚州市,百万人民币,5644.071111,15397283.6,3923.937257,0.125173467,-1.338153668,0.695231718,237.9,11910.47,5989.575,18,,,,,,,,,,,,,,,,,237.90,411.99,802.58,1674.66,2033.67,2484.34,3218.17,4176.08,5680.06,6299.09,7463.39,8410.84,6608.55,8135.92,9888.31,11000.13,11157.13,11910.47,
房地产开发投资:江西:上饶市,百万人民币,7363.556,28660662.8,5353.565429,0.131892581,-0.977290853,0.727035338,49.73,18040,8695.02,20,,,,,,,,,,,,,49.73,,,,276.36,416.96,901.07,1740.29,2527.32,3594.74,4738.28,6264.88,8333.45,9056.59,9216.30,10130.19,9384.33,10675.00,12548.44,12938.55,11989.14,14449.50,18040.00
房地产开发投资:山东:济南市,百万人民币,41986.63826,1970658993,44392.10507,0.950010319,-0.475683901,1.057291246,1559.04,136935,19320.69,23,,,,,,,,,,,,,1559.04,1856.05,2400.51,3533.07,5052.99,6186.77,7645.99,8979.67,11024.81,12108.72,16005.07,19320.69,27411.66,33255.76,48450.29,52715.75,66331.52,72117.00,91737.06,101414.33,116393.81,123257.12,136935.00
房地产开发投资:山东:青岛市,百万人民币,53010.97217,2497645638,49976.45083,0.687693045,-1.088557536,0.942756731,4265.7,148521,32235.47,23,,,,,,,,,,,,,4557.65,4265.70,4380.59,6297.17,6751.42,9251.53,10364.76,12779.69,16269.65,22383.70,26836.31,32235.47,38056.52,45948.29,60243.87,78271.93,93010.99,104850.00,111772.97,112234.58,136914.25,133054.32,148521.00
房地产开发投资:山东:淄博市,百万人民币,11406.79522,84823115.42,9209.946548,0.20099119,-1.483775174,0.807408775,435.9,26949,10567.71,23,,,,,,,,,,,,,435.90,557.62,653.69,630.69,892.26,1325.30,2545.78,3636.55,5716.63,7734.68,9707.63,10567.71,12162.08,14060.86,16698.83,19719.00,15566.38,20040.00,23619.84,22768.77,22182.11,24184.98,26949.00
房地产开发投资:山东:枣庄市,百万人民币,8059.934348,72571079.25,8518.866078,0.728816321,-1.156213036,1.056939884,287.06,24382,3473.91,23,,,,,,,,,,,,,287.06,351.67,462.60,706.98,682.72,728.11,926.67,1487.58,2034.25,2314.36,2465.10,3473.91,3939.49,6813.66,7799.66,13684.61,17855.76,22040.00,21570.16,18663.78,15891.65,16816.71,24382.00
房地产开发投资:山东:东营市,百万人民币,8280.168696,59212498.02,7694.965758,0.476887022,-1.39182253,0.929324757,110.49,20880.87,6347.86,23,,,,,,,,,,,,,110.49,197.76,154.59,223.52,402.12,613.82,1223.67,2027.12,3506.96,4699.50,4192.87,6347.86,6798.97,8463.57,10029.78,12290.84,14774.97,17576.00,19845.05,19394.39,20880.87,19971.16,16718.00
房地产开发投资:山东:烟台市,百万人民币,27421.31957,606189273.9,24620.91131,0.302098749,-1.760596774,0.897874782,971.79,61179.5,20512.34,23,,,,,,,,,,,,,1054.28,971.79,1072.97,1327.09,1744.70,2656.30,4186.10,7177.56,9515.74,11104.67,14363.95,20512.34,27201.13,27119.68,38312.04,56896.78,57352.24,57840.00,61179.50,60705.67,55102.05,54620.77,58673.00
房地产开发投资:山东:潍坊市,百万人民币,23163.82348,499578651.6,22351.25615,0.463729138,-1.377676819,0.964920846,429.6,65021,15662.74,23,,,,,,,,,,,,,429.60,536.39,784.14,684.72,1219.21,1596.47,2041.70,3710.04,6071.43,7899.69,9842.48,15662.74,19643.66,26650.47,36762.65,40587.00,46881.00,60210.00,45001.21,46791.30,44329.31,50411.73,65021.00
房地产开发投资:山东:济宁市,百万人民币,13254.16696,213459984.7,14610.26984,0.858563486,-0.899363537,1.10231521,485.57,40323.08,5731.21,23,,,,,,,,,,,,,525.01,485.57,602.50,755.30,819.07,998.24,1533.37,2490.58,2779.29,3968.67,4579.06,5731.21,6906.62,8236.68,13459.97,18223.73,21907.22,27540.00,35612.44,30847.54,36393.69,40323.08,40127.00
房地产开发投资:山东:泰安市,百万人民币,6340.889565,40455872.59,6360.493109,0.728946344,-1.033948345,1.003091608,205.78,18108.97,3423.97,23,,,,,,,,,,,,,205.78,255.17,541.19,478.16,539.79,552.92,624.22,1507.60,2149.64,3051.62,2255.09,3423.97,4388.07,5216.44,7509.75,8614.69,10893.84,12620.00,14308.83,14515.49,18108.97,16309.23,17770.00
房地产开发投资:山东:威海市,百万人民币,16000.4713,213527435,14612.57797,0.403432753,-1.542207993,0.913259222,488.92,41181,9571.6,23,,,,,,,,,,,,,488.92,521.48,796.76,1069.67,1752.55,1938.31,2463.36,4369.45,4567.62,5834.47,8038.51,9571.60,15021.81,20950.83,26979.60,35226.28,36619.03,41181.00,35722.74,31319.31,21507.01,27543.53,34527.00
房地产开发投资:山东:日照市,百万人民币,5488.975217,33108578.47,5754.005428,1.195344393,0.658063088,1.048284097,66.75,18656,3750.9,23,,,,,,,,,,,,,85.58,66.75,154.68,201.12,247.99,440.97,536.44,1417.24,2128.49,2803.22,3561.76,3750.90,5408.59,6113.55,6332.56,6291.00,6599.04,7204.00,9192.91,10885.36,15850.05,18318.23,18656.00
房地产开发投资:山东:莱芜市,百万人民币,1839.660435,3794184.016,1947.866529,1.090124768,0.413698466,1.058818515,26.38,6821,1327.04,23,,,,,,,,,,,,,26.38,47.32,122.25,196.48,183.16,180.15,208.86,281.92,444.21,713.28,682.06,1355.14,1327.04,1638.52,1834.44,2883.39,3524.46,3671.00,2924.89,3185.05,4717.12,5344.07,6821.00
房地产开发投资:山东:临沂市,百万人民币,15133.89565,277408289.8,16655.57834,0.914343442,-0.44637333,1.100547983,176.36,53560,6708.99,23,,,,,,,,,,,,,176.36,282.41,354.40,434.48,816.21,1191.64,1542.73,2324.69,2605.50,3636.98,5020.40,6708.99,11900.16,14638.14,15822.94,19070.00,23352.34,30050.00,37091.92,39292.86,37450.21,40756.24,53560.00
房地产开发投资:山东:德州市,百万人民币,9073.033043,87699983.68,9364.826943,0.856593028,-0.628915607,1.032160568,82.03,29928,4809.01,23,,,,,,,,,,,,,82.03,186.34,405.58,466.43,512.50,915.56,1139.72,2336.92,3380.54,3952.70,4030.95,4809.01,6383.81,7330.88,9018.73,11763.58,14131.17,19580.00,20978.71,21457.48,22037.55,23851.57,29928.00
房地产开发投资:山东:聊城市,百万人民币,8618.954762,99221142.04,9960.980978,1.191012429,0.170778992,1.155706377,136.5,31426,2566.98,21,,,,,,,,,,,,,,,136.50,164.96,387.23,729.95,1570.01,2264.55,2513.16,1998.30,2482.36,2566.98,2213.24,3244.13,5645.00,9089.22,10874.51,14610.00,16997.04,19042.01,24851.27,28191.63,31426.00
房地产开发投资:山东:滨州市,百万人民币,6698.613684,31030457.56,5570.498861,0.120396175,-1.583721544,0.831589807,101.64,16587.25,6983.16,19,,,,,,,,,,,,,,,,,101.64,197.01,442.37,571.01,718.06,1502.06,1547.08,2340.97,5067.14,6983.16,9654.96,10628.11,13525.79,12709.00,11207.44,10849.75,11467.12,11173.74,16587.25
房地产开发投资:山东:菏泽市,百万人民币,11658.07263,126187630.2,11233.32677,0.490823144,-1.496002406,0.963566373,223.14,29596.44,6208.62,19,,,,,,,,,,,,,,,,,223.14,232.82,366.13,828.24,1350.36,2074.03,2907.60,3693.87,4460.35,6208.62,10622.70,14853.12,17630.75,20618.00,23032.67,25848.39,28261.15,29596.44,28695.00
房地产开发投资:河南:郑州市,百万人民币,84708.52478,11615409355,107774.8085,1.359369117,0.714630687,1.2723018,2796.34,335884.13,29875.82,23,,,,,,,,,,,,,3047.37,2796.34,3017.33,3369.59,3418.68,4759.27,5962.93,7426.44,12177.97,16810.13,22989.33,29875.82,43495.66,51231.50,77516.07,92364.23,109513.68,144532.79,174351.27,200019.54,277895.00,335884.13,325841.00
房地产开发投资:河南:开封市,百万人民币,6661.323913,74229616.24,8615.661103,1.25474936,0.382235268,1.293385702,145.46,27395.59,1502.56,23,,,,,,,,,,,,,145.46,174.02,238.37,273.18,309.06,386.53,471.72,727.39,681.66,739.62,1075.19,1502.56,2160.27,3694.37,5769.39,8815.63,9488.12,13480.00,13597.78,16820.54,21180.00,27395.59,24084.00
房地产开发投资:河南:洛阳市,百万人民币,14316.62652,190514618.6,13802.70331,0.49847575,-1.441493095,0.964103051,454.56,37527.8,11009.55,23,,,,,,,,,,,,,454.56,559.79,657.33,752.40,1053.13,1339.39,1704.04,2081.55,3068.78,4607.77,7881.92,11009.55,11020.02,13794.07,17989.63,23918.59,27451.35,30197.00,30260.67,33389.07,37251.00,37527.80,31313.00
房地产开发投资:河南:平顶山市,百万人民币,5398.213043,38444343.06,6200.350237,0.838728423,-0.944301308,1.148593097,213.04,17014,1975.49,23,,,,,,,,,,,,,213.04,220.89,264.14,336.75,359.03,363.48,449.73,344.76,485.71,654.20,1494.44,2476.19,1975.49,4131.03,5428.40,7530.32,10935.31,12016.00,15581.93,10621.06,14841.00,17014.00,16422.00
房地产开发投资:河南:安阳市,百万人民币,8080.153043,81902380.88,9049.993419,0.951673084,-0.302887939,1.120027476,136.64,27980,3545.18,23,,,,,,,,,,,,,308.05,223.78,136.64,224.84,397.49,476.91,664.80,1107.69,1160.01,1399.19,2422.02,3545.18,5428.89,7459.31,9871.58,12152.37,13158.15,15376.00,17566.00,22366.42,27980.00,26125.20,16293.00
房地产开发投资:河南:鹤壁市,百万人民币,2531.776957,9804266.452,3131.176528,0.982030634,-0.556513038,1.236750544,8.78,9000,967.63,23,,,,,,,,,,,,,30.53,8.78,11.84,77.94,37.63,51.59,106.65,113.30,116.77,131.47,621.83,967.63,1132.03,1524.35,2446.99,3665.00,3759.11,5056.00,6413.46,6897.84,7620.00,8440.13,9000.00
房地产开发投资:河南:新乡市,百万人民币,11420.35478,170313134.6,13050.40745,0.944364355,-0.504166882,1.142732227,171.67,38074.44,5133.12,23,,,,,,,,,,,,,288.49,208.58,171.67,178.27,320.12,460.49,798.69,1225.09,1935.20,2443.18,3348.04,5133.12,7096.08,10216.02,11763.88,15569.39,17284.63,22729.00,26749.00,25753.78,36586.00,38074.44,34335.00
房地产开发投资:河南:焦作市,百万人民币,4779.870435,21101426.83,4593.628939,0.404557604,-1.509500505,0.961036288,86.61,11766.96,3642.79,23,,,,,,,,,,,,,152.89,86.61,139.96,92.49,117.41,146.03,245.91,674.29,1320.75,1481.49,2213.99,3642.79,4952.24,6250.12,7228.90,7161.84,7109.49,11699.81,11724.71,9892.34,11260.00,11766.96,10576.00
房地产开发投资:河南:濮阳市,百万人民币,4346.248696,29102211.97,5394.646603,1.492518134,1.656965176,1.241219033,118.63,19395,1720.7,23,,,,,,,,,,,,,118.63,124.05,137.13,190.75,217.02,312.10,377.67,511.62,561.52,1046.63,1383.69,1720.70,2566.85,3597.36,4160.13,5023.17,5789.96,7268.00,8477.31,9511.81,12413.00,15059.62,19395.00
房地产开发投资:河南:许昌市,百万人民币,6658.875652,65563323.2,8097.118203,1.416688786,1.816045866,1.215988798,80.67,30322,2997.51,23,,,,,,,,,,,,,94.11,80.67,99.73,232.48,250.90,310.77,314.52,451.18,754.55,937.10,2078.32,2997.51,4972.96,5842.76,7105.68,9439.44,8931.48,12066.00,13777.66,15166.66,17461.00,19466.66,30322.00
房地产开发投资:河南:漯河市,百万人民币,2653.658696,9336228.765,3055.524303,1.762696818,3.291944533,1.151438317,71.43,12113,1652.44,23,,,,,,,,,,,,,71.43,154.82,181.19,200.96,236.50,371.07,399.37,526.05,688.01,1321.27,1760.57,1507.61,1736.61,1652.44,2893.39,3324.85,3735.38,4639.00,3884.79,4810.88,6082.00,8742.96,12113.00
房地产开发投资:河南:三门峡市,百万人民币,3908.883913,22948078.86,4790.415311,0.883641239,-0.826984333,1.225519974,69.24,13434,742.83,23,,,,,,,,,,,,,85.59,69.24,96.80,120.77,85.35,178.44,153.42,121.84,144.92,217.86,509.20,742.83,1722.74,2650.36,4660.39,5385.54,6477.75,8572.00,9787.40,10671.55,11463.00,12553.34,13434.00
房地产开发投资:河南:南阳市,百万人民币,6807.827826,54129614.7,7357.283106,0.908697044,-0.580563236,1.080709338,116.31,22012,3431.91,23,,,,,,,,,,,,,116.31,188.65,294.60,486.13,504.21,389.22,735.62,1107.60,1297.12,3431.91,2245.48,3236.46,4252.26,5612.43,7032.09,9372.01,10085.28,13103.00,15660.45,16082.67,18443.00,20891.54,22012.00
房地产开发投资:河南:商丘市,百万人民币,9823.057727,139586011.4,11814.6524,0.986772793,-0.482907775,1.202746918,52.9,33993,4051.87,22,,,,,,,,,,,,,,90.23,106.56,152.41,72.13,66.55,52.90,334.24,624.66,1348.10,1918.08,2663.00,5440.74,7630.52,8998.30,10318.70,14037.39,18968.00,21137.05,26247.27,30115.00,31792.44,33993.00
房地产开发投资:河南:信阳市,百万人民币,13429.6719,210574648.5,14511.19046,0.907143083,-0.385705768,1.080532016,79.05,43160.12,8673.37,21,,,,,,,,,,,,,,,79.05,195.64,232.65,422.34,635.46,862.25,1203.77,2303.35,3388.80,5585.56,8673.37,11250.93,13607.85,16547.67,18915.30,22629.00,24842.99,29250.01,35848.00,43160.12,42389.00
房地产开发投资:河南:周口市,百万人民币,10365.48053,85579870.11,9250.938877,0.160028029,-1.821209127,0.892475641,108.07,23789,9584.95,19,,,,,,,,,,,,,,,,,108.07,175.21,550.00,639.05,720.47,977.51,1530.15,3406.31,6174.63,9584.95,12508.78,14887.06,17313.75,20720.00,20986.74,19228.89,21922.00,21721.56,23789.00
房地产开发投资:河南:驻马店市,百万人民币,11276.57895,136567606.1,11686.21436,0.665361475,-0.896625807,1.036326213,43.68,34644,7684.73,19,,,,,,,,,,,,,,,,,43.68,49.63,172.03,256.66,348.50,532.91,959.75,2802.12,4977.72,7684.73,10705.01,14464.71,16824.51,18132.00,20214.30,23264.18,27846.00,30332.56,34644.00
房地产开发投资:湖北:武汉市,百万人民币,88824.94636,8910691108,94396.45707,0.942812591,-0.691173441,1.062724617,9671.3,268633.58,41295.07,22,,,,,,,,,,,,,9726.09,10657.29,10679.97,9671.30,10131.05,11533.57,13250.12,16954.68,23330.06,29799.19,36615.16,45974.98,56036.05,77859.46,101740.08,128224.94,157486.05,190560.00,235362.63,258178.57,251744.00,268633.58,
房地产开发投资:湖北:黄石市,百万人民币,4462.233478,29243602.66,5407.735447,1.105140929,-0.341840487,1.211889847,106.76,15629.09,1965.61,23,,,,,,,,,,,,,106.76,167.67,152.59,171.85,243.56,254.67,331.49,433.12,763.94,1132.99,1695.77,1965.61,2152.53,2530.17,3835.73,4251.26,5603.80,8467.70,11576.65,13014.34,13237.08,15629.09,14913.00
房地产开发投资:湖北:十堰市,百万人民币,3530.474091,11627014.41,3409.840819,0.707049583,-0.98042371,0.965830858,146.96,10111.19,2561.505,22,,,,,,,,,,,,,166.90,146.96,172.72,250.16,283.51,367.65,627.17,946.81,1174.84,2095.28,2518.16,2604.85,2898.73,3572.67,4108.06,5200.14,7664.29,10111.19,9080.44,8301.47,8728.00,6650.43,
房地产开发投资:湖北:宜昌市,百万人民币,9101.306522,85361146.9,9239.109638,0.66537748,-1.232210034,1.015141026,522.91,25630,4871.1,23,,,,,,,,,,,,,900.41,663.68,636.24,522.91,680.30,655.89,780.31,1279.50,2016.96,3170.23,3917.64,4871.10,5668.32,7933.11,10577.95,13597.05,17658.96,20317.62,19459.76,24189.24,24418.00,19784.87,25630.00
房地产开发投资:湖北:襄阳市,百万人民币,10617.12364,175999706.5,13266.4881,1.030121142,-0.689910296,1.249536932,216.84,34076,3326.64,22,,,,,,,,,,,,,231.25,216.84,313.24,430.13,566.48,723.99,908.15,1172.45,1751.95,2209.24,2966.64,3686.64,4621.02,5538.51,10652.48,14496.77,18619.45,30193.72,33094.13,33458.36,34076.00,33649.28,
房地产开发投资:湖北:鄂州市,百万人民币,982.175,781992.5922,884.3034503,0.756929531,-0.654922293,0.900352229,97.09,2922.93,797.405,22,,,,,,,,,,,,,150.35,97.09,101.36,137.83,122.41,165.23,181.66,234.07,415.12,606.16,783.50,938.50,1079.09,811.31,1148.66,1881.58,1165.29,2277.91,1991.13,2108.67,2288.00,2922.93,
房地产开发投资:湖北:荆门市,百万人民币,3838.763478,20290315.45,4504.477267,0.847421766,-0.953136751,1.173418808,33.1,12397.92,1138.23,23,,,,,,,,,,,,,33.10,49.96,125.53,123.09,120.37,167.74,349.77,393.53,443.86,530.97,906.87,1138.23,1683.69,2718.77,3883.49,5564.93,6430.64,8779.01,12397.92,11811.24,10039.00,9435.85,11164.00
房地产开发投资:湖北:孝感市,百万人民币,4867.317273,37426481.01,6117.718612,1.201914066,-0.046101836,1.256897438,104.39,17565.87,1520.995,22,,,,,,,,,,,,,104.39,176.81,237.31,382.79,383.10,389.73,474.63,537.01,747.73,938.09,1126.21,1915.78,2856.61,3240.17,4960.01,5640.45,7495.45,11112.79,13635.27,17158.32,16002.46,17565.87,
房地产开发投资:湖北:荆州市,百万人民币,4831.079524,38931321.59,6239.496902,1.84537614,3.247226565,1.291532642,257.99,23811.56,2119.75,21,,,,,,,,,,,,,,257.99,347.78,312.76,371.42,392.99,400.64,697.25,1158.00,1618.76,1814.30,2119.75,2658.85,3287.20,3553.46,5579.70,5488.55,7678.53,13417.39,11332.79,15153.00,23811.56,
房地产开发投资:湖北:黄冈市,百万人民币,6989.17087,90466404.94,9511.382914,1.290214163,0.225304728,1.360874286,55.51,28432.76,2333.19,23,,,,,,,,,,,,,65.29,55.51,74.54,122.41,120.29,178.98,193.32,350.97,622.69,908.25,1217.00,2333.19,2737.69,3733.42,4384.05,6215.16,7856.91,13272.52,17426.98,20010.00,26573.00,28432.76,23866.00
房地产开发投资:湖北:咸宁市,百万人民币,3732.794211,14629284.6,3824.824781,0.670853264,-0.774246243,1.024654606,47.13,11206.22,2535.31,19,,,,,,,,,,,,,,,,47.13,53.29,73.25,89.48,197.71,258.42,379.50,787.64,1460.38,2535.31,3955.01,5957.37,6546.03,8496.13,11206.22,10913.71,5993.78,5699.00,6273.73,
房地产开发投资:湖北:随州市,百万人民币,1489.905263,1575972.23,1255.377326,0.331310011,-1.27351733,0.842588691,30.29,3803.83,1595.89,19,,,,,,,,,,,,,30.29,,,,56.64,68.72,83.00,283.59,419.63,452.56,682.60,910.57,1595.89,1705.45,2165.70,2468.04,1978.97,2922.72,3397.71,2877.29,2405.00,3803.83,
房地产开发投资:湖南:长沙市,百万人民币,55672.57348,2803240225,52945.63461,0.565762114,-1.213567087,0.951018272,1573.74,150240.1,40704.72,23,,,,,,,,,,,,,1956.79,1573.74,1740.78,2257.65,3302.38,5493.76,8155.97,11082.69,17549.50,25561.05,30386.12,40704.72,49327.29,49734.92,68414.81,88692.32,103200.03,115360.73,131049.95,99660.08,126054.75,148969.06,150240.10
房地产开发投资:湖南:株洲市,百万人民币,11312.63348,141153435.2,11880.80112,0.881681379,-0.261875365,1.050224171,273.28,39956.93,5790.66,23,,,,,,,,,,,,,438.25,273.28,384.97,457.25,601.39,766.04,951.53,1846.31,3406.83,3249.84,4435.12,5790.66,8139.27,10408.48,14649.14,18480.23,18965.16,22694.13,23533.10,22586.08,26919.55,31257.03,39956.93
房地产开发投资:湖南:湘潭市,百万人民币,6100.437826,45758307.7,6764.488724,1.171700549,0.578529114,1.10885299,171.13,23992.56,3390.05,23,,,,,,,,,,,,,186.78,171.13,264.70,369.98,482.78,746.46,807.53,1186.57,1554.36,1672.94,2364.37,3518.18,3390.05,4820.81,6459.05,7212.91,9381.22,12224.56,14712.85,14544.35,12960.88,17285.05,23992.56
房地产开发投资:湖南:衡阳市,百万人民币,6058.163913,49284751.27,7020.309913,1.259739514,0.934236003,1.158818086,199.99,25312.69,2350.7,23,,,,,,,,,,,,,308.54,199.99,312.32,319.81,487.00,679.65,737.48,1150.94,1247.57,1323.07,1659.40,2350.70,3315.34,4126.86,6531.46,8073.60,9675.49,11130.18,13829.22,14087.86,15084.31,17394.29,25312.69
房地产开发投资:湖南:邵阳市,百万人民币,5196.084783,38032519.77,6167.05114,1.060650209,-0.300396647,1.186864995,165.9,18860.6,1887.46,23,,,,,,,,,,,,,165.90,199.61,197.44,269.13,226.21,234.42,334.88,660.20,1012.86,1195.50,1516.85,1887.46,2422.59,3629.11,4703.10,6109.56,7549.24,10273.40,13000.72,13563.65,14572.23,16925.29,18860.60
房地产开发投资:湖南:岳阳市,百万人民币,5928.916957,38399629.34,6196.743446,0.824634619,-0.632306645,1.04517292,104.28,20016.27,2927.36,23,,,,,,,,,,,,,104.28,192.40,245.67,345.68,504.48,660.53,750.59,1185.58,1432.02,1965.49,2117.74,2927.36,3491.00,5134.04,7036.95,10039.95,10206.41,10990.16,13177.90,15144.89,13295.00,15400.70,20016.27
房地产开发投资:湖南:常德市,百万人民币,6481.621304,51287139.58,7161.504003,1.531111791,2.372347217,1.104893925,236.1,27906.14,3985.03,23,,,,,,,,,,,,,257.14,236.38,236.10,327.19,553.96,911.62,1235.67,1467.35,2396.51,2672.29,3214.30,3985.03,4147.43,5036.93,6170.28,8576.01,9481.09,12176.07,12405.42,12141.23,13995.57,19547.58,27906.14
房地产开发投资:湖南:张家界市,百万人民币,2052.1,5759729.196,2399.943582,1.095501965,0.066248506,1.169506156,4.04,7703.88,619.14,23,,,,,,,,,,,,,4.04,5.98,51.98,152.54,78.76,90.47,238.00,418.94,495.35,386.61,474.40,619.14,903.59,1776.10,2249.03,2944.35,4451.83,6799.74,5875.02,3144.91,3994.45,4339.19,7703.88
房地产开发投资:湖南:益阳市,百万人民币,4732.986957,21758510.02,4664.601807,0.455889794,-1.500173917,0.985551376,107.47,12968.02,3206.05,23,,,,,,,,,,,,,114.94,107.47,206.91,256.51,248.49,242.27,376.50,790.50,755.36,1084.37,1722.37,3206.05,4662.34,5183.88,6300.48,8059.20,9258.60,10089.72,10112.42,10390.23,10819.17,11902.90,12968.02
房地产开发投资:湖南:郴州市,百万人民币,6865.867826,59458282.49,7710.919692,0.911936459,-0.69372424,1.123080124,114.64,22641.96,2739.13,23,,,,,,,,,,,,,114.64,117.79,192.08,206.26,406.74,454.48,632.08,1668.13,1918.40,2006.12,2218.34,2739.13,3016.65,4251.37,6867.71,9422.11,11654.38,14762.11,16203.06,19435.53,21207.76,22641.96,15778.13
房地产开发投资:湖南:永州市,百万人民币,4462.356087,20290631.12,4504.512307,0.463967399,-1.390737432,1.009447077,92.71,13368,2479.68,23,,,,,,,,,,,,,152.38,111.56,121.67,162.96,164.03,92.71,161.02,254.05,681.80,1299.09,1546.70,2479.68,3385.69,6197.26,7260.15,8619.14,8612.06,8997.59,9298.17,8948.22,9465.56,11254.70,13368.00
房地产开发投资:湖南:怀化市,百万人民币,5025.506818,34343139.17,5860.30197,1.121132518,0.30194515,1.166111634,59.43,20050.25,1835.92,22,,,,,,,,,,,,,,95.97,59.43,137.15,144.43,212.22,307.01,738.28,764.85,1315.93,1250.00,1557.58,2114.26,3328.96,4472.51,5704.13,7934.69,11839.31,10186.86,11720.99,12634.41,13991.93,20050.25
房地产开发投资:湖南:娄底市,百万人民币,4295.155,18193190.72,4265.347667,0.623774173,-1.291058421,0.993060243,153.46,11936.43,2326.21,20,,,,,,,,,,,,,,,,188.34,227.50,153.46,200.54,400.99,534.02,888.14,1620.50,1835.22,1813.12,2817.20,2897.45,5232.88,8113.55,11936.43,10971.11,10794.09,9288.95,7305.03,8684.58
房地产开发投资:广东:广州市,百万人民币,69198.88,6686808718,81772.90944,1.401751101,0.922736799,1.181708569,429.02,270289.35,38702.07,35,429.02,464.72,525.65,700.31,1400.91,1523.59,1174.19,1563.49,3974.20,12523.87,18945.20,20911.36,22916.40,23742.23,26936.89,29590.27,35558.16,38702.07,42638.98,41948.06,47703.15,50808.46,55678.93,70380.31,76353.76,81734.49,98365.82,130536.05,137045.11,157242.89,181615.29,213758.90,254085.49,270289.35,270193.23
房地产开发投资:广东:韶关市,百万人民币,5946.995652,40608208.12,6372.456992,0.939339173,-0.309559601,1.071542232,221.36,19895.84,3957.27,23,,,,,,,,,,,,,320.45,249.33,221.36,392.35,546.93,760.81,554.51,1008.53,1081.47,1133.38,1682.45,3957.27,5526.55,4644.58,6396.43,8126.80,9129.64,12363.96,11942.02,13189.39,14683.56,18973.29,19895.84
房地产开发投资:广东:深圳市,百万人民币,57400.06207,4139102733,64335.85885,1.980772466,3.645444342,1.120832566,1120,264071.42,42368.65,29,,,,,,,1120.00,2556.00,7149.00,10277.00,13046.00,10303.68,12482.51,13665.45,16748.54,21525.41,26096.94,31564.00,38844.00,41266.34,43424.00,42368.65,46209.40,46104.22,44048.97,43745.90,45846.93,51473.62,73684.21,87690.02,106948.55,133103.30,175652.09,213585.65,264071.42
房地产开发投资:广东:珠海市,百万人民币,20875.99304,550761564.5,23468.30979,1.344224619,0.711433239,1.124176931,1607.09,78709.2,13265.56,23,,,,,,,,,,,,,1607.09,1973.89,2716.67,3313.15,3269.67,3412.86,3720.99,3881.41,4046.33,5128.91,6558.96,13265.56,14764.76,16844.27,17951.01,25560.96,24207.76,27257.82,38829.99,52411.85,64103.15,66611.58,78709.20
房地产开发投资:广东:汕头市,百万人民币,9814.893043,158875036.7,12604.56412,1.702138816,1.897149023,1.284228373,1504.94,44774.9,3290.38,23,,,,,,,,,,,,,2362.69,2011.63,2480.39,2589.04,2247.55,1726.12,2027.01,1504.94,1721.57,2237.99,2676.73,3476.11,3290.38,3808.90,4930.53,7346.68,8334.58,14702.82,20205.09,24551.21,30638.46,36097.22,44774.90
房地产开发投资:广东:佛山市,百万人民币,47485.12217,2795249025,52870.11467,1.523258256,2.120957334,1.113403783,3432.03,201950.98,34101.66,23,,,,,,,,,,,,,3668.71,3432.03,3964.95,4382.63,6031.51,7234.04,8159.69,8850.28,9639.98,14315.87,18207.00,34101.66,40367.76,35825.08,48552.15,59692.14,63846.38,73732.32,83270.10,94536.88,122996.69,145398.98,201950.98
房地产开发投资:广东:江门市,百万人民币,13792.05261,254281315.9,15946.20067,1.460152951,1.356770039,1.156187634,1663.81,57509.88,5454.45,23,,,,,,,,,,,,,2679.10,2140.23,1663.81,1668.80,2001.73,2353.45,2521.44,2386.71,3290.61,3274.78,2895.90,5454.45,10499.78,9565.03,11171.99,14692.77,14448.90,24178.74,31300.59,31101.22,35361.67,45055.63,57509.88
房地产开发投资:广东:湛江市,百万人民币,9014.27087,151683711.4,12315.99413,2.044561161,4.555668185,1.366277352,272.48,49640.59,3400.17,23,,,,,,,,,,,,,698.45,302.38,272.48,454.31,785.05,829.91,1066.91,1145.67,1286.57,2078.06,2394.46,3400.17,3675.42,4727.28,7504.25,10362.02,11496.31,15478.46,17734.50,17905.10,22321.03,31768.85,49640.59
房地产开发投资:广东:茂名市,百万人民币,4980.693478,52730778.8,7261.596161,2.430876918,6.951551726,1.457948816,301.24,30990.21,1387.18,23,,,,,,,,,,,,,540.71,312.28,301.24,349.56,311.82,385.99,786.57,530.51,794.83,1091.38,793.45,1387.18,1899.67,2504.24,3722.33,5143.41,7395.90,7735.75,9506.48,10266.70,10984.24,16821.50,30990.21
房地产开发投资:广东:肇庆市,百万人民币,8321.841739,81005042.29,9000.280123,1.341372748,1.728863568,1.081525028,509.01,34803.21,4720.98,23,,,,,,,,,,,,,635.19,509.01,606.56,826.26,1409.25,1382.59,1461.73,1648.23,1806.05,2137.11,2546.99,4720.98,5535.67,6065.97,9114.01,14311.17,14545.08,17148.16,18888.68,15976.86,14519.67,20803.93,34803.21
房地产开发投资:广东:惠州市,百万人民币,27567.03,1032132756,32126.823,0.953914294,-0.455858837,1.165407481,444.77,98394.17,13775.64,23,,,,,,,,,,,,,481.39,444.77,553.55,666.55,920.69,1064.72,1587.73,2727.24,2955.32,4389.17,6903.02,13775.64,18683.14,17533.32,26786.11,37653.82,48216.83,59347.06,66729.75,61044.97,74763.24,88419.49,98394.17
房地产开发投资:广东:梅州市,百万人民币,5544.505652,59259128.53,7697.995098,1.610874746,1.392421145,1.388400622,239.84,25874.7,1304.63,23,,,,,,,,,,,,,239.84,341.00,278.84,456.36,860.43,1304.63,1245.60,1295.31,1279.00,978.05,1170.01,1285.62,1788.06,1537.60,2618.35,4137.00,4405.24,7701.76,12829.35,16839.50,17253.29,21804.09,25874.70
房地产开发投资:广东:汕尾市,百万人民币,1879.53913,9086949.915,3014.456819,2.394608542,5.609860481,1.603827646,99.91,11910.62,775.26,23,,,,,,,,,,,,,187.60,140.71,111.00,99.91,112.65,112.36,118.36,211.80,142.43,163.05,222.80,775.26,868.77,1450.46,1771.73,3467.99,1606.63,1666.09,1160.89,2610.16,5676.56,8641.57,11910.62
房地产开发投资:广东:河源市,百万人民币,5215.396522,51027316.99,7143.340745,1.513345794,1.19490276,1.369663978,73.92,22393.37,1958.19,23,,,,,,,,,,,,,248.61,185.35,73.92,90.77,109.02,265.51,414.13,463.96,688.50,957.95,1599.83,1958.19,2007.45,2018.39,2319.47,5880.32,6712.64,8918.01,10083.17,12859.28,17572.40,22393.37,22133.88
房地产开发投资:广东:阳江市,百万人民币,4542.302174,22360781.87,4728.71884,0.893952951,-0.578293925,1.041040129,362.41,14486.36,1758.91,23,,,,,,,,,,,,,457.98,362.41,441.58,434.99,431.94,656.07,951.00,1123.18,1254.10,1365.51,1486.59,1758.91,2124.94,3308.86,5196.62,7766.59,7717.97,8895.59,9465.80,10486.42,10138.12,14486.36,14161.42
房地产开发投资:广东:清远市,百万人民币,10416.02087,121704262.6,11031.96549,0.975267235,0.329957488,1.05913435,162.13,39343.5,6495.07,23,,,,,,,,,,,,,319.12,219.93,162.13,354.16,579.90,817.45,1084.84,1379.85,1712.57,2712.01,3932.06,6495.07,11568.53,8999.49,12521.98,16861.37,18072.42,18783.17,21906.46,21357.98,22752.08,27632.41,39343.50
房地产开发投资:广东:东莞市,百万人民币,26513.90435,628754787.4,25074.9833,0.603663016,-1.021077255,0.945729568,862.58,73678.57,20941.87,23,,,,,,,,,,,,,862.58,866.62,954.51,1044.11,1124.98,1485.44,2683.50,5511.84,9344.65,14442.67,16423.98,20941.87,27141.97,27766.23,29898.53,37330.62,37732.10,49765.93,58806.30,57521.45,64275.91,70215.44,73678.57
房地产开发投资:广东:中山市,百万人民币,22088.75783,469269555.4,21662.63039,0.843614216,-0.472790297,0.980708402,1056.65,69722.28,17646.37,23,,,,,,,,,,,,,1056.65,1222.51,1393.57,1452.10,2117.47,3287.31,3654.71,5193.81,6246.15,8054.48,11005.75,17646.37,19161.44,19236.74,24179.16,31035.92,34640.62,39911.56,42965.57,48101.27,54358.51,62397.48,69722.28
房地产开发投资:广东:潮州市,百万人民币,2278.918696,6142065.965,2478.319181,1.369972486,1.031231528,1.08749785,262.41,8966.1,1195.93,23,,,,,,,,,,,,,444.69,389.32,467.00,645.00,480.45,569.86,597.14,378.77,473.52,262.41,499.57,1195.93,1493.44,1713.04,1822.14,2363.48,2856.65,4190.83,4670.12,5080.32,6174.61,6680.74,8966.10
房地产开发投资:广东:揭阳市,百万人民币,3061.292174,12301465.95,3507.344572,1.480055593,1.760120024,1.145707229,88.11,12674.79,1446.17,23,,,,,,,,,,,,,221.52,88.11,217.91,522.01,609.21,431.65,417.53,584.83,595.38,714.00,904.87,1446.17,2076.78,1931.27,3324.95,4384.14,5643.71,5704.46,6769.57,4867.18,5350.58,10929.10,12674.79
房地产开发投资:广东:云浮市,百万人民币,2768.15087,12128583.03,3482.611525,1.295089985,0.550100145,1.258100331,164.32,11819.84,895.69,23,,,,,,,,,,,,,260.08,231.63,171.53,164.32,257.91,178.72,286.20,310.93,433.19,560.62,605.68,895.69,1222.47,1170.75,1974.97,2864.09,3539.85,6543.80,8217.03,6276.68,7118.17,8563.32,11819.84
房地产开发投资:广西:南宁市,百万人民币,29135.61043,1082270895,32897.88588,1.260540629,0.675266658,1.129129796,1370.21,110636,18746.3,23,,,,,,,,,,,,,1416.65,1370.21,1447.31,1539.33,1693.58,1858.31,2471.16,3948.30,6603.79,10550.35,13907.42,18746.30,20245.77,22672.50,31749.93,39242.34,36273.01,41637.00,55182.14,65718.97,85400.00,95808.67,110636.00
房地产开发投资:广西:柳州市,百万人民币,13426.20565,198774485.1,14098.74055,0.844704458,-0.582893751,1.050091211,453.12,44007,7373.51,23,,,,,,,,,,,,,567.82,510.00,476.35,453.12,483.79,882.26,1599.52,2789.99,3849.21,4105.77,4520.01,7373.51,9201.45,12008.86,16540.73,19916.90,23027.17,24585.40,27752.38,30164.49,34478.61,39508.39,44007.00
房地产开发投资:广西:桂林市,百万人民币,10588.47,107549819.4,10370.6229,0.840491655,-0.515328479,0.979426008,544.43,32580,7904.05,23,,,,,,,,,,,,,544.43,551.49,1138.87,600.91,785.36,1316.39,1735.30,2624.00,3514.21,4171.37,5113.47,7904.05,8326.18,9227.64,11800.69,15809.46,17607.09,19434.48,21522.74,19114.34,28072.00,30040.34,32580.00
房地产开发投资:广西:梧州市,百万人民币,3434.076957,11064418.69,3326.322097,0.506231829,-1.588260698,0.968621886,212.18,9120,1989.62,23,,,,,,,,,,,,,297.96,221.82,212.18,277.10,384.37,747.13,608.18,543.89,703.95,960.96,1274.14,1989.62,2068.82,2507.39,6004.64,7464.86,7188.81,9120.00,8804.66,6897.31,6437.00,6639.98,7629.00
房地产开发投资:广西:北海市,百万人民币,6897.28913,57872112.17,7607.372225,0.565637617,-1.524668593,1.102951041,23.64,20228,2419.37,23,,,,,,,,,,,,,171.06,83.85,82.85,23.64,101.25,234.91,267.05,473.85,886.43,1078.56,1355.74,2419.37,3923.74,5811.72,9734.17,13539.72,17616.97,17000.00,15748.79,13397.74,17630.54,16827.70,20228.00
房地产开发投资:广西:防城港市,百万人民币,4222.992174,22164060.74,4707.87221,0.616978007,-1.139256965,1.11481907,23.28,13390.31,1641.42,23,,,,,,,,,,,,,110.40,90.95,74.87,35.93,23.28,33.22,67.61,120.65,164.83,260.39,542.20,1641.42,2921.86,5133.45,9055.09,13390.31,12977.10,10012.10,8925.65,8019.59,8779.93,7389.99,7358.00
房地产开发投资:广西:钦州市,百万人民币,3750.909091,15277162.99,3908.601155,0.516752751,-1.285222776,1.042041025,28.51,11184,1944.47,22,,,,,,,,,,,,,92.20,28.51,36.66,41.52,42.91,65.05,107.71,162.91,510.44,1578.51,1265.43,2310.43,,3916.49,6538.86,11184.00,6844.33,7291.00,7617.69,6431.00,7857.00,8001.35,10596.00
房地产开发投资:广西:贵港市,百万人民币,3801.558182,17133331.51,4139.242866,1.124534684,0.449910603,1.088827967,52.96,13659.27,2384.085,22,,,,,,,,,,,,,52.96,60.33,59.96,54.90,57.98,178.34,301.93,473.84,,1684.16,2045.47,1968.22,2722.70,3356.32,4531.09,5176.00,4898.65,5431.00,7788.23,6578.93,10244.00,13659.27,12310.00
房地产开发投资:广西:玉林市,百万人民币,5701.788261,45464184.61,6742.713446,1.427105934,2.034443745,1.182561179,58.74,25380,2856.84,23,,,,,,,,,,,,,148.13,164.56,93.04,58.74,72.95,70.89,109.11,303.66,588.21,1566.23,2533.36,2856.84,3599.46,6634.44,8272.09,9234.96,9465.98,8709.00,9632.58,9595.71,13615.87,18435.32,25380.00
房地产开发投资:广西:百色市,百万人民币,4825.217647,10867476.71,3296.585613,-0.038548989,-0.990123481,0.683199361,85.12,10792.19,5436.07,17,,,,,,,,,,,,,,,,,,,85.12,257.44,259.30,1027.70,5128.67,2967.41,1981.78,3794.28,6592.17,6851.92,6593.49,5703.00,5436.07,7299.66,8172.50,10792.19,9086.00
房地产开发投资:广西:贺州市,百万人民币,1557.654118,2213792.602,1487.881918,1.171251095,0.891159649,0.955206872,60.11,5153,1378.67,17,,,,,,,,,,,,,,,,,,,60.11,126.53,176.99,118.10,449.93,621.32,545.74,864.97,1378.67,1548.00,1975.52,2280.00,1781.58,2032.91,3147.00,4219.75,5153.00
房地产开发投资:广西:河池市,百万人民币,2083.271765,3446175.137,1856.387658,0.910195143,-0.043270294,0.89109241,21.14,6006.41,1755.89,17,,,,,,,,,,,,,,,,,,,21.14,95.25,427.31,541.75,489.19,658.70,852.49,1755.89,2631.76,2499.00,1423.84,1921.29,2712.89,3789.84,5596.87,6006.41,3992.00
房地产开发投资:广西:来宾市,百万人民币,3122.402941,7229621.716,2688.795588,0.319379905,-1.520035916,0.861130238,2.93,7477.71,2466.87,17,,,,,,,,,,,,,,,,,,,2.93,92.27,200.49,558.28,857.37,936.86,1039.73,1362.80,2466.87,4802.45,6196.07,5299.00,7477.71,7385.81,3923.00,4995.21,5484.00
房地产开发投资:广西:崇左市,百万人民币,2718.261176,4825971.664,2196.809428,0.283541383,-1.081417038,0.808167165,1.11,6443.38,3036,17,,,,,,,,,,,,,,,,,,,12.49,1.11,63.94,283.44,515.63,1237.38,1736.26,2321.36,3325.35,3881.11,3405.85,3036.00,3466.31,4483.10,6443.38,6023.73,5974.00
房地产开发投资:海南:海口市,百万人民币,15802.52,412934311.3,20320.78521,1.41803318,0.655871992,1.28592055,445.74,60941.7,5997.09,23,,,,,,,,,,,,,1004.77,486.18,816.45,445.74,881.38,1350.16,1483.11,2770.07,4028.68,4637.89,5047.30,5997.09,7617.41,7844.06,10379.15,14513.65,17555.07,25631.25,28953.04,45639.49,55109.47,60324.85,60941.70
房地产开发投资:海南:三亚市,百万人民币,14655.63652,326743115.2,18076.03704,1.008203695,-0.432819909,1.233384645,15.88,54976.36,5137.49,23,,,,,,,,,,,,,242.51,90.38,47.52,25.70,15.88,261.43,432.58,837.19,1385.04,1975.04,2965.56,5137.49,7618.44,9789.30,13283.67,17884.01,23845.28,30281.41,38001.58,46664.52,41004.43,54976.36,40314.32
房地产开发投资:重庆,百万人民币,118835.2752,21590920038,146938.4907,1.057784536,-0.456477855,1.236488833,175.03,424876.12,40507.91,29,,,,,,,175.03,191.85,338.68,1231.51,2790.89,4688.45,5561.85,6750.22,9730.14,11251.35,13963.27,19666.84,24591.30,32788.81,40507.91,51772.91,62963.00,84989.66,99099.70,123891.25,162025.71,201508.83,250835.00,301278.38,363023.31,375128.12,372594.52,398008.37,424876.12
房地产开发投资:四川:成都市,百万人民币,104848.2243,8855932238,94105.96282,0.486032312,-1.424585115,0.89754465,6843.79,263889,90528,23,,,,,,,,,,,,,6843.79,7301.47,7997.00,9396.65,12900.11,17075.54,20331.04,24536.96,29140.81,45102.28,61363.51,90528.00,92351.18,94513.56,127833.90,158527.71,189003.00,211030.00,222080.23,244195.42,263889.00,248788.00,226780.00
房地产开发投资:四川:自贡市,百万人民币,4863.639565,30754240.28,5545.650573,1.404823481,1.63781544,1.14022647,65.24,20930,1920.34,23,,,,,,,,,,,,,65.24,209.47,286.00,317.80,640.12,1067.12,1050.01,1246.27,1264.93,1104.87,1471.44,1920.34,2260.34,3631.27,5399.89,7594.81,6276.80,7778.00,10122.75,12580.74,12387.00,12258.50,20930.00
房地产开发投资:四川:攀枝花市,百万人民币,2862.813478,7900330.153,2810.752595,0.952562614,0.191075047,0.981814784,57.54,10040,2225.36,23,,,,,,,,,,,,,96.34,57.54,101.76,175.28,322.21,322.28,564.72,928.29,931.59,948.72,1590.10,2529.88,2519.86,2225.36,3419.89,3573.40,5468.34,5116.00,7519.62,5894.47,5503.00,5996.06,10040.00
房地产开发投资:四川:泸州市,百万人民币,7587.749565,92813760.7,9633.989864,1.378934168,0.651946435,1.269676837,215.81,31840,2391.54,23,,,,,,,,,,,,,215.81,250.02,353.91,442.79,608.32,931.92,1481.70,1915.90,1603.66,1386.63,1617.67,2391.54,4047.67,4218.67,5451.92,6778.46,7165.03,13092.00,19256.03,19686.90,23920.00,25861.69,31840.00
房地产开发投资:四川:德阳市,百万人民币,4690.77,21111218.04,4594.694554,0.868616206,-0.543347257,0.979518193,102.87,14980,2552.42,23,,,,,,,,,,,,,102.87,178.36,307.31,496.89,721.28,905.82,1113.12,1504.12,1886.13,2153.78,2092.28,2574.25,2552.42,3935.61,4696.47,7289.86,7987.53,8266.00,9523.05,11538.16,12578.00,10504.40,14980.00
房地产开发投资:四川:绵阳市,百万人民币,8389.89913,59608056.62,7720.625403,0.603295171,-1.377158793,0.920228632,437.15,21073.55,4650.06,23,,,,,,,,,,,,,437.15,726.66,1019.89,1158.15,1460.36,1730.24,2031.95,3012.23,2505.46,2898.81,3783.89,4650.06,5792.94,6803.21,10584.18,13227.71,14569.01,16994.00,21073.55,19834.75,20558.00,17665.48,20450.00
房地产开发投资:四川:广元市,百万人民币,2806.441739,11815890.74,3437.425016,1.058036569,-0.622306744,1.224833913,19.8,9463,867.31,23,,,,,,,,,,,,,19.80,77.83,170.31,194.02,184.03,157.69,443.94,511.03,735.57,683.90,669.13,942.90,867.31,1240.08,1872.39,3300.00,3288.67,5867.00,8332.24,8679.97,9463.00,8358.02,8489.33
房地产开发投资:四川:遂宁市,百万人民币,5215.634348,31341726.71,5598.368219,0.991765262,-0.01063092,1.073382037,71.31,17348.12,3300.07,23,,,,,,,,,,,,,120.99,71.31,234.53,183.44,280.71,401.47,627.51,820.27,954.24,1154.94,1690.35,3300.07,5156.00,5881.68,6790.46,7163.71,7678.58,8599.00,8635.55,11190.66,14456.00,17348.12,17220.00
房地产开发投资:四川:内江市,百万人民币,4402.794783,24287442.5,4928.229145,1.052205997,-0.30761977,1.119341098,200.24,15560,2039.53,23,,,,,,,,,,,,,288.07,269.64,200.24,210.95,210.93,476.01,668.87,1169.61,1042.16,1290.44,1448.53,2039.53,2659.57,2810.56,4101.07,5434.62,5803.23,7864.00,11542.64,12387.71,12281.00,11504.90,15560.00
房地产开发投资:四川:乐山市,百万人民币,5984.064348,49102742.38,7007.334899,1.147812005,-0.022102595,1.170999256,151.86,21202,2862.74,23,,,,,,,,,,,,,171.64,152.18,201.42,151.86,302.44,495.25,851.13,1304.36,1212.04,1363.28,1830.16,2862.74,3444.09,4091.93,5878.63,6754.75,7545.11,11019.00,12607.19,15286.10,21202.00,19415.18,19491.00
房地产开发投资:四川:南充市,百万人民币,8905.874348,99751356.97,9987.560111,0.81371434,-0.893996882,1.121457559,182.14,31003,2741.86,23,,,,,,,,,,,,,182.14,232.44,557.38,553.47,639.45,909.45,1070.31,1670.79,1615.70,2052.69,1981.50,2741.86,3499.04,4694.09,10223.05,14573.03,18705.77,20791.00,22913.98,21321.98,21664.00,21238.99,31003.00
房地产开发投资:四川:眉山市,百万人民币,7676.233684,68267062.94,8262.388453,0.959028885,-0.507766523,1.076359683,117.56,25710,3346.35,19,,,,,,,,,,,,,,,,,117.56,326.41,618.51,1492.71,1155.30,1111.45,1444.43,2555.96,2567.46,3346.35,4777.16,6361.56,7818.38,13031.00,15111.90,19515.27,19429.00,19358.03,25710.00
房地产开发投资:四川:宜宾市,百万人民币,7368.114348,75107327.24,8666.448364,1.331554434,1.134352227,1.176209808,100,31204,3508.03,23,,,,,,,,,,,,,100.00,124.13,191.89,169.38,247.59,505.78,954.82,1367.93,1901.80,2656.26,3557.81,3454.56,3508.03,4396.96,6022.03,10541.16,10451.36,14113.41,17185.72,15042.10,18955.00,22814.91,31204.00
房地产开发投资:四川:广安市,百万人民币,6480.932857,77524700.06,8804.811188,1.459410467,0.613478302,1.35857158,128.38,25822,2370.41,21,,,,,,,,,,,,,,,134.75,128.38,200.99,324.69,605.10,940.84,1106.17,1405.03,1540.19,1755.51,2370.41,2462.46,2958.49,3849.21,5105.28,6525.00,12210.80,18425.51,25822.00,24418.78,23810.00
房地产开发投资:四川:达州市,百万人民币,5444.9515,19912524.05,4462.345129,0.549063842,-0.472655365,0.819538086,132,15670,4599.15,20,,,,,,,,,,,,,,,,132.00,194.60,223.57,579.36,1400.54,2049.73,1963.86,2265.09,3954.00,4222.06,4976.24,6067.80,8189.00,8510.14,10053.00,9498.06,8257.62,9328.00,11364.36,15670.00
房地产开发投资:四川:雅安市,百万人民币,1997.487895,5628448.531,2372.435148,1.523979664,1.959932372,1.1877094,139.26,8530,731.21,19,,,,,,,,,,,,,,,,,139.26,244.09,428.97,307.98,265.25,213.97,228.28,210.09,373.36,731.21,1190.95,2862.63,3001.45,2702.00,2545.79,2744.98,5394.00,5838.01,8530.00
房地产开发投资:四川:巴中市,百万人民币,4606.474737,25563410.93,5056.027188,1.06786382,-0.183817907,1.097591429,106.39,15699,2284.97,19,,,,,,,,,,,,,,,,,106.39,160.69,276.89,491.90,762.24,985.89,862.54,1373.26,1759.37,2284.97,2726.53,3800.00,4926.74,6399.00,8865.28,10449.01,11896.00,13697.32,15699.00
房地产开发投资:四川:资阳市,百万人民币,7055.024211,42924359.16,6551.668426,0.45025114,-1.321145286,0.928652862,292.09,19513.64,5471.12,19,,,,,,,,,,,,,,,,,292.09,360.71,549.48,571.78,590.15,974.94,1310.66,1996.42,3309.94,5471.12,7465.48,9456.80,10960.40,13698.00,16477.09,19513.64,15018.00,12788.76,13240.00
房地产开发投资:贵州:贵阳市,百万人民币,34902.40318,1672529900,40896.57565,0.908399716,-1.060893919,1.171740967,1220.44,102643.36,12156.76,22,,,,,,,,,,,,,1239.31,1220.44,1473.25,2255.49,3105.16,4227.77,5003.00,6036.21,7244.74,9111.66,10769.36,13544.16,17011.16,21032.25,31046.65,46735.95,90852.24,98308.70,101760.00,100500.01,92732.00,102643.36,
房地产开发投资:贵州:六盘水市,百万人民币,2915.934783,10327188.07,3213.594261,0.763803863,-1.13366757,1.102080293,5.01,8791,1808.19,23,,,,,,,,,,,,,11.19,5.01,22.26,54.62,49.69,158.99,334.40,502.68,432.37,659.79,1207.89,1857.20,1808.19,1909.82,2624.88,3650.24,5548.45,8172.00,8791.00,7684.56,6837.00,7796.27,6948.00
房地产开发投资:贵州:遵义市,百万人民币,11540.38364,215323892.6,14673.91879,1.151793215,-0.293407014,1.271527815,124.53,44493,3854.86,22,,,,,,,,,,,,,,124.53,178.14,371.29,555.61,1061.71,1445.17,1604.74,2540.58,2376.31,2740.98,3651.23,4084.86,4058.49,4456.90,8159.68,12887.38,23904.34,31662.12,34171.67,35021.00,34338.71,44493.00
房地产开发投资:贵州:安顺市,百万人民币,3486.391667,14417822.17,3797.080743,0.738776537,-1.265158315,1.089114794,208.7,10048.11,1205.185,18,,,,,,,,,,,,,,,,,208.70,258.17,248.09,272.37,307.38,572.74,589.71,953.41,815.32,1456.96,2417.72,4097.20,6140.34,9190.28,9549.84,7603.06,8025.65,10048.11,
房地产开发投资:云南:昆明市,百万人民币,50889.05136,3465981658,58872.58834,1.049732901,-0.563811846,1.15688123,2800.3,168333.25,20847.73,22,,,,,,,,,,,,,2800.30,3116.12,5093.71,7220.81,6391.13,6614.66,6833.95,7007.00,8696.04,14935.27,18893.29,22802.17,27420.17,38214.56,44068.14,62597.11,91907.32,129171.00,149262.46,145130.67,153050.00,168333.25,
房地产开发投资:云南:曲靖市,百万人民币,6167.155455,41833151.16,6467.855221,0.589258703,-1.23809064,1.04875826,31.74,18369,3371.07,22,,,,,,,,,,,,,31.74,77.70,144.25,241.20,173.48,304.78,388.63,478.19,1000.00,1299.95,3143.31,3598.83,6803.87,8482.49,10156.04,14576.91,15380.43,18369.00,16317.52,14429.78,9375.00,10904.32,
房地产开发投资:云南:玉溪市,百万人民币,4330.752273,18485789.47,4299.510376,0.645419446,-1.086875424,0.992786035,157.13,12940,2580.725,22,,,,,,,,,,,,,157.13,,401.69,516.41,413.99,421.28,570.09,522.34,364.51,857.61,1300.10,2129.32,3032.13,4020.00,5754.47,6688.31,9056.68,10470.00,11145.51,6558.81,9868.78,8087.39,12940.00
房地产开发投资:云南:保山市,百万人民币,2982.062222,9523456.137,3086.009744,0.729067912,-1.127742776,1.034857596,82.13,8500.07,1585.645,18,,,,,,,,,,,,,,,,,107.80,82.13,86.60,212.60,629.38,700.90,492.00,725.20,1393.75,1777.54,2800.14,2930.45,5077.49,8251.83,7129.91,6606.79,6172.54,8500.07,
房地产开发投资:云南:昭通市,百万人民币,3062.635556,10519463.43,3243.372232,0.942586781,-0.297994511,1.059013445,18.6,10291,1607.13,18,,,,,,,,,,,,,,,,,,18.60,22.40,239.14,243.98,275.27,680.08,872.55,959.45,1471.07,1743.19,2509.18,3610.88,5041.34,7560.32,6334.28,5153.21,8101.50,10291.00
房地产开发投资:云南:丽江市,百万人民币,3045.821875,5070685.933,2251.818361,0.837258253,-0.201713578,0.739313871,268.96,7987.34,2301.245,16,,,,,,,,,,,,,,,,,,,268.96,1054.34,1131.60,1397.61,1223.64,1220.03,1465.00,2096.48,2506.01,3925.62,6416.51,7987.34,5572.47,4900.77,3475.16,4091.61,
房地产开发投资:云南:普洱市,百万人民币,2890.966667,5332762.035,2309.277384,0.28209836,-1.507787528,0.798790733,143.79,6719,2383.21,15,,,,,,,,,,,,,,,,,,,,177.74,143.79,470.95,472.84,1065.98,1335.76,1927.98,2383.21,4687.29,3016.27,4673.00,4870.21,6046.32,6719.00,5374.16,
房地产开发投资:云南:临沧市,百万人民币,4223.706429,18337567.6,4282.238621,0.920594247,-0.688188599,1.013858016,123.63,12481.52,2369.565,14,,,,,,,,,,,,,,,,,,,,123.63,,687.51,819.72,664.45,1049.03,1424.42,2075.48,2663.65,6265.48,9604.00,12481.52,11008.91,7462.00,2802.09,
房地产开发投资:西藏:拉萨,百万人民币,1790.856,3109944.832,1763.503567,1.227570134,0.03505105,0.984726615,230,5070,1101.88,10,,,,,,,,,,,,,,,,,,,,,,,,966.76,1237.00,1280.99,230.00,432.68,543.98,720.82,5070.00,4613.09,,2813.24,
房地产开发投资:陕西:西安市,百万人民币,69747.35955,5731504681,75706.70169,0.905780393,-0.601170776,1.085441832,2465.96,233333.73,33654.735,22,,,,,,,,,,,,,2465.96,2468.17,3821.42,4504.16,5247.94,6742.11,7896.89,12481.77,16340.41,21228.61,28576.05,38733.42,54571.03,69423.41,84234.47,99680.97,128190.13,159564.18,176188.18,183166.88,195582.02,233333.73,
房地产开发投资:陕西:铜川市,百万人民币,1212.310909,1505301.88,1226.907446,0.999603076,0.013048088,1.012040258,66.03,4274.44,491.72,22,,,,,,,,,,,,,66.03,146.44,267.07,273.49,289.99,253.37,148.53,267.77,321.50,375.00,458.44,525.00,670.00,1908.72,1418.45,2036.34,2251.82,2248.63,3165.85,2830.40,4274.44,2473.56,
房地产开发投资:陕西:宝鸡市,百万人民币,5424.109565,30695108.54,5540.316646,1.227421562,1.115648562,1.021424176,157.35,20183,3894,23,,,,,,,,,,,,,157.35,179.45,262.45,455.36,596.70,694.12,881.98,1300.44,1618.32,2208.57,2773.15,3894.00,5656.00,5849.04,6466.19,7271.04,7587.57,8127.23,9314.00,9477.98,13241.02,16559.56,20183.00
房地产开发投资:陕西:咸阳市,百万人民币,6903.883043,48709611.67,6979.227154,0.63059267,-1.158375672,1.010913295,80.73,19595.05,4212.66,23,,,,,,,,,,,,,80.73,128.32,295.04,361.13,319.44,435.37,654.94,1159.20,1246.49,2507.13,2703.54,4212.66,5478.30,7340.19,9384.33,11848.21,15176.38,17482.54,19595.05,18181.66,17886.39,10450.27,11862.00
房地产开发投资:陕西:渭南市,百万人民币,4056.153043,21924652.56,4682.376807,0.939372187,-0.304040302,1.154388593,50.55,15415,1611.13,23,,,,,,,,,,,,,68.19,50.55,65.57,107.23,230.16,182.68,203.87,382.08,407.91,818.72,1092.98,1611.13,2217.24,2819.80,4208.18,6821.49,8510.93,10133.25,8135.37,8732.88,9695.42,11380.89,15415.00
房地产开发投资:陕西:延安市,百万人民币,1562.201905,4774069.098,2184.964324,1.987119851,3.108018485,1.398644002,32.89,7783.8,645.23,21,,,,,,,,,,,,,,79.02,32.89,133.27,127.91,266.44,544.73,645.23,345.24,273.86,545.04,522.01,1037.94,818.05,813.49,807.81,2030.89,1840.45,2666.00,5098.24,7783.80,6393.93,
房地产开发投资:陕西:汉中市,百万人民币,3292.145455,10377024.41,3221.338916,0.789407782,-0.957557871,0.978492281,110.7,9761.34,1839.21,22,,,,,,,,,,,,,110.70,127.49,206.95,301.76,615.08,739.76,945.24,1270.00,1337.22,1248.93,1393.00,2285.42,2299.40,2421.10,3822.19,5721.37,7341.47,6909.05,8209.95,6819.75,8540.03,9761.34,
房地产开发投资:陕西:榆林市,百万人民币,2740.997368,7369915.5,2714.758829,0.938239505,-0.055856496,0.990427375,61.18,8965.47,2256.81,19,,,,,,,,,,,,,,,,155.29,70.28,61.18,286.57,482.69,539.06,483.39,1105.50,1345.40,2256.81,2298.01,3396.56,2912.47,5249.25,8965.47,7392.83,4699.03,4054.54,6324.62,
房地产开发投资:陕西:安康市,百万人民币,3332.844737,14435257.43,3799.375927,1.371295701,0.954651476,1.139979875,336,12992,1266.76,19,,,,,,,,,,,,,,,,,336.00,447.71,575.05,669.69,727.51,657.73,652.68,632.36,977.65,1266.76,1665.44,2232.46,3640.15,5053.14,5348.16,6550.20,9511.87,9387.49,12992.00
房地产开发投资:陕西:商洛市,百万人民币,956.7983333,687256.599,829.0094083,0.317003648,-1.685680535,0.866441108,19.87,2224,705,18,,,,,,,,,,,,,,,,,,19.87,65.06,79.05,162.52,176.82,192.00,231.95,544.78,590.00,820.00,1097.96,1419.89,1716.27,1834.63,1935.00,2005.68,2106.89,2224.00
房地产开发投资:甘肃:兰州市,百万人民币,14999.45522,273284320.8,16531.31334,1.261150478,0.67030608,1.102127584,1339.9,58662,7444.76,23,,,,,,,,,,,,,1339.90,1442.43,1559.28,1711.29,2003.06,2291.70,2514.22,3014.56,4466.21,5310.36,5384.17,7444.76,9242.72,9907.76,11828.15,15967.24,22330.93,28680.54,33653.82,33901.49,39115.00,43215.88,58662.00
房地产开发投资:甘肃:嘉峪关市,百万人民币,1100.267391,1662305.484,1289.304264,1.096192524,0.23396952,1.171809938,0,4198.83,344.97,23,,,,,,,,,,,,,2.52,3.39,3.63,3.00,0.00,5.58,32.91,237.17,227.63,323.39,173.31,344.97,851.90,1090.98,1176.73,1228.04,1948.74,2248.36,2265.40,2598.47,3791.20,4198.83,2550.00
房地产开发投资:甘肃:金昌市,百万人民币,591.8936842,498078.2748,705.7466081,1.360468934,0.967037918,1.192353672,0,2321.69,252.67,19,,,,,,,,,,,,,9.57,9.40,14.48,,0.00,,,42.00,59.60,119.72,252.67,179.97,198.85,597.90,482.56,644.07,767.62,914.25,976.79,1906.36,2321.69,1748.48,
房地产开发投资:甘肃:白银市,百万人民币,970.6636364,1225997.06,1107.247515,0.871930357,-0.927406944,1.140711853,34.26,2993.81,369.63,22,,,,,,,,,,,,,46.88,50.21,50.00,40.68,34.26,47.75,71.98,128.58,237.79,270.31,312.08,427.18,627.96,683.68,1175.17,1521.88,1986.64,2281.92,2700.92,2993.81,2748.13,2916.79,
房地产开发投资:甘肃:天水市,百万人民币,1782.141364,3260081.021,1805.569445,1.057046615,0.32879751,1.013146029,98.16,6418.46,1142.3,22,,,,,,,,,,,,,98.16,135.09,212.23,194.46,291.57,240.68,246.89,471.55,630.84,599.15,991.46,1293.14,1425.63,1506.20,2351.28,2788.06,3601.36,3900.57,3499.47,3598.67,4712.19,6418.46,
房地产开发投资:甘肃:武威市,百万人民币,1633.231176,2559885.948,1599.964358,1.344378089,1.494632433,0.979631286,93.37,5798.54,1044.07,17,,,,,,,,,,,,,,,,,,93.37,121.73,224.77,343.02,416.00,581.99,849.71,918.42,1044.07,1117.91,1482.58,2289.85,3078.97,2409.39,2832.51,4162.10,5798.54,
房地产开发投资:甘肃:张掖市,百万人民币,2293.630588,5200403.108,2280.439236,0.497101841,-1.755762532,0.994248702,205.68,5824,807.5,17,,,,,,,,,,,,,,,,,,,255.16,205.68,231.09,276.09,356.07,468.67,484.44,490.21,807.50,1538.65,3109.27,4545.08,4656.97,5353.30,5181.78,5207.76,5824.00
房地产开发投资:甘肃:平凉市,百万人民币,2328.7325,5215254.012,2283.693064,0.907811608,-0.606160656,0.980659249,166.31,6659.35,1456.51,16,,,,,,,,,,,,,,,,,,,166.31,177.09,275.62,507.74,575.16,675.94,867.60,1272.00,1641.02,1650.80,2966.67,4004.86,3840.48,6659.35,5576.02,6403.06,
房地产开发投资:甘肃:酒泉市,百万人民币,1856.779375,2378775.935,1542.328089,0.367304441,-1.672224198,0.830646931,215.29,4209.59,1213.68,16,,,,,,,,,,,,,,,,,,,215.29,230.32,307.53,392.66,378.02,585.23,960.88,1053.16,1374.20,2583.51,2829.05,4122.16,3834.99,4209.59,3302.88,3329.00,
房地产开发投资:甘肃:庆阳市,百万人民币,2316.871765,5014148.852,2239.229522,0.524035193,-1.323104007,0.96648833,48.89,6671.72,1228.93,17,,,,,,,,,,,,,,,,,,,48.89,121.90,134.04,336.20,370.78,409.20,434.31,1078.40,1228.93,1746.89,5073.07,6671.72,3960.28,4183.17,4796.69,4290.35,4502.00
房地产开发投资:甘肃:定西市,百万人民币,2284.049333,4242844.511,2059.816621,0.556904626,-1.150896448,0.901826677,137.6,6043.47,1831.49,15,,,,,,,,,,,,,,,,,,,,137.60,165.67,243.90,301.66,553.20,803.34,995.19,1831.49,2360.57,4521.08,6043.47,4419.31,3111.53,3403.58,5369.15,
房地产开发投资:甘肃:陇南市,百万人民币,641.4128571,384126.8453,619.7796748,0.797125796,-0.664866404,0.966272609,47.53,1784.24,456.87,14,,,,,,,,,,,,,,,,,,,,,47.53,48.22,53.54,55.00,144.76,367.49,313.86,546.25,595.32,951.61,1066.51,1287.40,1784.24,1718.05,
房地产开发投资:青海:西宁市,百万人民币,10246.54696,137961002.4,11745.68016,1.027239505,-0.481301538,1.146306186,207.01,35133.37,3159.91,23,,,,,,,,,,,,,207.01,224.88,784.01,1111.49,1182.05,1393.43,1505.46,1889.50,2286.38,2707.17,2938.10,3159.91,4539.23,6383.93,9540.48,11728.54,15822.62,19528.87,24686.49,28042.95,31649.71,35133.37,29225.00
房地产开发投资:宁夏:银川市,百万人民币,15099.42174,253714875.8,15928.4298,0.825862051,-0.891529079,1.054903298,405.56,47494.14,6271.54,23,,,,,,,,,,,,,405.56,454.02,841.41,936.80,1173.17,1766.16,2364.00,3935.50,4532.07,5661.34,5768.08,6271.54,7861.59,9995.84,16081.88,21478.34,27570.23,33080.94,38889.52,40917.11,47494.14,40282.46,29525.00
房地产开发投资:宁夏:石嘴山市,百万人民币,2098.334348,5501629.658,2345.555298,1.151528655,0.219434824,1.117817711,58.49,7871.71,825,23,,,,,,,,,,,,,65.21,58.49,140.40,167.21,179.71,196.79,291.02,494.59,770.28,582.67,806.27,1442.00,1572.42,1974.59,3346.58,4621.08,4848.64,6557.74,7871.71,5373.76,4214.74,1860.79,825.00
房地产开发投资:宁夏:吴忠市,百万人民币,2579.205238,6718449.983,2591.997296,0.684717171,-1.16339339,1.00495969,146.6,7352.07,975.54,21,,,,,,,,,,,,,,,146.60,196.01,226.19,349.97,355.54,532.65,281.77,649.68,617.41,684.21,975.54,2043.73,2773.53,3719.83,3794.99,5612.95,6840.75,4478.68,6471.21,7352.07,6060.00
房地产开发投资:宁夏:固原市,百万人民币,2885.194118,11658354.06,3414.433197,0.96468327,-0.554153738,1.183432746,30.46,9966.98,941.79,17,,,,,,,,,,,,,,,,,,,30.46,125.98,177.35,93.66,226.41,290.36,382.18,698.03,941.79,1623.27,2143.17,4539.63,7033.39,6829.88,8675.76,9966.98,5270.00
房地产开发投资:宁夏:中卫市,百万人民币,2957.572,5477962.434,2340.504739,0.204539166,-1.821452083,0.79136019,229.61,6105.56,2180.37,15,,,,,,,,,,,,,,,,,,,,,229.61,464.13,276.20,553.71,945.04,1554.89,1557.27,2180.37,4558.26,6105.56,4844.58,5764.35,5960.62,5821.99,3547.00
房地产开发投资:新疆:乌鲁木齐市,百万人民币,15864.32,278062011.8,16675.19151,1.323537437,1.196129727,1.051112907,979.57,62359,8179.58,23,,,,,,,,,,,,,1240.33,1233.25,979.57,1627.38,4259.04,6179.86,5096.72,4849.27,3623.39,3841.86,5310.84,8179.58,9996.31,11329.55,14563.63,19803.81,23383.04,28753.05,35943.72,38836.61,30616.00,42873.55,62359.00
房地产开发投资:新疆:克拉玛依市,百万人民币,1386.886818,1837327.743,1355.480632,0.894673553,-0.515891039,0.977354903,3.04,4274.68,850.78,22,,,,,,,,,,,,,5.30,,134.63,3.04,44.80,149.23,249.77,458.01,732.90,1200.79,692.73,664.47,812.24,1005.83,889.32,1332.46,2533.32,4274.68,3795.52,3466.03,2650.00,3276.44,2140.00
