"点击这里以选择指标，然后再点击""更新""或""下载编辑""按钮更新或新增及移除数列",单位,平均,方差,标准差,偏度,峰度,变异系数,最小,最大,中位数,观测次数,1949,1952,1957,1962,1965,1970,1975,1978,1979,1980,1981,1982,1983,1984,1985,1986,1987,1988,1989,1990,1991,1992,1993,1994,1995,1996,1997,1998,1999,2000,2001,2002,2003,2004,2005,2006,2007,2008,2009,2010,2011,2012,2013,2014,2015,2016,2017
平均工资:在岗职工:地级市合计,人民币,23745.1175,477422285.7,21849.9951,2.429358938,7.171349627,0.920188965,6126,93996.77,17238.62,16,,,,,,,,,,,,,,,,,,,,,,,,,,6126.00,6762.00,7733.00,8573.00,9492.00,,12483.61,14010.17,16117.11,18360.13,21224.97,24909.38,29080.06,31447.81,36847.81,42758.06,,93996.77,,,,
平均工资:在岗职工:北京,人民币,30761.8755,1532771583,39150.62685,1.344459146,0.668206754,1.272699607,673,134994,11652,40,,,,,,,,673.00,742.00,848.00,837.00,863.00,931.00,1086.00,1343.00,1488.00,1670.00,2000.00,2312.00,2653.00,2877.00,3402.00,4780.00,6540.00,8144.00,9579.00,11019.00,12285.00,13778.00,15726.00,19155.00,21852.00,25312.00,29674.00,34191.00,40117.00,46507.00,54913.00,58140.00,65683.00,75834.61,85307.00,93997.00,103400.41,113073.00,122749.00,134994.00
平均工资:在岗职工:天津,人民币,27657.85337,863636563.7,29387.69409,1.070739662,-0.042082287,1.062544287,1165,100505.8683,14308,33,,,,,,,,,,,,,,,1165.00,1380.00,1651.00,1975.00,2262.00,2438.00,2724.00,3118.00,4003.00,5364.00,6501.00,7643.00,8238.00,9946.00,11056.00,12480.00,14308.00,16258.00,18648.00,21754.00,25271.00,28682.00,34938.00,41748.00,44992.00,52963.00,56477.00,62225.00,68864.29,73839.00,81486.00,87806.00,100505.87
平均工资:在岗职工:河北:石家庄,人民币,25748.60545,369239223.4,19215.59844,0.881042247,-0.358649288,0.746277249,5726,68632,18451.46,22,,,,,,,,,,,,,,,,,,,,,,,,,,5726.00,6256.00,6970.00,7938.00,8972.00,9965.73,11167.75,12306.11,13602.16,15239.37,16911.09,19991.83,22745.82,27369.84,31458.78,35131.75,39669.00,43137.00,48272.09,54441.00,60566.00,68632.00
平均工资:在岗职工:河北:唐山,人民币,27546.28455,403690961.3,20092.06215,0.524733328,-1.150558956,0.729392819,5749,66843,21358.72,22,,,,,,,,,,,,,,,,,,,,,,,,,,5749.00,6028.00,6629.00,7288.00,7938.00,8987.33,10393.42,10322.42,14077.90,17104.56,19539.04,23178.40,29422.98,33330.85,37230.96,42029.40,45838.00,47848.00,51052.00,55565.00,59623.00,66843.00
平均工资:在岗职工:河北:秦皇岛市,人民币,28085.40227,397906940.6,19947.60488,0.702221856,-0.703787268,0.710248146,6331,70753,21240.395,22,,,,,,,,,,,,,,,,,,,,,,,,,,6331.00,6802.00,7482.00,8314.00,9434.00,10616.21,12256.54,13479.54,15840.34,17526.59,19648.52,22832.27,29140.71,32228.41,35829.67,37195.05,44824.00,47367.00,51593.00,56397.00,61988.00,70753.00
平均工资:在岗职工:河北:邯郸市,人民币,23193.64318,288418781.3,16982.89673,0.623650324,-0.915786222,0.73222204,5233,58917,16788.17,22,,,,,,,,,,,,,,,,,,,,,,,,,,5233.00,5395.00,5920.00,6169.00,6967.00,7882.06,9024.41,10041.84,11928.62,13774.79,15361.23,18215.11,23654.65,27617.86,32126.01,36119.57,38255.00,39042.00,41219.00,46550.00,50847.00,58917.00
平均工资:在岗职工:河北:邢台市,人民币,22684.39364,285767369.5,16904.65526,0.707210005,-0.715643113,0.745210806,4479,59431,16678.155,22,,,,,,,,,,,,,,,,,,,,,,,,,,4479.00,5113.00,5585.00,6255.00,6807.00,7752.24,9147.00,10100.30,11715.80,13545.90,15166.35,18189.96,22545.56,25904.94,28156.86,34829.75,36278.00,39706.00,41199.00,46944.00,50205.00,59431.00
平均工资:在岗职工:河北:保定市,人民币,23191.66682,314000738.9,17720.06599,0.903439254,-0.250971766,0.764070394,4881,63835,16434.72,22,,,,,,,,,,,,,,,,,,,,,,,,,,4881.00,5491.00,6155.00,6838.00,7543.00,8271.94,9695.29,10584.58,11875.71,13274.42,14977.46,17891.98,21765.03,24967.69,28090.88,32277.69,34912.00,39130.00,43086.00,50394.00,54279.00,63835.00
平均工资:在岗职工:河北:张家口市,人民币,23098.70591,303706611,17427.18024,0.765148949,-0.477547014,0.754465653,4710,62338,17127.57,22,,,,,,,,,,,,,,,,,,,,,,,,,,4710.00,4879.00,5343.00,6048.00,6712.00,7805.84,8960.55,10496.24,12342.82,13504.58,15335.86,18919.28,23598.53,26680.90,30588.82,33437.11,35615.00,38218.00,41469.00,48892.00,52277.00,62338.00
平均工资:在岗职工:河北:承德市,人民币,23629.71682,310261226.8,17614.23364,0.681733501,-0.825305295,0.7454272,4604,60270,16970.59,22,,,,,,,,,,,,,,,,,,,,,,,,,,4604.00,5067.00,5662.00,6255.00,7168.00,8149.34,9542.90,10761.39,12917.60,13899.08,14978.36,18962.82,24209.28,26725.12,29964.94,34136.94,37787.00,41992.00,44281.00,49071.00,53449.00,60270.00
平均工资:在岗职工:河北:沧州市,人民币,25088.28909,386019064.7,19647.36788,0.708380161,-0.719934651,0.783129045,4392,66984,18838.245,22,,,,,,,,,,,,,,,,,,,,,,,,,,4392.00,4836.00,5344.00,6146.00,6901.00,7452.18,8842.05,9746.04,11209.72,14487.66,16968.03,20708.46,25270.72,29775.00,33014.75,36199.75,40114.00,43469.00,47181.00,54779.00,58122.00,66984.00
平均工资:在岗职工:河北:廊坊市,人民币,28579.905,531865261.2,23062.20417,0.816585934,-0.540631515,0.806937748,4866,77665,19737.085,22,,,,,,,,,,,,,,,,,,,,,,,,,,4866.00,5375.00,6459.00,7349.00,7815.00,8896.82,10293.38,11327.35,12813.54,14913.77,17445.88,22028.29,28636.04,31474.80,37225.91,39979.13,44886.00,48994.00,55536.00,63426.00,71352.00,77665.00
平均工资:在岗职工:河北:衡水市,人民币,21855.44095,277330784.7,16653.25148,0.809993992,-0.508769898,0.761972797,4330,58014,15878.15,21,,,,,,,,,,,,,,,,,,,,,,,,,,4330.00,4706.00,5174.00,5958.00,6677.00,,8272.21,9428.80,10757.61,12038.19,13362.81,15878.15,19379.62,22760.30,25696.97,28999.60,32800.00,36498.00,41011.00,47088.00,50134.00,58014.00
平均工资:在岗职工:山西:太原市,人民币,29409.99136,468421176.9,21643.03992,0.585505621,-1.038757427,0.735907728,5964,72114,23055.225,22,,,,,,,,,,,,,,,,,,,,,,,,,,5964.00,6479.00,6837.00,7378.00,8394.00,9600.84,10994.93,12678.90,15399.73,18546.90,21422.46,24687.99,29588.57,33140.33,38838.91,44868.25,46831.00,51035.00,56885.00,60515.00,64820.00,72114.00
平均工资:在岗职工:山西:大同市,人民币,26601.505,408765158.6,20217.9415,0.495084261,-1.42411283,0.760029987,5598,59415,20883.915,22,,,,,,,,,,,,,,,,,,,,,,,,,,5904.00,5598.00,5753.00,5742.00,6658.00,7543.60,8965.00,10303.90,12590.40,15724.22,19318.11,22449.72,25382.96,28172.02,34431.23,43869.95,47646.00,50847.00,55487.00,57982.00,55450.00,59415.00
平均工资:在岗职工:山西:阳泉市,人民币,26705.58,360493403.3,18986.66383,0.199480947,-1.683345603,0.710962422,4617,56255,23364.945,22,,,,,,,,,,,,,,,,,,,,,,,,,,5487.00,5724.00,4617.00,4786.00,5823.00,7440.23,8826.61,10920.92,14170.06,18319.06,21543.53,25186.36,30458.07,34730.87,42408.42,47345.63,53972.00,47992.00,46728.00,46594.00,48195.00,56255.00
平均工资:在岗职工:山西:长治市,人民币,25068.19909,320781564.1,17910.37588,0.424738015,-1.359400173,0.714465998,4738,57750,20656.935,22,,,,,,,,,,,,,,,,,,,,,,,,,,4738.00,5037.00,5778.00,6286.00,6999.00,8213.44,9347.40,11008.64,13630.25,16221.68,19399.68,21914.19,26523.88,28775.33,33413.32,39294.57,44304.00,44600.00,48064.00,49463.00,50739.00,57750.00
平均工资:在岗职工:山西:晋城市,人民币,28567.275,433416157.9,20818.64928,0.301693126,-1.609491319,0.728758668,5036,62008,23836.045,22,,,,,,,,,,,,,,,,,,,,,,,,,,5036.00,5345.00,5770.00,5767.00,5767.00,8788.87,10322.93,11736.69,14471.83,18739.20,21270.63,26401.46,30996.20,34197.11,40031.65,48705.48,54163.00,54500.00,55262.00,54218.00,54982.00,62008.00
平均工资:在岗职工:山西:朔州市,人民币,25179.09818,356530184.7,18882.0069,0.476482621,-1.328425578,0.74990799,4508,59831,20955.485,22,,,,,,,,,,,,,,,,,,,,,,,,,,4508.00,4984.00,5540.00,6076.00,6909.00,7834.86,7955.62,9558.86,11603.60,14770.53,18453.75,23457.22,27043.65,27931.92,32532.88,38683.27,44777.00,47181.00,50919.00,52012.00,51377.00,59831.00
平均工资:在岗职工:山西:晋中市,人民币,27577.72167,333095317.2,18250.89908,0.379011395,-1.395843653,0.661798654,5443,60094,23003.795,18,,,,,,,,,,,,,,,,,,,,,,,,,,,,,,5443.00,6686.14,7826.28,9387.13,11104.99,13346.19,14529.97,17444.70,22300.97,23706.62,29027.46,37720.54,42099.00,45458.00,47234.00,50432.00,52558.00,60094.00
平均工资:在岗职工:山西:运城市,人民币,24369.57111,238109799.8,15430.80684,0.674475272,-0.816738293,0.633199771,6732,54570,19951.17,18,,,,,,,,,,,,,,,,,,,,,,,,,,,,,,6732.00,7780.65,9047.48,9819.18,11336.74,12306.87,13911.40,16238.26,19770.76,20131.58,23692.60,30490.76,31912.00,34964.00,39815.00,46588.00,49545.00,54570.00
平均工资:在岗职工:山西:忻州市,人民币,23493.11,254279174.1,15946.13352,0.468215553,-1.281137953,0.678757879,5497.01,52191,19634.915,18,,,,,,,,,,,,,,,,,,,,,,,,,,,,,,5575.00,5497.01,7126.86,7995.09,9149.98,9225.03,11957.70,14709.15,19167.76,20102.07,24402.52,30546.16,34442.65,38259.00,40364.00,44900.00,47265.00,52191.00
平均工资:在岗职工:山西:临汾市,人民币,25832.97722,245557589.9,15670.27728,0.54283673,-0.925185688,0.60659974,6790,56013,23263.435,18,,,,,,,,,,,,,,,,,,,,,,,,,,,,,,6790.00,8081.66,8824.22,9786.91,12347.13,13665.69,16507.52,18729.81,22310.04,24216.83,26601.00,28522.78,34555.00,39222.00,41293.00,47543.00,49984.00,56013.00
平均工资:在岗职工:山西:吕梁市,人民币,33435.25267,326010653.8,18055.76511,0.067634569,-1.644142559,0.540021794,8957.43,60975,31630.19,15,,,,,,,,,,,,,,,,,,,,,,,,,,,,,,,,,8957.43,10613.19,13109.87,16785.27,19581.72,20624.99,26203.22,31630.19,38952.91,46561.00,49648.00,50104.00,52574.00,55208.00,60975.00
平均工资:在岗职工:内蒙古:呼和浩特市,人民币,28056.865,359272108.8,18954.47464,0.349194999,-1.287434222,0.675573505,4597,63084,24841.205,22,,,,,,,,,,,,,,,,,,,,,,,,,,4597.00,5195.00,6771.00,7346.00,7548.00,11687.76,11985.64,14116.37,16754.70,19713.20,22947.53,26734.88,30871.77,33992.83,37693.47,42796.88,44402.00,48635.00,50467.00,53698.00,56213.00,63084.00
平均工资:在岗职工:内蒙古:包头市,人民币,30112.14864,475904191,21815.22842,0.396865513,-1.331617096,0.724466018,5312,69706,24842.095,22,,,,,,,,,,,,,,,,,,,,,,,,,,5312.00,5813.00,6178.00,6849.00,7516.00,8384.10,10212.68,13416.57,16381.71,21987.64,22814.10,26870.09,31775.72,36725.76,41398.28,47053.62,51167.00,53100.00,56246.00,59573.00,63987.00,69706.00
平均工资:在岗职工:内蒙古:乌海市,人民币,27320.28909,458862000.3,21421.06441,0.477946689,-1.35782915,0.78407166,4230,67658,20276.235,22,,,,,,,,,,,,,,,,,,,,,,,,,,4230.00,4854.00,5495.00,5997.00,6655.00,7542.93,8514.71,10105.99,12873.43,12147.54,18173.74,22378.73,27289.95,35590.36,39853.09,42941.89,47547.00,53191.00,54129.00,55577.00,58301.00,67658.00
平均工资:在岗职工:内蒙古:赤峰市,人民币,25064.42318,416432704.9,20406.68285,0.679870521,-1.078987355,0.814169259,4315,63809,16624.12,22,,,,,,,,,,,,,,,,,,,,,,,,,,4315.00,4880.00,5143.00,5815.00,6200.00,7566.84,8814.06,9578.02,10875.54,12602.02,14985.06,18263.18,22104.58,27411.67,31322.83,38318.51,44531.00,47751.00,52152.00,55377.00,59602.00,63809.00
平均工资:在岗职工:内蒙古:通辽市,人民币,25816.66,357702393.6,18913.0218,0.646412952,-1.027060981,0.7325898,5481,61470,19803.66,19,,,,,,,,,,,,,,,,,,,,,,,,,,,,,5481.00,5780.00,7112.84,7569.36,9445.79,10227.48,11689.03,13895.58,17196.43,19803.66,21878.27,26072.42,34591.68,38281.00,42929.00,46971.00,53093.00,57029.00,61470.00
平均工资:在岗职工:内蒙古:鄂尔多斯市,人民币,44308.76529,613955835.5,24778.1322,-0.076423406,-1.680768681,0.559215136,9919.98,78166,44815.83,17,,,,,,,,,,,,,,,,,,,,,,,,,,,,,,,9919.98,11219.97,13149.62,16960.30,21625.39,27073.91,31583.10,36261.28,44815.83,53018.06,59298.57,66892.00,68231.00,69955.00,70583.00,74496.00,78166.00
平均工资:在岗职工:内蒙古:呼伦贝尔市,人民币,31195.28824,396791373.7,19919.62283,0.354597427,-1.466618763,0.638545882,7486.7,65045,28247.65,17,,,,,,,,,,,,,,,,,,,,,,,,,,,,,,,7486.70,9074.78,10018.02,11344.05,12716.72,15077.05,17716.73,22108.62,28247.65,31223.51,37078.07,45892.00,49810.00,53562.00,54752.00,59167.00,65045.00
平均工资:在岗职工:内蒙古:巴彦淖尔市,人民币,31961.168,318441876.3,17844.93979,0.320676529,-1.191810501,0.558331904,9768.19,64696,30324.47,15,,,,,,,,,,,,,,,,,,,,,,,,,,,,,,,,,9768.19,10994.31,12451.53,14822.04,16505.91,20366.50,25883.93,30324.47,35260.64,40391.00,44265.00,48092.00,51169.00,54427.00,64696.00
平均工资:在岗职工:内蒙古:乌兰察布市,人民币,34785.95067,349751942.5,18701.65614,0.426926078,-1.078111602,0.537620959,11287.64,66332,30988.16,15,,,,,,,,,,,,,,,,,,,,,,,,,,,,,,,,,11287.64,13318.95,14689.47,16538.00,20229.10,25132.31,28948.78,30988.16,35469.85,41341.00,45588.00,50108.00,56538.00,65280.00,66332.00
平均工资:在岗职工:辽宁:沈阳市,人民币,30812.939,462946211.6,21516.18488,0.479808454,-1.099176881,0.698284084,5198,72640,25381.95,22,,,,,,,,,,,,,,,,,,,,,,,,,,5198.00,5801.00,7811.00,8411.00,9484.00,11226.05,13004.92,14961.14,17331.27,19894.54,23391.41,27372.49,33545.76,38576.86,41525.00,45305.79,48834.84,51344.11,55365.48,60653.00,66207.00,72640.00
平均工资:在岗职工:辽宁:大连市,人民币,34420.4489,572048913.5,23917.54405,0.598983097,-0.997834757,0.694864385,7336,81884,26248.835,22,,,,,,,,,,,,,,,,,,,,,,,,,,7336.00,7855.00,9275.00,10259.00,11901.00,13492.53,15524.56,17560.15,19717.82,21884.46,24227.17,28270.50,34304.37,38765.37,44617.00,49729.79,54820.49,59061.14,63610.54,69390.00,73764.00,81884.00
平均工资:在岗职工:辽宁:鞍山市,人民币,24193.61532,228063495.4,15101.77127,0.25526437,-1.349975497,0.624204819,5451,50187,23236.23,22,,,,,,,,,,,,,,,,,,,,,,,,,,5451.00,5566.00,6644.00,7122.00,7955.00,9251.21,10933.73,12731.41,15396.15,18708.69,21119.14,25353.32,29120.47,30432.65,32913.00,33730.26,34526.55,40263.30,43038.66,43652.00,48164.00,50187.00
平均工资:在岗职工:辽宁:抚顺市,人民币,25232.76787,294166323.7,17151.27761,0.424061756,-1.218835431,0.679722403,4957,56941,21865.615,22,,,,,,,,,,,,,,,,,,,,,,,,,,4957.00,4993.00,6586.00,7189.00,8134.00,9365.74,10781.57,12022.79,13913.34,16789.52,19738.82,23992.41,28100.49,30826.88,35148.00,36190.77,38756.81,42527.31,45233.44,50225.00,52708.00,56941.00
平均工资:在岗职工:辽宁:本溪市,人民币,23733.39273,230076881.5,15168.28538,0.337161101,-1.387051112,0.639111549,5023,50881,20790.255,22,,,,,,,,,,,,,,,,,,,,,,,,,,5198.00,5023.00,6658.00,7400.00,8839.00,10129.80,10846.75,11933.66,14633.14,16545.93,19269.71,22310.80,25078.97,28385.72,31823.00,36845.10,38765.70,41277.15,40724.21,43269.00,46297.00,50881.00
平均工资:在岗职工:辽宁:丹东市,人民币,19370.86886,145252793.7,12052.0867,0.381397683,-1.133980416,0.622175845,4108,42230,17464.695,22,,,,,,,,,,,,,,,,,,,,,,,,,,4128.00,4108.00,5658.00,6462.00,7382.00,8360.99,9919.51,10639.38,12235.65,14383.45,16257.57,18671.82,21528.77,23342.56,25863.00,27054.62,28630.36,32179.26,32571.17,35790.00,38763.00,42230.00
平均工资:在岗职工:辽宁:锦州市,人民币,22702.2502,263355448.9,16228.23,0.632565663,-1.008270388,0.714829141,4510,54892,16667.53,22,,,,,,,,,,,,,,,,,,,,,,,,,,5176.00,4510.00,6315.00,6729.00,7621.00,8941.66,10339.34,10761.97,12202.07,13869.08,15282.47,18052.59,20435.19,25895.45,29450.00,33499.64,37703.21,39751.98,41443.85,47416.00,49162.00,54892.00
平均工资:在岗职工:辽宁:营口市,人民币,22591.33714,249892434.4,15807.98641,0.484034931,-1.223381355,0.699736643,3940,50074,18461.69,22,,,,,,,,,,,,,,,,,,,,,,,,,,3940.00,4220.00,5725.00,6663.00,7319.00,8360.28,9786.84,10920.11,12584.38,14301.01,16301.99,20621.39,22461.88,27423.51,30592.00,31901.80,36027.84,39615.32,42193.07,48978.00,46999.00,50074.00
平均工资:在岗职工:辽宁:阜新市,人民币,21760.58821,277017195.4,16643.83356,0.631630161,-1.022315056,0.764861381,3801,54331,16590.855,22,,,,,,,,,,,,,,,,,,,,,,,,,,3956.00,3801.00,4182.00,5406.00,6243.00,6988.39,8342.92,9873.11,11292.58,12560.85,14702.37,18479.34,21556.86,23007.31,25354.00,33109.63,38557.67,40035.46,41413.44,45939.00,49601.00,54331.00
平均工资:在岗职工:辽宁:辽阳市,人民币,25101.87737,310341331.4,17616.50736,0.615479598,-0.954959804,0.701800391,5108,60361,19448.32,22,,,,,,,,,,,,,,,,,,,,,,,,,,5108.00,5490.00,6897.00,7653.00,8533.00,9648.78,11075.46,12538.64,13890.68,16022.58,17433.48,21463.16,25178.75,27785.68,32028.00,36161.11,40243.86,43052.88,46453.25,50716.00,54507.00,60361.00
平均工资:在岗职工:辽宁:盘锦市,人民币,21413.75472,189362670,13760.91094,0.528727378,-1.31786223,0.642620181,6346,45890,15784.04,22,,,,,,,,,,,,,,,,,,,,,,,,,,6346.00,6992.00,7630.00,8601.00,8450.00,8794.28,9300.05,10162.98,12129.00,13412.57,14694.79,16873.29,22905.43,24361.72,28028.00,30397.27,33947.42,37760.36,39903.44,41579.00,42944.00,45890.00
平均工资:在岗职工:辽宁:铁岭市,人民币,21188.38835,234976508.2,15328.94348,0.442600301,-1.429432731,0.723459625,4095,47615,16544.67,21,,,,,,,,,,,,,,,,,,,,,,,,,,4095.00,4328.00,4473.00,4473.00,7020.00,7899.35,9177.30,9987.98,11431.83,14828.53,16544.67,19176.47,21189.00,,27959.00,32639.96,36478.64,39762.58,39807.84,42473.00,43596.00,47615.00
平均工资:在岗职工:辽宁:朝阳市,人民币,21917.92235,253423399.9,15919.27762,0.52025029,-1.140928839,0.726313259,4110,52732,17689.475,22,,,,,,,,,,,,,,,,,,,,,,,,,,4110.00,4238.00,5364.00,5913.00,6484.00,7276.09,8671.19,9642.69,10399.71,13307.85,15516.73,19862.22,23095.22,26558.42,29947.00,31402.31,36280.92,39091.08,40505.87,43950.00,47846.00,52732.00
平均工资:在岗职工:辽宁:葫芦岛市,人民币,22375.36605,260858196,16151.1051,0.733457666,-0.800055833,0.721825291,4778,55037,16877.845,22,,,,,,,,,,,,,,,,,,,,,,,,,,4778.00,5240.00,6337.00,7088.00,8111.00,9077.77,9810.15,10421.03,11588.36,13222.76,15287.01,18468.68,21224.20,24237.33,26041.00,31498.13,35031.49,39724.21,42275.94,47048.00,50711.00,55037.00
平均工资:在岗职工:吉林:长春市,人民币,29551.07636,473377469.7,21757.23948,0.750885037,-0.775859383,0.736258782,6370,73469,22071.645,22,,,,,,,,,,,,,,,,,,,,,,,,,,6370.00,7052.00,7869.00,8618.00,9752.00,11089.38,12868.67,13870.31,15717.22,17742.00,19954.25,24189.04,26968.10,30448.41,35721.09,41471.21,46674.00,52351.00,56976.00,62519.00,68434.00,73469.00
平均工资:在岗职工:吉林:吉林市,人民币,24729.47682,307288115.1,17529.63534,0.574912123,-1.023781113,0.708855892,5818,59923,20124.63,22,,,,,,,,,,,,,,,,,,,,,,,,,,5818.00,5985.00,6713.00,7274.00,8192.00,8484.38,9303.43,10611.19,12692.32,14901.59,17209.08,23040.18,27118.47,29299.24,30991.90,35091.71,40420.00,42992.00,45362.00,49234.00,53392.00,59923.00
平均工资:在岗职工:吉林:四平市,人民币,19985.16273,268748242.6,16393.54271,0.945448648,-0.296059267,0.820285676,4330,56235,13918.91,22,,,,,,,,,,,,,,,,,,,,,,,,,,4330.00,4638.00,5064.00,5228.00,5699.00,5944.47,7240.48,7893.59,8795.52,10140.56,12346.00,15491.82,18231.33,19966.98,22377.35,28016.48,32056.00,34972.00,38383.00,45948.00,50676.00,56235.00
平均工资:在岗职工:吉林:辽源市,人民币,20216.58273,232747483.7,15256.06383,0.71232769,-0.841811574,0.754631188,4178,50474,16174.565,22,,,,,,,,,,,,,,,,,,,,,,,,,,4178.00,4550.00,5073.00,5517.00,5635.00,6874.03,7617.28,8599.91,9769.34,12376.71,15078.15,17270.98,18789.01,22012.94,23976.76,27805.71,32371.00,36552.00,39462.00,43872.00,46910.00,50474.00
平均工资:在岗职工:吉林:通化市,人民币,20537.275,231333955.3,15209.66651,0.789137166,-0.665311086,0.740588345,4433,52054,15510.665,22,,,,,,,,,,,,,,,,,,,,,,,,,,4573.00,4433.00,5713.00,6210.00,6949.00,7704.31,8676.62,9763.79,10773.41,12184.63,13686.58,17334.75,18626.42,21588.50,24057.69,28397.35,31761.00,36074.00,39348.00,44405.00,47506.00,52054.00
平均工资:在岗职工:吉林:白山市,人民币,20355.70591,239289218.7,15468.97601,0.671012375,-0.973281321,0.759933164,4137,50230,14982.82,22,,,,,,,,,,,,,,,,,,,,,,,,,,4137.00,4366.00,5114.00,5778.00,6381.00,6871.81,7839.85,8414.93,9269.33,10496.06,12716.09,17249.55,20457.18,21953.78,26416.92,29987.03,33385.00,35605.00,39331.00,44532.00,47294.00,50230.00
平均工资:在岗职工:吉林:松原市,人民币,24072.96773,273536789.6,16538.94766,0.524095835,-1.135939705,0.687034014,5672,55434,20178.53,22,,,,,,,,,,,,,,,,,,,,,,,,,,5672.00,6098.00,6271.00,7190.00,8256.00,9327.69,9663.27,10647.06,12699.23,15581.91,17348.53,23008.53,27100.56,28817.56,29328.67,33697.57,36498.00,43308.00,44895.71,48170.00,50592.00,55434.00
平均工资:在岗职工:吉林:白城市,人民币,17666.20364,195796431.8,13992.72782,0.990015068,-0.024120634,0.792061957,3672,49749,12867.965,22,,,,,,,,,,,,,,,,,,,,,,,,,,3672.00,3768.00,4796.00,5008.00,5597.00,4761.51,7562.41,8408.42,8640.63,9940.83,11835.40,13900.53,16128.41,17943.20,20671.83,24336.31,26649.00,29043.00,32133.00,39493.00,44619.00,49749.00
平均工资:在岗职工:黑龙江:哈尔滨市,人民币,26716.60318,404748156.3,20118.35372,0.744127434,-0.71349659,0.753028129,4657,67542,20441.87,22,,,,,,,,,,,,,,,,,,,,,,,,,,4657.00,5118.00,6603.00,7577.00,8420.00,9618.28,10335.41,12451.37,13981.00,16468.67,18779.71,22104.03,25525.67,29250.71,32411.10,36449.88,40720.00,47210.34,51554.10,58405.00,62583.00,67542.00
平均工资:在岗职工:黑龙江:齐齐哈尔市,人民币,19949.79762,218542995.9,14783.19979,0.803061305,-0.594433186,0.741020038,3988,50558,14216.72,21,,,,,,,,,,,,,,,,,,,,,,,,,,3988.00,4135.00,5657.00,6022.00,7358.00,8375.93,9410.68,10080.01,10408.19,12572.19,14216.72,16503.80,21934.07,21371.89,27054.41,30688.61,33052.00,36355.00,42193.25,47011.00,50558.00,
平均工资:在岗职工:黑龙江:鸡西市,人民币,21289.84045,254360385.8,15948.67975,0.650733039,-0.900305584,0.749121619,3961,54626,15659.61,22,,,,,,,,,,,,,,,,,,,,,,,,,,3961.00,4194.00,5269.00,5304.00,6335.00,7352.76,9651.48,8662.34,9499.80,15186.04,14984.42,16133.18,18783.83,23437.59,28841.50,31138.15,38307.00,38523.32,40429.08,39891.00,47866.00,54626.00
平均工资:在岗职工:黑龙江:鹤岗市,人民币,22063.39591,270003612,16431.78663,0.489911853,-1.198035779,0.744753287,3957,54001,18519.02,22,,,,,,,,,,,,,,,,,,,,,,,,,,3957.00,4451.00,5244.00,5552.00,4656.00,6908.44,7716.74,8226.31,10684.68,13449.87,18479.60,18558.44,22793.96,25247.50,29366.76,37525.83,39205.00,39937.93,39621.65,41066.00,48745.00,54001.00
平均工资:在岗职工:黑龙江:双鸭山市,人民币,19353.77,292023029.8,17088.68134,1.103860914,-0.098983945,0.882963957,3259,58133,12551.8,22,,,,,,,,,,,,,,,,,,,,,,,,,,3421.00,3259.00,4320.00,5492.00,10242.00,6026.02,6717.51,7342.36,6464.29,11378.66,13396.13,15933.92,11707.47,16077.45,17208.18,17208.18,37223.00,40293.18,39115.59,42176.00,52648.00,58133.00
平均工资:在岗职工:黑龙江:大庆市,人民币,35742.29591,513252653.8,22655.08009,0.493023076,-1.272959109,0.633845127,8763,74583,28330.605,22,,,,,,,,,,,,,,,,,,,,,,,,,,8763.00,9474.00,11177.00,13109.00,14265.00,15803.67,17679.66,19702.05,22616.80,24524.38,26980.53,29680.68,34151.87,41372.77,45688.45,49539.34,55945.00,64305.04,67671.27,66839.00,72459.00,74583.00
平均工资:在岗职工:黑龙江:伊春市,人民币,14210.22905,148308768.6,12178.20876,0.953992737,-0.507275007,0.857002988,2668,38713,7378.07,21,,,,,,,,,,,,,,,,,,,,,,,,,,2668.00,2715.00,3712.00,4189.00,4630.00,5197.21,5656.28,5919.71,6207.11,6409.73,7378.07,9523.21,12116.04,,15986.25,18514.42,24439.00,24786.31,27205.47,35656.00,36793.00,38713.00
平均工资:在岗职工:黑龙江:佳木斯市,人民币,20944.64545,268384869.4,16382.45615,0.728731571,-0.801868542,0.782178728,3949,54018,13818.6,22,,,,,,,,,,,,,,,,,,,,,,,,,,3949.00,3955.00,4989.00,5655.00,6292.00,6588.52,7010.86,9088.43,10560.00,11293.10,12730.78,14906.42,21876.69,23220.39,27032.99,30469.84,34611.00,36018.76,39518.42,46978.00,50020.00,54018.00
平均工资:在岗职工:黑龙江:七台河市,人民币,21330.73476,269674047.8,16421.75532,0.621352883,-1.144506118,0.769863556,4860,53467,14279.86,21,,,,,,,,,,,,,,,,,,,,,,,,,,5007.00,4860.00,5433.00,5958.00,6058.00,6287.53,7713.83,9335.19,10281.89,12352.55,14279.86,16530.83,21754.09,,28718.69,33398.10,37682.00,39174.07,39657.80,41301.00,48695.00,53467.00
平均工资:在岗职工:黑龙江:牡丹江市,人民币,20190.71762,245120314.1,15656.31866,0.869463481,-0.407594422,0.775421605,3836,55054,13363.37,21,,,,,,,,,,,,,,,,,,,,,,,,,,3836.00,4134.00,5392.00,6021.00,6785.00,7883.95,8436.38,9491.98,10851.24,11793.70,13363.37,16902.60,19498.01,23639.49,27432.12,31026.89,34487.00,38285.51,42278.83,47412.00,55054.00,
平均工资:在岗职工:黑龙江:黑河市,人民币,17578.15476,223618062.5,14953.86447,1.226115474,0.744721689,0.850707294,4019,52329,13445.24,21,,,,,,,,,,,,,,,,,,,,,,,,,,4019.00,4041.00,4607.00,4839.00,4869.00,5031.13,6723.96,6611.95,7210.22,11924.33,13445.24,16606.88,19537.33,18347.47,20228.42,19176.07,30943.00,33280.79,33948.46,,51422.00,52329.00
平均工资:在岗职工:黑龙江:绥化市,人民币,20389.53722,183219989.4,13535.87786,0.810879791,-0.420595404,0.663863908,5946,48316,16878.085,18,,,,,,,,,,,,,,,,,,,,,,,,,,,,,,5946.00,6579.68,7484.12,7810.32,8455.81,9533.96,10549.06,13348.00,15973.49,17782.68,20407.21,23034.32,27128.00,30313.34,33575.68,35229.00,45545.00,48316.00
平均工资:在岗职工:上海,人民币,37423.18182,1504563530,38788.70363,1.006574377,-0.167893185,1.036488662,1344,130765,21781,33,,,,,,,,,,,,,,,1344.00,1593.00,1893.00,2276.00,2608.00,2917.00,3375.00,4273.00,5646.00,7405.00,9279.00,10663.00,11425.00,13580.00,16641.00,18531.00,21781.00,23959.00,27304.00,30085.00,34345.00,41188.00,49310.00,56565.00,63549.00,71874.00,77031.00,80191.00,91477.00,100623.00,100966.00,120503.00,130765.00
平均工资:在岗职工:江苏:南京市,人民币,40858.44453,799378419.9,28273.28103,0.713037258,-0.557145187,0.691981336,8013,101502,34183.345,22,,,,,,,,,,,,,,,,,,,,,,,,,,8013.00,8847.00,10661.00,11931.00,13913.00,16574.40,19147.14,22190.22,26063.35,29343.76,32459.49,35907.20,39877.53,43623.21,48781.69,54711.85,60404.16,66382.52,77286.26,81075.00,90191.00,101502.00
平均工资:在岗职工:江苏:无锡市,人民币,37549.76016,679681580.9,26070.7035,0.626564007,-0.788827866,0.69429747,8059,89551,32017.12,22,,,,,,,,,,,,,,,,,,,,,,,,,,8059.00,8612.00,9744.00,10721.00,11984.00,13781.07,15796.43,18928.40,22125.09,25603.98,29658.58,34375.66,38846.00,43346.97,47004.39,51516.54,56883.07,60581.57,68025.97,76019.00,84931.00,89551.00
平均工资:在岗职工:江苏:徐州市,人民币,27389.24067,344883014.1,18571.0262,0.556299206,-1.044163982,0.678040929,6280,63917,22803.86,22,,,,,,,,,,,,,,,,,,,,,,,,,,6280.00,6520.00,7717.00,8447.00,9340.00,10501.57,11887.43,13552.00,15808.57,18850.49,21896.83,23710.89,26822.62,31175.86,34244.07,39489.99,44070.14,47014.91,49778.92,54310.00,57228.00,63917.00
平均工资:在岗职工:江苏:常州市,人民币,36100.35204,666197070.2,25810.79368,0.64078982,-1.00174987,0.714973462,7983,84744,28484.9,22,,,,,,,,,,,,,,,,,,,,,,,,,,7983.00,8507.00,9571.00,10515.00,11541.00,13108.50,14906.69,17257.58,19984.23,22992.57,26556.98,30412.82,34836.16,39221.83,44211.39,49754.85,55763.55,73034.51,67397.08,70850.00,81058.00,84744.00
平均工资:在岗职工:江苏:苏州市,人民币,36485.62056,633076276.4,25161.00706,0.615679155,-0.860087572,0.689614338,7742,87350,29706.885,22,,,,,,,,,,,,,,,,,,,,,,,,,,7742.00,8443.00,9616.00,10582.00,11778.00,13670.61,15923.33,19790.67,22510.32,25015.21,28010.06,31403.71,36088.71,40262.16,45567.59,51658.96,57622.36,60531.68,66956.28,72291.00,79870.00,87350.00
平均工资:在岗职工:江苏:南通市,人民币,31417.74331,553601109.3,23528.72945,0.633901753,-1.048542173,0.748899411,6232,75315,23804.015,22,,,,,,,,,,,,,,,,,,,,,,,,,,6232.00,6664.00,7438.00,8311.00,9247.00,10588.34,12109.26,13546.72,15903.70,18512.40,21660.87,25947.16,30854.01,35221.70,39445.86,44570.66,49398.93,58653.30,63292.44,66535.00,71743.00,75315.00
平均工资:在岗职工:江苏:连云港市,人民币,26751.67515,418738937,20463.11162,0.713857838,-0.791027999,0.764928234,5175,69726,19622.735,22,,,,,,,,,,,,,,,,,,,,,,,,,,5175.00,5578.00,6548.00,7083.00,8005.00,8980.81,10076.49,11261.97,12714.62,15042.05,17760.33,21485.14,26495.23,29551.08,33837.43,38816.04,44123.73,46246.81,52614.12,56154.00,61262.00,69726.00
平均工资:在岗职工:江苏:淮安市,人民币,25609.1378,387759641.8,19691.61349,0.700155066,-0.912870857,0.768929186,4647,64631,18214.925,22,,,,,,,,,,,,,,,,,,,,,,,,,,4647.00,4988.00,6133.00,7076.00,7978.00,8948.55,9853.77,10803.48,12171.02,14135.02,16589.65,19840.20,23995.63,28178.95,32781.87,36984.17,41966.16,45522.74,51302.82,55232.00,59642.00,64631.00
平均工资:在岗职工:江苏:盐城市,人民币,24705.9075,364787276.4,19099.40513,0.766770258,-0.752441944,0.773070373,4922,64280,17268.8,22,,,,,,,,,,,,,,,,,,,,,,,,,,4922.00,5395.00,5722.00,6977.00,7739.00,8609.86,9691.29,10618.35,11951.14,13648.75,15688.55,18849.05,22382.15,26675.34,30462.78,35498.32,40356.69,44271.89,48140.80,53445.00,58205.00,64280.00
平均工资:在岗职工:江苏:扬州市,人民币,29372.89682,465387159.5,21572.83383,0.737880311,-0.808124578,0.734446928,6443,71663,22564.275,22,,,,,,,,,,,,,,,,,,,,,,,,,,6443.00,6827.00,7669.00,8637.00,9732.00,10762.77,12006.41,13801.51,15733.36,18163.11,20844.52,24284.03,27321.15,30607.89,35432.99,40284.24,44689.00,52658.51,57141.24,63891.00,67611.00,71663.00
平均工资:在岗职工:江苏:镇江市,人民币,31048.88053,483251249.8,21982.97636,0.664013965,-0.850886708,0.708011883,6669,75315,24974.685,22,,,,,,,,,,,,,,,,,,,,,,,,,,6669.00,7155.00,8184.00,9294.00,10276.00,11742.68,13195.70,15263.55,17382.93,19891.18,22923.49,27025.88,30957.19,34205.48,37675.27,42660.39,47626.22,54751.11,58640.30,63367.00,68874.00,75315.00
平均工资:在岗职工:江苏:泰州市,人民币,26598.26233,408471508.2,20210.67807,0.66249456,-0.984484047,0.759849565,5066,65509,19288.825,22,,,,,,,,,,,,,,,,,,,,,,,,,,5066.00,5466.00,6390.00,7042.00,7817.00,9062.55,10057.54,11423.26,13190.02,15091.75,17310.47,21267.18,25733.51,29799.35,34490.32,38326.15,42985.36,46791.99,53399.32,57874.00,61069.00,65509.00
平均工资:在岗职工:江苏:宿迁市,人民币,22965.41955,339596860.5,18428.15402,0.807899923,-0.766557676,0.802430541,4325,59740,15451.065,22,,,,,,,,,,,,,,,,,,,,,,,,,,4325.00,4593.00,5621.00,6190.00,6813.00,7940.20,8700.72,9286.06,10339.74,12113.88,14051.61,16850.52,19987.27,23811.92,27612.79,31995.59,36624.00,43244.86,47393.07,52161.00,55844.00,59740.00
平均工资:在岗职工:浙江:杭州市,人民币,40314.90591,692767017.2,26320.46765,0.657457603,-0.508064948,0.652871861,7966,96670,34495.975,22,,,,,,,,,,,,,,,,,,,,,,,,,,7966.00,9178.00,10555.00,12187.00,14313.00,18319.24,21417.64,24666.88,28891.25,30578.50,32791.95,36200.00,40193.08,43946.59,48771.90,54408.46,56417.00,63664.00,70823.44,77816.00,87153.00,96670.00
平均工资:在岗职工:浙江:宁波市,人民币,38334.92045,620747840.3,24914.81167,0.770972849,-0.438584487,0.6499247,8507,91705,30968.505,22,,,,,,,,,,,,,,,,,,,,,,,,,,8507.00,9674.00,11330.00,13259.00,15512.00,19088.58,21123.38,23691.30,25823.13,29045.01,28949.07,32892.00,35834.54,39139.00,43476.23,49756.38,55031.00,60659.00,70227.63,74989.00,83656.00,91705.00
平均工资:在岗职工:浙江:温州市,人民币,32123.43727,460516808.2,21459.65536,0.733774458,-0.708989735,0.668037333,7054,75881,24381.345,22,,,,,,,,,,,,,,,,,,,,,,,,,,7054.00,8013.00,10105.00,11145.00,12497.00,15173.58,17242.11,18912.94,19576.24,21686.26,23022.69,25740.00,29594.00,33893.00,37610.00,42344.12,48254.00,54590.00,59900.68,64412.00,70069.00,75881.00
平均工资:在岗职工:浙江:嘉兴市,人民币,32492.13364,518240346.4,22764.89285,0.875639127,-0.284556899,0.700627823,6804,82934,24254.005,22,,,,,,,,,,,,,,,,,,,,,,,,,,6804.00,7602.00,8650.00,9956.00,12149.00,15355.27,17876.64,20777.35,20700.97,20647.32,22625.01,25883.00,29219.00,31965.00,36319.00,42985.78,47598.00,52945.00,60309.60,67689.00,73836.00,82934.00
平均工资:在岗职工:浙江:湖州市,人民币,31130.01318,407085076.8,20176.34944,0.584576451,-0.734286862,0.648131735,6776,72335,27047.06,22,,,,,,,,,,,,,,,,,,,,,,,,,,6776.00,7288.00,8032.00,9014.00,10343.00,13046.65,16650.54,19971.13,22024.66,23874.10,26041.12,28053.00,31455.00,33843.00,36485.42,41106.89,45933.00,49890.00,56445.78,61201.00,65051.00,72335.00
平均工资:在岗职工:浙江:绍兴市,人民币,30676.84955,347359326.6,18637.57835,0.536033399,-0.836569484,0.607545384,7402,67489,28360.575,22,,,,,,,,,,,,,,,,,,,,,,,,,,7402.00,8342.00,9168.00,10212.00,11461.00,14730.83,16861.63,19693.95,21579.85,24630.06,26914.15,29807.00,30636.13,32502.00,35124.47,39808.40,44609.00,49033.00,54764.22,58728.00,61394.00,67489.00
平均工资:在岗职工:浙江:金华市,人民币,32822.92545,483944535,21998.7394,0.806674698,-0.183709722,0.670224823,6521,82199,26839.46,22,,,,,,,,,,,,,,,,,,,,,,,,,,6521.00,7314.00,8410.00,10201.00,12385.00,15704.44,17542.27,20554.82,23261.96,24018.30,25040.92,28638.00,31594.00,34768.70,39467.00,42863.91,44349.00,51721.00,55806.04,66782.00,72962.00,82199.00
平均工资:在岗职工:浙江:衢州市,人民币,36351.09,708991398.7,26626.8924,0.822271448,-0.168051427,0.732492269,6302,96843,30424.285,22,,,,,,,,,,,,,,,,,,,,,,,,,,6302.00,7026.00,7899.00,9033.00,10686.00,14094.84,16031.66,18571.34,22501.65,26462.86,28663.57,32185.00,35929.87,39106.00,44067.00,50047.06,52681.00,55543.00,65076.13,75447.00,85527.00,96843.00
平均工资:在岗职工:浙江:舟山市,人民币,37162.81727,680968636.7,26095.37577,0.669208519,-0.686307096,0.70219046,7456,93018,30511.745,22,,,,,,,,,,,,,,,,,,,,,,,,,,7456.00,8369.00,9210.00,10389.00,11504.00,14735.48,16690.33,18777.29,22250.33,25368.10,28443.49,32580.00,38714.00,40560.00,43642.00,52905.71,57294.00,61680.00,68967.25,74717.00,80311.00,93018.00
平均工资:在岗职工:浙江:台州市,人民币,32967.67818,358821446.6,18942.58289,0.37049248,-0.811484722,0.574580436,7068,70825,32501.86,22,,,,,,,,,,,,,,,,,,,,,,,,,,7068.00,8208.00,9887.00,11343.00,13206.00,16232.02,18834.07,20997.42,24881.90,31079.60,31945.72,33058.00,34126.00,36822.00,40562.00,42198.16,46630.00,50515.00,54839.03,57215.00,64816.00,70825.00
平均工资:在岗职工:浙江:丽水市,人民币,42883.10389,637144383.2,25241.7191,0.593999709,-0.691626476,0.588616887,10316,92581,38678.5,18,,,,,,,,,,,,,,,,,,,,,,,,,,,,,,10316.00,13410.53,15947.86,18621.45,22917.46,24956.49,27349.36,31206.00,36233.00,41124.00,44979.00,49070.73,55003.00,59783.00,66100.99,77238.00,85058.00,92581.00
平均工资:在岗职工:安徽:合肥市,人民币,31069.56227,542889338.9,23299.98581,0.65202276,-0.915409166,0.749929645,5851,77484,23890.27,22,,,,,,,,,,,,,,,,,,,,,,,,,,5851.00,6254.00,7314.00,7818.00,8881.00,10132.98,11944.35,13901.19,16420.10,19030.15,21906.84,25873.70,30401.18,34143.62,39290.84,45442.22,50722.00,54210.78,59648.42,65806.00,71054.00,77484.00
平均工资:在岗职工:安徽:芜湖市,人民币,27667.20727,417598608.2,20435.22959,0.584295963,-1.10737435,0.738608324,5550,66884,20968.38,22,,,,,,,,,,,,,,,,,,,,,,,,,,5550.00,6193.00,7492.00,8061.00,8255.00,8695.41,9322.16,11398.17,14165.54,16177.41,18972.04,22964.72,28053.37,32157.32,36593.68,41946.53,47706.00,44811.98,54522.23,57372.00,61385.00,66884.00
平均工资:在岗职工:安徽:蚌埠市,人民币,23733.39091,327314362.5,18091.83137,0.755389697,-0.716580675,0.762294417,4783,61191,17872.305,22,,,,,,,,,,,,,,,,,,,,,,,,,,4783.00,5043.00,6056.00,6448.00,6967.00,7929.37,9010.18,10263.72,12282.19,13979.99,15982.78,19761.83,22347.91,25512.23,28706.94,33059.00,38061.00,42434.00,45369.46,51146.00,55800.00,61191.00
平均工资:在岗职工:安徽:淮南市,人民币,32135.83091,540746614.5,23253.95911,0.243384353,-1.566013015,0.723614684,5858,71218,29429.705,22,,,,,,,,,,,,,,,,,,,,,,,,,,5858.00,6056.00,6014.00,6021.00,6824.00,8089.13,10187.07,11816.93,16973.18,22656.16,27491.87,31367.54,37551.57,40022.26,45863.17,51909.92,57559.00,58597.11,61775.37,59424.00,63713.00,71218.00
平均工资:在岗职工:安徽:马鞍山市,人民币,32451.67182,466238294.5,21592.55183,0.413391834,-1.129815925,0.665375638,7335,74921,29089.935,22,,,,,,,,,,,,,,,,,,,,,,,,,,7335.00,7552.00,8310.00,8548.00,9489.00,11136.01,13638.16,16250.69,20948.14,24001.20,26289.70,31890.17,35991.14,38223.88,42964.81,45737.79,51164.00,55296.95,59096.14,60093.00,65060.00,74921.00
平均工资:在岗职工:安徽:淮北市,人民币,28189.12091,427935731.3,20686.60754,0.352689159,-1.587855911,0.733850751,6170,64335,21998.46,22,,,,,,,,,,,,,,,,,,,,,,,,,,6170.00,6298.00,6326.00,6749.00,7076.00,7750.98,9512.72,10613.91,13381.86,15810.72,18671.32,25325.60,30020.36,35561.98,43009.75,50070.24,57012.00,52378.26,52683.96,51096.00,50307.00,64335.00
平均工资:在岗职工:安徽:铜陵市,人民币,27614.72091,425367046.4,20624.42839,0.55199013,-1.219929159,0.746863546,5873,65944,21335.825,22,,,,,,,,,,,,,,,,,,,,,,,,,,5873.00,6102.00,6819.00,7153.00,7766.00,8591.67,9894.93,10983.25,12761.71,15826.68,19288.42,23383.23,27593.82,31025.50,36641.39,42796.05,47634.00,49065.66,54336.55,56543.00,61501.00,65944.00
平均工资:在岗职工:安徽:安庆市,人民币,22746.98318,306993539.7,17521.23111,0.719737478,-0.832597131,0.770266148,4583,58310,16951.095,22,,,,,,,,,,,,,,,,,,,,,,,,,,4583.00,5033.00,5494.00,5881.00,6458.00,7262.27,8381.52,9635.57,11207.32,12519.72,14712.10,19190.09,22108.86,24024.27,27985.87,33093.25,38197.00,39330.21,44270.58,49802.00,52954.00,58310.00
平均工资:在岗职工:安徽:黄山市,人民币,25393.00818,386404567.9,19657.17599,0.794388969,-0.503174692,0.774117657,4677,68668,19682.205,22,,,,,,,,,,,,,,,,,,,,,,,,,,4677.00,5128.00,5735.00,6263.00,6913.00,8380.80,10233.99,10924.17,12716.97,15103.52,17623.82,21740.59,24490.97,27054.87,30660.23,35933.92,40889.00,43276.39,47770.94,55137.00,59325.00,68668.00
平均工资:在岗职工:安徽:滁州市,人民币,24355.03227,434363307.6,20841.38449,0.849937902,-0.651795595,0.855732165,4404,67264,15912.05,22,,,,,,,,,,,,,,,,,,,,,,,,,,4404.00,4748.00,5195.00,5646.00,5924.00,6594.24,7319.90,8459.61,10062.15,12170.41,14072.47,17751.63,21485.76,24276.69,28533.71,34877.71,41841.00,45198.03,50795.40,56336.00,62855.00,67264.00
平均工资:在岗职工:安徽:阜阳市,人民币,22015.98909,313897279.9,17717.14649,0.833075313,-0.573647271,0.804739974,4422,59637,15685.16,22,,,,,,,,,,,,,,,,,,,,,,,,,,4422.00,5003.00,5333.00,5733.00,5733.00,6480.40,8107.75,8552.38,9727.38,11981.58,13794.46,17575.86,20382.72,22158.63,26275.23,32480.51,35924.00,39474.53,42288.33,48583.00,54704.00,59637.00
平均工资:在岗职工:安徽:宿州市,人民币,23380.1995,274017222.5,16553.46557,0.500665834,-1.061988239,0.708012161,4818,55971,20351.55,20,,,,,,,,,,,,,,,,,,,,,,,,,,,,4818.00,5180.00,5479.00,6136.19,7323.86,8146.58,10572.18,12253.23,14331.14,18299.59,22403.51,24684.34,28682.14,34368.09,38336.00,36597.08,39008.06,45658.00,49356.00,55971.00
平均工资:在岗职工:安徽:巢湖市,人民币,15003.22833,71963435.95,8483.126543,0.72407899,-0.874312509,0.565420079,5770,30322.23,12189.445,12,,,,,,,,,,,,,,,,,,,,,,,,,,,,,5770.00,6356.00,7432.14,8789.00,10034.19,11471.99,12906.90,15588.94,19873.96,24247.68,27245.71,30322.23,,,,,,,
平均工资:在岗职工:安徽:六安市,人民币,25320.69263,358847509.3,18943.27082,0.807765398,-0.470073368,0.74813399,4936,65070,20838.37,19,,,,,,,,,,,,,,,,,,,,,,,,,,,,,4936.00,6133.00,6566.70,7679.87,8312.74,10216.04,11537.40,13250.69,17400.65,20838.37,24000.10,27084.43,27489.52,36922.00,40278.96,42915.69,51354.00,59107.00,65070.00
平均工资:在岗职工:安徽:亳州市,人民币,25972.07167,315822585,17771.39795,0.455834829,-1.33444158,0.684250305,5692,56530,21637.09,18,,,,,,,,,,,,,,,,,,,,,,,,,,,,,,5692.00,6112.24,7426.99,7995.76,9706.60,11138.18,13324.01,17118.75,20323.46,22950.72,26779.46,31756.89,38425.00,52395.83,42191.40,47338.00,50292.00,56530.00
平均工资:在岗职工:安徽:池州市,人民币,28406.53222,321491818.3,17930.19292,0.413266826,-1.161585126,0.63119964,6513,62289,25503.695,18,,,,,,,,,,,,,,,,,,,,,,,,,,,,,,6513.00,7813.60,8824.70,10195.53,12015.06,14030.07,16145.10,18467.59,23410.96,27596.43,31293.52,37501.18,42243.00,41999.33,46178.51,49733.00,55068.00,62289.00
平均工资:在岗职工:安徽:宣城市,人民币,32005.50444,433937825.6,20831.17437,0.400334806,-1.351962813,0.650862242,7088,68012,27983.19,18,,,,,,,,,,,,,,,,,,,,,,,,,,,,,,7088.00,8281.15,9654.37,10595.78,12797.97,15090.59,17471.72,21548.95,26795.90,29170.48,33487.15,39394.82,46426.00,56664.58,53633.62,56767.00,63219.00,68012.00
平均工资:在岗职工:福建:福州市,人民币,30260.57227,470489401.9,21690.76767,0.768860933,-0.747178662,0.716799652,6454,75133,22307.81,22,,,,,,,,,,,,,,,,,,,,,,,,,,6454.00,7599.00,8772.00,9780.00,11102.00,12760.53,14045.32,15052.76,16585.30,18193.99,20665.14,23950.48,27521.06,30704.44,34804.48,42240.09,48089.00,53333.00,58839.00,62478.00,67630.00,75133.00
平均工资:在岗职工:福建:厦门市,人民币,34043.11591,431533272.8,20773.37895,0.666357721,-0.928039384,0.61020792,10823,75452,27251.3,22,,,,,,,,,,,,,,,,,,,,,,,,,,10823.00,11822.00,12239.00,14010.00,15279.00,16676.80,17850.99,19023.57,20540.09,22578.13,25543.42,28959.18,32343.50,36454.99,40282.94,46413.94,52526.00,55864.00,60729.00,64319.00,69218.00,75452.00
平均工资:在岗职工:福建:莆田市,人民币,24645.56136,325338595.8,18037.14489,0.78604767,-0.869235606,0.7318618,5549,59358,16894.03,22,,,,,,,,,,,,,,,,,,,,,,,,,,5549.00,6666.00,7402.00,8321.00,9146.00,10456.20,11330.55,11698.72,12652.40,13511.44,15492.12,18295.94,21856.98,24654.05,27814.62,34081.33,40056.00,43963.00,51001.00,52385.00,56511.00,59358.00
平均工资:在岗职工:福建:三明市,人民币,27299.78364,400031338.4,20000.78344,0.886055951,-0.406893487,0.732635237,6361,71555,19884.815,22,,,,,,,,,,,,,,,,,,,,,,,,,,6361.00,7217.00,8019.00,8531.00,9394.00,11107.91,12555.97,13962.43,15052.92,16204.06,18412.07,21357.56,24181.91,27379.49,30603.08,37601.84,41941.00,46552.00,52087.00,57807.00,62712.00,71555.00
平均工资:在岗职工:福建:泉州市,人民币,25636.00682,322050275.1,17945.75925,0.777791095,-0.815817814,0.700021629,6383,61253,18750.765,22,,,,,,,,,,,,,,,,,,,,,,,,,,6383.00,7431.00,8133.00,9043.00,9708.00,10667.19,12149.95,13131.76,14464.48,15799.44,17588.24,19913.29,22225.19,25272.65,28907.87,35901.09,41117.00,44895.00,48823.00,54044.00,57141.00,61253.00
平均工资:在岗职工:福建:漳州市,人民币,25359.25636,399007628.8,19975.17531,0.845355347,-0.691549143,0.787687739,5179,66483,16495.62,22,,,,,,,,,,,,,,,,,,,,,,,,,,5179.00,5862.00,6585.00,7362.00,8234.00,9560.94,10281.98,11078.41,11964.81,13336.76,14967.06,18024.18,22272.74,24710.36,29537.45,34899.95,42137.00,46610.00,51495.00,56237.00,61085.00,66483.00
平均工资:在岗职工:福建:南平市,人民币,24930.765,360268849.8,18980.74945,0.846925863,-0.591857035,0.761338429,5178,64347,17671.585,22,,,,,,,,,,,,,,,,,,,,,,,,,,5178.00,5817.00,6426.00,7207.00,8504.00,9645.83,11024.37,11929.06,12167.26,14175.53,16280.05,19063.12,22372.07,25269.86,28320.61,33750.07,39822.00,44003.00,48562.00,55076.00,59537.00,64347.00
平均工资:在岗职工:福建:龙岩市,人民币,26154.08318,352487346.8,18774.64638,0.757184933,-0.746462754,0.717847621,5519,64211,19216.75,22,,,,,,,,,,,,,,,,,,,,,,,,,,5519.00,6266.00,7107.00,8194.00,9177.00,10979.69,12465.59,13442.32,14806.54,15384.31,17862.15,20571.35,24053.28,27642.91,30834.46,35552.23,41168.00,45845.00,49541.00,55438.00,59329.00,64211.00
平均工资:在岗职工:福建:宁德市,人民币,30863.63944,377155422.9,19420.48977,0.607994188,-1.001667637,0.629235246,8694,68669,25217.695,18,,,,,,,,,,,,,,,,,,,,,,,,,,,,,,8694.00,10505.37,12084.68,12973.73,13957.16,14995.39,16446.40,18615.17,23307.93,27127.46,31296.86,38311.06,43504.30,47020.00,50103.00,56625.00,61309.00,68669.00
平均工资:在岗职工:江西:南昌市,人民币,28180.18182,436230007.5,20886.11997,0.75325787,-0.56930294,0.741163421,5360,72686,22086.11,22,,,,,,,,,,,,,,,,,,,,,,,,,,5360.00,5487.00,6600.00,7725.00,8756.00,9952.62,11730.92,13912.77,15589.09,18045.55,20285.67,23886.55,26960.51,30449.86,35037.98,39816.23,43769.02,46744.10,51848.13,59509.00,65812.00,72686.00
平均工资:在岗职工:江西:景德镇市,人民币,20810.76364,272251983.7,16500.06011,0.871161868,-0.455879846,0.792861829,3741,57191,14722.745,22,,,,,,,,,,,,,,,,,,,,,,,,,,4189.00,3741.00,4937.00,5526.00,6001.00,7089.00,8150.65,9576.86,10889.58,11870.21,13102.58,16342.91,18645.56,20527.24,23247.17,29046.82,34034.43,37323.55,41124.24,45372.00,49909.00,57191.00
平均工资:在岗职工:江西:萍乡市,人民币,22486.25955,291510280.5,17073.67215,0.906634221,-0.265355811,0.759293564,5052,61464,16879.915,22,,,,,,,,,,,,,,,,,,,,,,,,,,5052.00,5187.00,5978.00,6675.00,7183.00,7878.98,8675.55,10343.99,12334.00,14754.68,15507.76,18252.07,20440.03,22169.15,25337.92,31025.10,34182.16,38416.32,43352.00,48100.00,52389.00,61464.00
平均工资:在岗职工:江西:九江市,人民币,21978.1,331510060.6,18207.41774,0.980041515,-0.267243522,0.828434566,4038,61938,14732.025,22,,,,,,,,,,,,,,,,,,,,,,,,,,4038.00,4608.00,5222.00,5998.00,6236.00,6864.79,8292.89,9757.53,10618.69,12221.00,13591.54,15872.51,17795.58,21053.30,24746.15,29456.00,33894.94,39513.00,44404.28,51065.00,56331.00,61938.00
平均工资:在岗职工:江西:新余市,人民币,24944.45182,321550021.1,17931.81589,0.567899759,-1.069024824,0.718869912,4670,59185,20544.33,22,,,,,,,,,,,,,,,,,,,,,,,,,,4713.00,4670.00,5853.00,7173.00,8259.00,9032.46,10404.94,11404.51,13282.89,14933.19,18389.91,22698.75,26301.10,27083.40,31439.60,35370.00,42230.54,42640.85,47471.80,51639.00,54602.00,59185.00
平均工资:在岗职工:江西:鹰潭市,人民币,23727.49045,364361033.6,19088.24333,1.063735195,-0.092315947,0.804477969,4385,65632,16548.415,22,,,,,,,,,,,,,,,,,,,,,,,,,,4443.00,4385.00,6363.00,7530.00,8730.00,9262.13,10073.44,11448.45,12929.42,14622.99,16392.27,16704.56,18317.41,20392.32,23443.00,30685.35,34844.38,41304.90,47283.17,57623.00,59595.00,65632.00
平均工资:在岗职工:江西:赣州市,人民币,24423.43368,319108168.1,17863.59897,0.818216017,-0.682762271,0.731412266,5578,60337,18421.91,19,,,,,,,,,,,,,,,,,,,,,,,,,,,,,5578.00,6609.00,7571.05,8552.07,9311.72,9997.43,11828.19,13122.20,16228.64,18421.91,20561.98,23600.56,27850.86,32872.31,40923.80,45112.52,50313.00,55253.00,60337.00
平均工资:在岗职工:江西:吉安市,人民币,24506.85111,283563441.8,16839.34208,0.676490569,-0.962475205,0.687127939,6081,56109,19823.45,18,,,,,,,,,,,,,,,,,,,,,,,,,,,,,,6081.00,7208.79,7917.24,8773.45,9858.92,11316.52,12243.05,15324.97,19036.06,20610.84,23096.94,27262.49,33211.58,39300.85,43168.62,48201.00,52402.00,56109.00
平均工资:在岗职工:江西:宜春市,人民币,24444.62278,240940005.2,15522.24227,0.585619315,-0.99590705,0.634996188,6229,53568,21515.31,18,,,,,,,,,,,,,,,,,,,,,,,,,,,,,,6229.00,7387.71,8548.67,9256.39,10918.54,12749.31,13984.37,15988.44,19081.46,23949.16,24190.00,27292.96,32740.60,37752.78,41421.82,45330.00,49614.00,53568.00
平均工资:在岗职工:江西:抚州市,人民币,24197.40889,330940216.4,18191.76232,0.793652615,-0.854771296,0.751806212,6008,59542,16833.51,18,,,,,,,,,,,,,,,,,,,,,,,,,,,,,,6008.00,6897.55,7541.09,8111.65,8732.58,9876.99,10994.92,13694.26,15461.92,18205.10,21421.17,26341.33,32637.89,40311.67,45646.24,49522.00,54607.00,59542.00
平均工资:在岗职工:江西:上饶市,人民币,25057.78278,306422300.4,17504.92218,0.723281507,-0.87162093,0.698582246,5437,58376,19270.495,18,,,,,,,,,,,,,,,,,,,,,,,,,,,,,,5437.00,6968.34,8017.44,9374.01,10362.50,11830.86,13420.44,15838.23,17782.00,20758.99,23134.61,27401.70,33104.57,40937.15,43560.25,50414.00,54322.00,58376.00
平均工资:在岗职工:山东:济南市,人民币,32648.95364,581798844.2,24120.50672,0.82908221,-0.452510479,0.738783453,7031,84645,24479.715,22,,,,,,,,,,,,,,,,,,,,,,,,,,7031.00,7892.00,8327.00,9083.00,10422.00,11979.98,14395.53,16026.54,17980.90,20865.50,22305.51,26653.92,31599.81,35661.31,37853.89,44004.45,48829.04,54389.00,62322.60,68997.00,77012.00,84645.00
平均工资:在岗职工:山东:青岛市,人民币,32356.795,581367407.1,24111.56169,0.82590107,-0.499673052,0.745177688,6641,83539,25271.12,22,,,,,,,,,,,,,,,,,,,,,,,,,,6641.00,7030.00,8125.00,9290.00,10178.00,12720.59,14113.80,15335.29,17263.76,20021.01,23458.00,27084.24,30234.51,33257.15,37803.49,43161.52,49052.31,55363.00,62096.82,69465.00,76616.00,83539.00
平均工资:在岗职工:山东:淄博市,人民币,27401.25864,380747180.8,19512.74406,0.702373659,-0.780001626,0.712111233,6200,67003,21597.39,22,,,,,,,,,,,,,,,,,,,,,,,,,,6200.00,6416.00,7188.00,8151.00,9302.00,10532.55,12020.78,13403.81,15083.33,17166.39,19929.42,23265.36,26341.65,29949.86,33896.67,37943.89,41998.59,47182.00,51143.39,56782.00,61928.00,67003.00
平均工资:在岗职工:山东:枣庄市,人民币,24171.68364,310311957.2,17615.67362,0.61006796,-1.032036716,0.728773133,5824,58353,18974.265,22,,,,,,,,,,,,,,,,,,,,,,,,,,5824.00,6005.00,6137.00,6333.00,6874.00,7668.13,9190.51,10508.81,12870.78,14832.44,16833.72,21114.81,24682.10,26987.79,30440.82,34977.84,38990.98,42497.00,47189.31,49673.00,53793.00,58353.00
平均工资:在岗职工:山东:东营市,人民币,34839.92591,456748469.9,21371.67447,0.641111821,-0.759497562,0.613424797,8221,76938,28871.095,22,,,,,,,,,,,,,,,,,,,,,,,,,,8221.00,10069.00,10817.00,13269.00,15330.00,17686.78,19172.70,21182.16,24264.71,26007.82,27609.59,30132.60,33674.67,36920.27,41197.76,45608.44,50194.16,56814.00,60773.71,67466.00,73129.00,76938.00
平均工资:在岗职工:山东:烟台市,人民币,28192.61864,410402990.7,20258.40543,0.686686847,-0.734208293,0.718571258,5603,68979,23633,22,,,,,,,,,,,,,,,,,,,,,,,,,,5603.00,6067.00,6899.00,7746.00,8892.00,10499.70,12033.58,13428.54,15509.48,18765.07,22166.51,25099.49,28717.26,31200.15,34193.93,37789.52,41625.67,48088.00,52809.71,59906.00,64219.00,68979.00
平均工资:在岗职工:山东:潍坊市,人民币,25927.335,413514550.5,20335.05718,0.782569076,-0.724441719,0.784309578,5638,68139,17254.12,22,,,,,,,,,,,,,,,,,,,,,,,,,,5638.00,5834.00,6189.00,6783.00,7556.00,8770.84,9845.23,10780.80,12299.17,13915.63,15603.76,18904.48,23721.37,28803.67,33710.57,36646.10,40966.45,46100.00,51231.30,57148.00,61815.00,68139.00
平均工资:在岗职工:山东:济宁市,人民币,26757.45364,360717937.6,18992.57585,0.514546393,-1.235834941,0.709805055,6103,61909,21370.485,22,,,,,,,,,,,,,,,,,,,,,,,,,,6103.00,6407.00,6764.00,7543.00,8183.00,9277.41,10837.77,11986.97,13515.30,15639.87,18988.67,23752.30,27983.44,30995.96,35820.80,39251.50,44526.47,47304.00,50435.52,54077.00,57362.00,61909.00
平均工资:在岗职工:山东:泰安市,人民币,24134.76045,339467318.7,18424.6389,0.690372198,-1.01844005,0.763406744,5546,59653,16586.03,22,,,,,,,,,,,,,,,,,,,,,,,,,,5546.00,5907.00,6194.00,5898.00,6962.00,8290.03,9261.72,10401.05,11955.29,13379.58,15264.11,17907.95,21842.75,25630.12,30904.21,35500.69,39987.44,44828.00,48323.79,51835.00,55493.00,59653.00
平均工资:在岗职工:山东:威海市,人民币,25168.47545,345608842.6,18590.55789,0.691549317,-0.826145659,0.738644576,5029,62344,19644.465,22,,,,,,,,,,,,,,,,,,,,,,,,,,5331.00,5712.00,5029.00,7070.00,8024.00,9190.94,10230.20,11215.69,13200.57,15783.33,18165.92,21123.01,24122.30,27370.62,31913.04,35375.61,38800.25,43671.00,48727.98,53494.00,57812.00,62344.00
平均工资:在岗职工:山东:日照市,人民币,25160.84818,375763425.3,19384.61827,0.693834901,-0.915526841,0.770427854,5184,63418,17970.425,22,,,,,,,,,,,,,,,,,,,,,,,,,,5184.00,5323.00,6229.00,6404.00,7550.00,8539.76,9308.28,10226.81,11817.76,13042.30,15934.00,20006.85,24134.04,28383.56,33522.17,36958.81,39931.27,43946.00,49850.05,54734.00,59095.00,63418.00
平均工资:在岗职工:山东:莱芜市,人民币,26682.59545,317376185.8,17815.05503,0.415107191,-1.235747045,0.667665747,5391,59740,23465.665,22,,,,,,,,,,,,,,,,,,,,,,,,,,6089.00,6459.00,5391.00,7972.00,9168.00,9945.40,11308.70,13243.47,15726.92,18288.56,21001.57,25929.76,28773.28,31596.69,36615.44,37750.46,41097.93,47482.00,48710.92,49713.00,55014.00,59740.00
平均工资:在岗职工:山东:临沂市,人民币,25142.70864,392140253.5,19802.53149,0.700909819,-0.940646794,0.787605336,4588,63440,17478.75,22,,,,,,,,,,,,,,,,,,,,,,,,,,4588.00,5208.00,5734.00,6390.00,7236.00,8145.99,9103.21,9885.02,11116.87,13457.35,15830.05,19127.45,24101.49,27666.84,31724.03,37445.64,42137.86,45140.00,49310.79,56312.00,60039.00,63440.00
平均工资:在岗职工:山东:德州市,人民币,21338.46636,306267059.6,17500.48741,0.937051247,-0.402186049,0.820138013,4125,58912,14214.165,22,,,,,,,,,,,,,,,,,,,,,,,,,,4125.00,4446.00,7207.00,5722.00,6365.00,6876.72,7461.08,8320.84,9303.15,10778.71,12652.14,15776.19,18587.21,21647.43,24262.28,28398.82,33477.45,38945.00,43203.24,48589.00,54390.00,58912.00
平均工资:在岗职工:山东:聊城市,人民币,23505.175,297547167.2,17249.55556,0.869584658,-0.444681008,0.733862035,5691,60034,17028.815,20,,,,,,,,,,,,,,,,,,,,,,,,,,,,5691.00,6241.00,7022.00,8020.62,8742.42,9841.20,10820.32,11714.52,14119.82,15879.27,18178.36,21382.02,25783.32,29764.05,33690.48,37649.00,42237.10,48070.00,55223.00,60034.00
平均工资:在岗职工:山东:滨州市,人民币,28433.31444,359968677,18972.84051,0.627874733,-1.018659733,0.667275022,7509,64749,22280.335,18,,,,,,,,,,,,,,,,,,,,,,,,,,,,,,7509.00,8706.26,9435.73,10249.17,11773.04,13550.25,15085.33,17887.75,20713.68,23846.99,28004.78,33713.25,40465.96,45110.00,48475.47,53865.00,58659.00,64749.00
平均工资:在岗职工:山东:菏泽市,人民币,23081.82722,266432138,16322.7491,0.727034404,-0.77318377,0.707168845,5728,55298,18028.825,18,,,,,,,,,,,,,,,,,,,,,,,,,,,,,,5728.00,6376.91,7027.25,7778.49,8860.56,9869.52,11870.90,14358.39,16805.29,19252.36,21959.38,26921.25,32213.73,35697.00,39416.86,45060.00,50979.00,55298.00
平均工资:在岗职工:河南:郑州市,人民币,26901.44876,371580402.7,19276.4209,0.820864648,-0.371494631,0.716556981,6093,70486,20509.155,22,,,,,,,,,,,,,,,,,,,,,,,,,,6093.00,6797.00,7744.00,8231.00,9018.00,10379.40,11965.70,13537.99,15023.84,16695.70,18862.08,22156.23,26477.63,29836.72,32777.81,35755.56,41480.00,44622.18,49756.03,52987.00,61149.00,70486.00
平均工资:在岗职工:河南:开封市,人民币,19341.84555,242067885.6,15558.53096,0.86271577,-0.54810056,0.804397435,4080,51951,12915.165,22,,,,,,,,,,,,,,,,,,,,,,,,,,4080.00,4242.00,4800.00,5404.00,5884.00,6536.34,7006.27,7703.57,8657.39,10121.77,11398.27,14432.06,15586.65,21232.35,24090.18,27446.95,31551.00,35197.37,35749.43,43643.00,48807.00,51951.00
平均工资:在岗职工:河南:洛阳市,人民币,23450.74126,279482938,16717.74321,0.65669848,-0.901981491,0.712887624,5872,57863,17895.69,22,,,,,,,,,,,,,,,,,,,,,,,,,,5872.00,6024.00,6506.00,6881.00,7478.00,8114.26,9471.87,10745.19,13030.57,14640.22,16274.20,19517.18,22881.52,26151.79,29908.09,33471.82,38322.00,40469.40,44484.20,46515.00,51295.00,57863.00
平均工资:在岗职工:河南:平顶山市,人民币,23480.20486,265872931.4,16305.61043,0.423019548,-1.446150312,0.694440723,5706,52728,18272.66,22,,,,,,,,,,,,,,,,,,,,,,,,,,5706.00,6099.00,6472.00,6680.00,6926.00,7915.34,9073.22,10367.46,12088.58,14537.02,16449.62,20095.70,25003.38,28435.05,31936.03,36740.74,40896.00,42489.96,44120.41,45046.00,46759.00,52728.00
平均工资:在岗职工:河南:安阳市,人民币,21137.82735,210639907.6,14513.43886,0.639544535,-0.856159175,0.686609774,5200,51098,16787.175,22,,,,,,,,,,,,,,,,,,,,,,,,,,5200.00,5208.00,5965.00,6548.00,7628.00,8268.17,9183.48,10564.82,11987.21,13421.39,15039.42,18534.93,21495.41,24092.74,26775.33,29495.74,33925.00,34612.79,38875.77,41379.00,45734.00,51098.00
平均工资:在岗职工:河南:鹤壁市,人民币,19844.77283,201633275.9,14199.76324,0.5638347,-1.231818447,0.715541738,4643,46419,15225.08,22,,,,,,,,,,,,,,,,,,,,,,,,,,4643.00,4943.00,5199.00,5285.00,6498.00,7167.01,8066.27,9173.93,10327.68,12040.59,13711.65,16738.51,18431.14,21130.00,25857.81,30265.48,33978.00,37190.83,37725.10,39646.00,42148.00,46419.00
平均工资:在岗职工:河南:新乡市,人民币,18917.85034,206007293.5,14352.95417,0.822589327,-0.66897641,0.758699002,4746,48886,13340.385,22,,,,,,,,,,,,,,,,,,,,,,,,,,4746.00,5179.00,5294.00,5577.00,5982.00,6389.79,7366.04,8407.30,9513.51,10603.68,11886.67,14794.10,17271.01,19969.14,21968.50,25451.57,30409.00,33563.83,37866.57,40831.00,44237.00,48886.00
平均工资:在岗职工:河南:焦作市,人民币,20981.20227,233697592.5,15287.17085,0.584763365,-1.072063461,0.72861272,4767,50980,16556.18,22,,,,,,,,,,,,,,,,,,,,,,,,,,4767.00,4876.00,5117.00,5099.00,5964.00,7115.34,8373.03,9607.36,10962.79,12405.79,14557.00,18555.36,20687.49,24487.22,26330.62,30384.74,35508.00,37794.20,39916.51,41995.00,46103.00,50980.00
平均工资:在岗职工:河南:濮阳市,人民币,22466.64851,215732016,14687.81862,0.600810012,-1.033575465,0.653761001,5827,51319,17647.93,22,,,,,,,,,,,,,,,,,,,,,,,,,,5827.00,6257.00,6812.00,7750.00,8956.00,9986.17,10776.11,12070.19,13355.05,14510.26,15744.07,19551.79,22712.46,24046.20,27151.45,32530.72,35760.00,37589.88,41746.92,43587.00,46227.00,51319.00
平均工资:在岗职工:河南:许昌市,人民币,20491.81794,256034516.2,16001.0786,0.738981953,-0.838383343,0.780852077,4113,53268,13835.915,22,,,,,,,,,,,,,,,,,,,,,,,,,,4113.00,4355.00,5252.00,5568.00,5987.00,6799.13,7580.28,8611.07,9709.70,10683.64,12072.45,15599.38,18582.61,22813.07,26643.55,29854.10,33805.00,36021.61,41474.40,43792.00,48235.00,53268.00
平均工资:在岗职工:河南:漯河市,人民币,18758.26151,228349120.8,15111.22499,0.862220793,-0.602905213,0.805577051,3931,50681,12713.135,22,,,,,,,,,,,,,,,,,,,,,,,,,,3931.00,4030.00,4574.00,5046.00,5428.00,6164.68,7011.75,7914.95,8601.18,10268.41,11129.73,14296.54,16407.97,18912.01,21108.30,25535.46,30948.00,34750.85,38714.92,41389.00,45838.00,50681.00
平均工资:在岗职工:河南:三门峡市,人民币,22967.67339,280394846.8,16744.99468,0.552797917,-1.09301017,0.729067956,5025,57207,18223.69,22,,,,,,,,,,,,,,,,,,,,,,,,,,5025.00,5555.00,5419.00,5739.00,6608.00,7432.94,8703.86,9905.03,11298.23,13647.51,16572.92,19874.46,23794.69,26695.49,30456.45,33628.16,39387.00,42929.23,44357.84,44573.00,46479.00,57207.00
平均工资:在岗职工:河南:南阳市,人民币,20018.08092,236004393.2,15362.43448,0.82611803,-0.641878489,0.767427934,4699,51871,14721.585,22,,,,,,,,,,,,,,,,,,,,,,,,,,4699.00,4807.00,4883.00,5760.00,6165.00,6803.45,7614.31,8774.30,10393.07,11819.18,13435.99,16007.18,17847.30,20804.22,23308.01,26535.73,30583.00,36564.96,41172.08,43082.00,47468.00,51871.00
平均工资:在岗职工:河南:商丘市,人民币,20558.75229,260793254.4,16149.09454,0.709918263,-0.883580175,0.785509466,3817,52257,16877.25,21,,,,,,,,,,,,,,,,,,,,,,,,,,,3817.00,4415.00,4986.00,5098.00,5566.75,6164.48,6920.77,8858.69,10197.77,12349.36,16877.25,18771.78,21653.28,24258.62,26193.43,31162.00,36815.21,44168.41,43695.00,47508.00,52257.00
平均工资:在岗职工:河南:信阳市,人民币,20851.00196,222027726.7,14900.59484,0.63441441,-0.961753379,0.714622485,4753,50013,16790.035,20,,,,,,,,,,,,,,,,,,,,,,,,,,,,4753.00,5289.00,5788.00,6321.79,7110.03,8217.41,8837.47,10115.52,12447.84,15166.62,18413.45,21408.27,24705.98,26832.61,30682.00,34396.07,39808.98,41300.00,45413.00,50013.00
平均工资:在岗职工:河南:周口市,人民币,21925.71546,249822280.3,15805.76731,0.496756014,-1.264892788,0.720878064,4840,50259,18636.41,18,,,,,,,,,,,,,,,,,,,,,,,,,,,,,,4840.00,5179.32,5919.16,6330.82,7202.72,8051.25,9235.68,12562.81,16723.92,20548.90,23376.60,27227.88,32104.00,36492.05,39490.77,42763.00,46355.00,50259.00
平均工资:在岗职工:河南:驻马店市,人民币,21343.2853,204283619.9,14292.78209,0.658945144,-0.820449348,0.669661764,5691,49801,17981.62,18,,,,,,,,,,,,,,,,,,,,,,,,,,,,,,5691.00,6126.25,6883.62,7759.08,8552.79,9494.37,11032.05,14133.29,16965.97,18997.27,21490.38,24877.06,29219.00,32289.26,36362.75,39847.00,44657.00,49801.00
平均工资:在岗职工:湖北:武汉市,人民币,31023.60762,574403594,23966.71847,0.73961162,-0.854331029,0.77253164,5981,79684,20632.82,21,,,,,,,,,,,,,,,,,,,,,,,,,,5981.00,6406.00,8255.00,8812.00,9727.00,11314.48,12970.86,13729.79,15970.97,18504.98,20632.82,25135.54,28431.31,,39302.17,45643.64,48941.72,53745.00,60624.48,65720.00,71963.00,79684.00
平均工资:在岗职工:湖北:黄石市,人民币,19609.26636,196240586.8,14008.58975,0.821981715,-0.620944339,0.714386224,4709,48801,14870.545,22,,,,,,,,,,,,,,,,,,,,,,,,,,4709.00,4832.00,6027.00,6570.00,6898.00,8104.70,9017.89,10378.41,11271.46,12398.20,13821.08,15920.01,17374.66,17272.11,23662.99,26996.24,30079.71,33550.61,37514.79,41655.00,44549.00,48801.00
平均工资:在岗职工:湖北:十堰市,人民币,21530.65591,190652762.7,13807.70664,0.718358806,-0.656702551,0.641304505,5936,49733,18236.37,22,,,,,,,,,,,,,,,,,,,,,,,,,,5936.00,6015.00,6987.00,7289.00,7590.00,9405.05,11699.03,13849.04,14388.58,16315.58,17313.60,19159.14,19182.16,20991.85,24725.20,28556.40,31501.88,34926.12,39378.80,42676.00,46056.00,49733.00
平均工资:在岗职工:湖北:宜昌市,人民币,20198.805,206228954.8,14360.6739,0.909865797,-0.406841079,0.71096651,5522,50498,15459.365,22,,,,,,,,,,,,,,,,,,,,,,,,,,5522.00,5876.00,6585.00,7157.00,7906.00,8776.41,9300.19,9971.88,10635.77,11824.17,12731.96,18186.77,19744.21,19332.00,22670.79,25977.80,28696.73,33030.21,39475.82,43282.00,47193.00,50498.00
平均工资:在岗职工:湖北:襄阳市,人民币,20095.10045,278409022.9,16685.59327,1.093831831,0.088725153,0.830331419,4604,58706,13330.625,22,,,,,,,,,,,,,,,,,,,,,,,,,,4604.00,4810.00,5293.00,5748.00,6143.00,6610.04,7499.53,8461.79,9167.90,10196.59,11279.73,15381.52,17907.72,20290.44,24442.12,25768.84,29119.28,28493.66,43470.05,48022.00,50677.00,58706.00
平均工资:在岗职工:湖北:鄂州市,人民币,18045.21955,170853469.1,13071.09288,0.852197551,-0.488679421,0.724352111,4777,46920,12796.66,22,,,,,,,,,,,,,,,,,,,,,,,,,,4777.00,5044.00,5525.00,6417.00,6837.00,7265.45,7647.67,8242.54,9190.70,10275.86,11501.32,14092.00,16182.64,18600.00,22818.00,26040.60,27544.91,29627.55,34041.59,37215.00,41189.00,46920.00
平均工资:在岗职工:湖北:荆门市,人民币,19661.17045,185147488.1,13606.8912,0.680495279,-0.770285129,0.692069235,4896,48129,15095.07,22,,,,,,,,,,,,,,,,,,,,,,,,,,4896.00,5093.00,6004.00,6638.00,6921.00,7540.56,8765.06,9598.14,10453.15,11570.65,12988.05,17202.09,20327.41,23426.47,28055.43,26015.11,29174.58,31019.43,35967.62,39516.00,43245.00,48129.00
平均工资:在岗职工:湖北:孝感市,人民币,17915.99727,183225576.8,13536.08425,0.827397691,-0.717173345,0.755530604,4087,45100,12533.68,22,,,,,,,,,,,,,,,,,,,,,,,,,,4087.00,4257.00,6166.00,5746.00,6114.00,6728.22,7479.08,8017.10,8764.61,9449.49,10630.17,14437.19,16280.00,16490.88,21470.25,25523.15,28179.83,31601.95,35649.02,39315.00,42666.00,45100.00
平均工资:在岗职工:湖北:荆州市,人民币,20116.7419,239911724.7,15489.08405,0.914716684,-0.261425041,0.769959873,4499,56499,14451.63,21,,,,,,,,,,,,,,,,,,,,,,,,,,,4499.00,5181.00,5817.00,6148.00,6906.47,7775.45,8507.26,9263.44,9744.39,11279.65,14451.63,16239.40,18897.69,24567.05,25052.16,31177.50,36027.26,41742.23,39565.00,43111.00,56499.00
平均工资:在岗职工:湖北:黄冈市,人民币,17361.805,173045588.3,13154.67933,0.855918261,-0.565660381,0.757679246,3826,44922,11228.425,22,,,,,,,,,,,,,,,,,,,,,,,,,,3826.00,4021.00,5201.00,5890.00,6316.00,6813.75,7554.76,7950.64,8348.65,9265.97,10295.18,12161.67,15349.17,17486.29,22014.03,25673.00,27710.00,30263.27,30235.33,39165.00,41497.00,44922.00
平均工资:在岗职工:湖北:咸宁市,人民币,19542.79684,162983584.6,12766.50244,0.698962915,-0.822140111,0.65325872,5512,44700,15957.62,19,,,,,,,,,,,,,,,,,,,,,,,,,,,,,5512.00,6065.00,6758.58,7686.99,8469.35,9171.26,10180.15,11134.81,13809.16,15957.62,17614.82,21636.78,23840.86,26094.26,29027.58,35781.92,36853.00,41019.00,44700.00
平均工资:在岗职工:湖北:随州市,人民币,20873.77474,206911227.1,14384.40917,0.59785658,-0.995899211,0.689113941,4317,48909,16872.23,19,,,,,,,,,,,,,,,,,,,,,,,,,,4317.00,,,,5663.00,6367.78,7341.99,8036.01,8835.65,10113.60,11099.27,13811.43,16872.23,20024.28,23499.45,26984.67,30610.85,32791.98,38041.53,39056.00,44226.00,48909.00
平均工资:在岗职工:湖南:长沙市,人民币,32908.28173,592555794.1,24342.46894,0.774433103,-0.494521653,0.739706471,5849,85187,26291.66,22,,,,,,,,,,,,,,,,,,,,,,,,,,5849.00,6281.00,7586.00,8581.00,10137.00,12266.39,14341.93,16987.41,18944.59,21501.03,24616.58,27966.74,31833.93,34887.87,38337.70,44495.20,50904.30,56381.24,61848.29,67266.00,77782.00,85187.00
平均工资:在岗职工:湖南:株洲市,人民币,26985.64092,360019665.3,18974.18418,0.622950023,-1.052916407,0.703121495,5855,61418,20717.725,22,,,,,,,,,,,,,,,,,,,,,,,,,,5855.00,6062.00,7389.00,8380.00,9496.00,10535.85,12141.23,13452.52,14907.17,16573.33,18770.99,22664.46,26193.03,29228.48,33345.17,38503.22,43307.29,46319.10,52135.26,57584.00,59423.00,61418.00
平均工资:在岗职工:湖南:湘潭市,人民币,24557.64892,326308325.6,18064.00636,0.827175314,-0.579384131,0.73557556,5471,62933,18169.975,22,,,,,,,,,,,,,,,,,,,,,,,,,,5471.00,5600.00,6890.00,7507.00,8423.00,9762.07,11159.64,11933.76,13613.60,15090.00,16508.73,19831.22,21843.21,25347.16,27291.71,33376.01,38326.72,43078.10,47921.35,51742.00,56619.00,62933.00
平均工资:在岗职工:湖南:衡阳市,人民币,22235.53964,249483065.2,15795.03293,0.719135995,-0.618740047,0.71035078,4654,55761,17635.88,22,,,,,,,,,,,,,,,,,,,,,,,,,,4654.00,4752.00,6380.00,6847.00,7583.00,9053.28,9266.85,10688.34,12015.33,13927.11,15556.75,19715.01,23196.07,25393.17,27613.40,30942.57,33459.15,36361.36,40265.48,44983.00,50768.00,55761.00
平均工资:在岗职工:湖南:邵阳市,人民币,21571.39891,277267123.3,16651.33999,0.911700322,-0.281429578,0.771917485,4181,58665,15622.47,22,,,,,,,,,,,,,,,,,,,,,,,,,,4181.00,4390.00,5866.00,6274.00,6889.00,8084.78,9202.01,9929.41,10982.48,12402.46,13479.67,17765.27,20085.80,22419.15,24904.09,29464.92,32262.82,36480.66,41259.25,47249.00,52334.00,58665.00
平均工资:在岗职工:湖南:岳阳市,人民币,21942.45562,249142642.2,15784.25298,0.744691624,-0.730171159,0.719347609,4789,54893,17016.34,22,,,,,,,,,,,,,,,,,,,,,,,,,,4789.00,4859.00,5937.00,6678.00,7265.00,9080.44,10165.46,11012.26,12275.12,13458.16,15460.48,18572.20,20279.30,21800.87,25586.33,30928.68,35720.09,38117.11,41255.52,45592.00,49009.00,54893.00
平均工资:在岗职工:湖南:常德市,人民币,23289.86465,280444769.5,16746.48529,0.817936547,-0.393559709,0.719046055,4571,59399,17818.79,22,,,,,,,,,,,,,,,,,,,,,,,,,,4571.00,4881.00,6317.00,6986.00,7658.00,9649.76,11265.24,12526.80,14124.45,14281.88,15980.89,19656.69,23042.72,25052.34,28187.12,30829.39,33932.76,38058.54,42596.44,48655.00,54725.00,59399.00
平均工资:在岗职工:湖南:张家界市,人民币,23677.09939,306629155.2,17510.82966,0.945959157,0.016262882,0.739568195,4839,63884,18297.285,22,,,,,,,,,,,,,,,,,,,,,,,,,,4839.00,4904.00,6067.00,7088.00,7992.00,9289.74,10963.90,12284.87,13802.50,14967.69,16440.19,20154.38,23587.11,25440.63,26504.81,31085.21,34454.02,38130.85,42332.29,48425.00,58259.00,63884.00
平均工资:在岗职工:湖南:益阳市,人民币,22207.40034,312533580.4,17678.6193,0.868686469,-0.338391667,0.796068834,3897,60754,16915.94,22,,,,,,,,,,,,,,,,,,,,,,,,,,3897.00,4110.00,5102.00,5472.00,6056.00,6887.36,8076.86,8908.46,11983.68,13038.75,15148.37,18683.51,21533.75,23309.11,26366.59,30088.86,34153.80,37835.03,42553.68,48724.00,55880.00,60754.00
平均工资:在岗职工:湖南:郴州市,人民币,24395.78118,299802968.4,17314.81933,0.718788928,-0.665282953,0.70974646,5402,60820,19178.455,22,,,,,,,,,,,,,,,,,,,,,,,,,,5402.00,5548.00,6417.00,7266.00,8146.00,9452.80,11011.58,12129.66,13813.61,15826.05,17211.59,21145.32,23741.60,26419.09,29865.27,34825.95,37946.42,40792.24,44281.00,49086.00,55560.00,60820.00
平均工资:在岗职工:湖南:永州市,人民币,22133.74288,262738637.6,16209.21459,0.722401368,-0.611156646,0.732330482,4374,56212,17661.39,22,,,,,,,,,,,,,,,,,,,,,,,,,,4374.00,4600.00,5519.00,6251.00,7084.00,8010.63,9022.95,10290.77,11555.22,13563.51,15620.88,19701.90,23105.54,25116.05,27521.23,30626.31,34692.74,37131.65,39906.96,44553.00,52483.00,56212.00
平均工资:在岗职工:湖南:怀化市,人民币,23925.95054,304106126.3,17438.63889,0.797121278,-0.442069922,0.72885877,4828,62046,18789.57,21,,,,,,,,,,,,,,,,,,,,,,,,,,,4828.00,5837.00,6498.00,7137.00,8172.04,9455.30,10623.63,11872.11,13369.38,15429.43,18789.57,22104.81,25749.72,28751.96,32099.11,35088.13,37669.57,43083.21,49006.00,54835.00,62046.00
平均工资:在岗职工:湖南:娄底市,人民币,24360.67495,224181954.5,14972.70699,0.597750988,-1.01524956,0.614626114,6952,53301,18777.87,19,,,,,,,,,,,,,,,,,,,,,,,,,,,,,6952.00,7728.00,8940.83,9995.84,11001.49,13009.89,13977.54,16323.98,27074.89,19394.71,18777.87,18603.94,31067.66,34911.59,37984.43,41291.16,43986.00,48530.00,53301.00
平均工资:在岗职工:广东:广州市,人民币,44580.61045,675092787.2,25982.54774,0.575309675,-0.705255788,0.582821713,11813,98612,38665.295,22,,,,,,,,,,,,,,,,,,,,,,,,,,11813.00,13118.00,14692.00,16671.00,19675.00,22771.96,26219.52,28804.83,31592.94,34327.66,36769.58,40561.01,45701.99,49518.11,54494.11,57473.59,63752.00,69692.00,74246.13,81171.00,89096.00,98612.00
平均工资:在岗职工:广东:韶关市,人民币,26826.24727,350538345.5,18722.66929,0.75873202,-0.588810895,0.697923534,6558,65739,21540.225,22,,,,,,,,,,,,,,,,,,,,,,,,,,6558.00,6619.00,7437.00,8243.00,9194.00,10347.09,12146.00,13974.68,16386.17,18029.77,20033.73,23046.72,25966.51,28273.12,31872.45,35828.86,40133.00,44898.00,49063.34,54923.00,61465.00,65739.00
平均工资:在岗职工:广东:深圳市,人民币,27513.39474,748517329.9,27359.04475,1.07798329,0.374709525,0.994390006,979,100173,19547.5,38,,,,,,,,,,979.00,1132.00,1366.00,1545.00,2179.00,2418.00,2452.00,2677.00,3388.00,3858.00,4304.00,5016.00,5931.00,8145.00,10572.00,12276.00,14507.00,16531.00,18381.00,20714.00,23039.00,25941.00,28218.00,30611.00,31928.00,32476.00,35107.00,38798.00,43454.00,46723.00,50456.00,55143.00,59010.00,62619.00,72651.00,81034.00,89757.00,100173.00
平均工资:在岗职工:广东:珠海市,人民币,33821.06545,471047383.3,21703.62604,1.002396909,-0.282163993,0.64171917,12259,81014,25192.44,22,,,,,,,,,,,,,,,,,,,,,,,,,,12259.00,12795.00,13926.00,15282.00,15628.00,17038.51,18503.45,19201.60,20086.34,21653.72,23773.36,26611.52,29127.23,31760.66,34407.82,41055.60,48486.00,55985.00,62579.63,67958.00,74931.00,81014.00
平均工资:在岗职工:广东:汕头市,人民币,25525.89227,284935852.8,16880.04303,0.864339405,-0.451370828,0.661291008,7434,61868,20257.675,22,,,,,,,,,,,,,,,,,,,,,,,,,,7434.00,7715.00,9188.00,9781.00,10917.00,11928.60,13565.00,11959.87,15842.81,17391.03,18954.16,21561.19,23085.96,25386.83,27740.90,32785.06,37716.09,42645.00,45938.13,52299.00,55867.00,61868.00
平均工资:在岗职工:广东:佛山市,人民币,31552.73714,410185127.4,20253.02761,0.7424955,-0.74207694,0.641878627,10406,72712,25190.69,21,,,,,,,,,,,,,,,,,,,,,,,,,,10406.00,10787.00,11160.00,11796.00,12789.00,14220.77,15871.52,17641.59,19559.54,22116.88,25190.69,28331.38,31044.06,,37081.73,40664.89,46203.00,50356.00,55678.43,61810.00,67187.00,72712.00
平均工资:在岗职工:广东:江门市,人民币,25322.91227,343053152.7,18521.69411,1.00814167,-0.198124348,0.73142038,7874,66107,18017.5,22,,,,,,,,,,,,,,,,,,,,,,,,,,7874.00,8136.00,8287.00,8679.00,9524.00,10262.57,11169.12,12405.10,13736.64,15030.15,16658.71,19376.29,21674.39,24304.00,27495.64,31910.50,37983.00,42851.00,48167.96,54106.00,61366.00,66107.00
平均工资:在岗职工:广东:湛江市,人民币,23784.98909,296514526.5,17219.59716,0.930528039,-0.258896075,0.723969101,6488,62094,18416.335,22,,,,,,,,,,,,,,,,,,,,,,,,,,6541.00,6488.00,6985.00,7370.00,8349.00,9518.56,10519.68,12035.02,13402.17,15076.96,16947.20,19885.47,21809.56,23943.29,26789.65,29821.08,33965.00,40534.00,45453.12,50177.00,55565.00,62094.00
平均工资:在岗职工:广东:茂名市,人民币,24568.07455,312026700.8,17664.27753,0.897056795,-0.483857173,0.718993159,6662,61442,18518.995,22,,,,,,,,,,,,,,,,,,,,,,,,,,6662.00,6983.00,7727.00,8236.00,9038.00,9472.69,10382.10,12439.18,14530.64,16106.16,17150.43,19887.56,22039.06,24258.22,25810.03,30583.34,36671.00,42889.00,48095.23,53036.00,57059.00,61442.00
平均工资:在岗职工:广东:肇庆市,人民币,25889.72909,344615496,18563.82224,0.83687609,-0.536164246,0.717034241,6875,65227,19625.065,22,,,,,,,,,,,,,,,,,,,,,,,,,,6875.00,7122.00,7475.00,8219.00,8989.00,9671.77,11184.23,13069.37,14914.88,16718.77,18415.30,20834.83,23387.28,26319.99,30113.58,34115.25,39151.00,44660.00,49050.79,54469.00,59591.00,65227.00
平均工资:在岗职工:广东:惠州市,人民币,26946.90364,415751314.8,20389.98074,0.93787599,-0.40961488,0.756672493,6890,70890,18554.045,22,,,,,,,,,,,,,,,,,,,,,,,,,,6890.00,6966.00,7836.00,8882.00,9606.00,10481.89,11317.14,13266.18,13855.53,16017.39,17463.95,19644.14,22728.81,25786.99,29597.64,36023.41,41506.00,47126.00,53573.81,58607.00,64766.00,70890.00
平均工资:在岗职工:广东:梅州市,人民币,24344.14091,348825976.7,18676.88348,1.023771998,0.003065624,0.767202406,5471,67186,17304.04,22,,,,,,,,,,,,,,,,,,,,,,,,,,5471.00,5516.00,6768.00,7584.00,8411.00,9621.55,11016.09,11867.78,12972.08,14416.82,15787.02,18821.06,21816.06,24099.59,26670.86,31466.89,37129.00,39882.00,44859.30,54018.00,60191.00,67186.00
平均工资:在岗职工:广东:汕尾市,人民币,22784.91182,277090188.6,16646.02621,0.856326716,-0.564617518,0.730572334,5206,56810,16352.32,22,,,,,,,,,,,,,,,,,,,,,,,,,,5206.00,5562.00,6816.00,7785.00,8340.00,9520.00,9921.95,11437.96,12658.96,13407.93,14940.86,17763.78,20387.31,23245.40,25571.11,30375.24,34786.00,39333.00,44812.56,48162.00,54425.00,56810.00
平均工资:在岗职工:广东:河源市,人民币,23969.83364,311010622.2,17635.49325,0.850958059,-0.429553584,0.73573699,4984,61561,18732.11,22,,,,,,,,,,,,,,,,,,,,,,,,,,4985.00,4984.00,5822.00,6880.00,9126.00,9054.50,10225.02,12495.50,14237.98,16132.81,17357.82,20106.40,22054.65,23805.95,26379.29,31237.15,35747.00,41098.00,46077.27,51456.00,56513.00,61561.00
平均工资:在岗职工:广东:阳江市,人民币,22793.41364,287224337.8,16947.69417,0.982437479,-0.323006526,0.743534709,6787,59559,16530.375,22,,,,,,,,,,,,,,,,,,,,,,,,,,6787.00,6858.00,7514.00,7776.00,8169.00,8731.49,9300.31,10715.10,12398.04,13866.51,15312.40,17748.35,19477.14,21442.80,23647.53,28732.86,33858.00,40383.00,44751.57,50182.00,54245.00,59559.00
平均工资:在岗职工:广东:清远市,人民币,28175.75909,440537525.9,20988.98582,0.827722917,-0.469209274,0.744930625,5860,73323,21920.9,22,,,,,,,,,,,,,,,,,,,,,,,,,,5860.00,6329.00,6981.00,7647.00,8692.00,10262.67,12244.65,13959.47,15842.44,18321.57,20290.55,23551.25,25769.20,28375.53,32719.39,37875.95,44590.00,47172.00,53624.03,59788.00,66648.00,73323.00
平均工资:在岗职工:广东:东莞市,人民币,33343.96545,301225692.3,17355.8547,0.074380362,-1.446838046,0.520509617,10381,61619,33206.905,22,,,,,,,,,,,,,,,,,,,,,,,,,,10381.00,10693.00,11420.00,12480.00,13720.00,15409.01,17802.20,22598.69,25330.19,28777.78,31134.02,35279.79,39506.98,42591.02,46579.51,49898.54,57007.00,42870.00,47599.51,53221.00,57649.00,61619.00
平均工资:在岗职工:广东:中山市,人民币,32613.21318,359193739.7,18952.40723,0.528604767,-1.134661997,0.581126647,10441,68034,26227.875,22,,,,,,,,,,,,,,,,,,,,,,,,,,10441.00,11037.00,11814.00,12606.00,14179.00,16285.61,18799.21,20377.65,21681.31,22305.91,24953.25,27502.50,31700.04,36159.44,40573.48,48420.30,55480.00,48449.00,53125.99,58776.00,64790.00,68034.00
平均工资:在岗职工:广东:潮州市,人民币,22423.07455,281995739.8,16792.72878,0.956232413,-0.278899646,0.748903936,6200,59540,15900.45,22,,,,,,,,,,,,,,,,,,,,,,,,,,6200.00,6522.00,6584.00,6898.00,7373.00,8535.61,9351.57,10679.40,12947.13,13322.07,14413.69,17387.21,19914.38,21287.59,24525.96,30951.12,33404.00,37962.00,43097.91,48471.00,53940.00,59540.00
平均工资:在岗职工:广东:揭阳市,人民币,20616.60591,245013044.8,15652.89254,0.848546977,-0.794697724,0.759237122,4719,50598,13692.04,22,,,,,,,,,,,,,,,,,,,,,,,,,,4719.00,4760.00,6200.00,6685.00,7226.00,7884.86,9366.11,10143.22,10936.22,11651.30,12342.32,15041.76,17254.67,19877.71,22610.64,26929.22,30752.00,41932.00,43621.30,44878.00,48156.00,50598.00
平均工资:在岗职工:广东:云浮市,人民币,23255.12,307647907,17539.89473,1.038863855,-0.016082772,0.75423798,6000,64527,16205.66,22,,,,,,,,,,,,,,,,,,,,,,,,,,6000.00,6526.00,6991.00,7641.00,8153.00,9113.92,10564.82,11646.71,12758.87,14437.55,15483.04,16928.28,19435.94,21918.29,24764.75,30121.29,34885.47,40085.00,44916.71,49934.00,54780.00,64527.00
平均工资:在岗职工:广西:南宁市,人民币,29218.12409,474726465.4,21788.2185,0.783391716,-0.531183237,0.745709014,6022,75481,22721.37,22,,,,,,,,,,,,,,,,,,,,,,,,,,6022.00,6445.00,7293.00,8246.00,8729.00,10288.46,12130.72,13171.41,15448.19,17521.02,20651.91,24790.83,29375.96,32596.13,37039.89,40118.93,42551.00,48188.00,54330.28,63820.00,68560.00,75481.00
平均工资:在岗职工:广西:柳州市,人民币,28144.39182,344769923,18567.98112,0.543289297,-0.90053977,0.659740002,6240,64958,25181.035,22,,,,,,,,,,,,,,,,,,,,,,,,,,6240.00,6637.00,7652.00,8461.00,10185.00,11671.47,13362.06,14175.70,16502.66,19078.91,23540.62,26821.45,30561.45,33644.84,37276.23,38226.64,39148.00,44862.00,51720.59,54223.00,60228.00,64958.00
平均工资:在岗职工:广西:桂林市,人民币,25356.09045,343611550.1,18536.76212,0.826777654,-0.429442118,0.73105758,6098,65694,19427.05,22,,,,,,,,,,,,,,,,,,,,,,,,,,6114.00,6098.00,7255.00,6972.00,7834.00,9289.61,11409.61,12278.62,13770.49,15644.62,17613.40,21240.70,24845.03,27843.90,30827.84,34081.66,37037.00,42257.00,46673.51,53925.00,59129.00,65694.00
平均工资:在岗职工:广西:梧州市,人民币,21821.48318,262779415.7,16210.47241,0.846388153,-0.264647262,0.74286758,4842,57618,16926.41,22,,,,,,,,,,,,,,,,,,,,,,,,,,5135.00,4842.00,5300.00,5857.00,6339.00,7472.81,9629.81,10766.78,11656.10,13430.33,15264.02,18588.80,22277.16,24374.44,28158.25,30168.86,32614.00,33936.00,36694.27,47471.00,52479.00,57618.00
平均工资:在岗职工:广西:北海市,人民币,23450.86364,303486604.8,17420.86694,0.840624698,-0.521422721,0.742866754,5650,60622,16710.28,22,,,,,,,,,,,,,,,,,,,,,,,,,,5650.00,5736.00,6408.00,6888.00,7572.00,8329.33,10943.91,11655.93,12658.69,13620.11,15095.79,18324.77,21658.18,24761.28,28062.44,31013.34,36379.00,40878.00,44598.23,49562.00,55502.00,60622.00
平均工资:在岗职工:广西:防城港市,人民币,24112.88227,321894207.2,17941.4104,0.784640367,-0.516693935,0.744059138,5345,63484,18575.535,22,,,,,,,,,,,,,,,,,,,,,,,,,,5345.00,5604.00,6234.00,6748.00,7185.00,8502.25,10443.39,11510.44,11870.90,13503.27,16010.23,21140.84,24613.47,26423.73,29855.97,33656.21,36750.00,41512.00,43451.71,51230.00,55409.00,63484.00
平均工资:在岗职工:广西:钦州市,人民币,21659.985,278487695.8,16687.95062,0.778354958,-0.640787521,0.770450701,4835,56863,14990.27,22,,,,,,,,,,,,,,,,,,,,,,,,,,4835.00,4961.00,5489.00,5964.00,6456.00,7218.51,8131.41,9194.21,10352.02,11401.45,12920.29,17060.25,22206.70,24759.34,27366.69,30235.37,34657.00,37328.00,40491.43,46502.00,52127.00,56863.00
平均工资:在岗职工:广西:贵港市,人民币,21942.30409,313032985.9,17692.73823,0.989724539,-0.102138807,0.806330008,4508,61245,16005.49,22,,,,,,,,,,,,,,,,,,,,,,,,,,4591.00,4508.00,4916.00,5540.00,6097.00,7528.95,8778.66,9718.14,11031.89,12523.82,13844.47,18166.51,20535.93,22386.97,26201.58,28221.14,29975.00,37843.00,41303.63,52653.00,55121.00,61245.00
平均工资:在岗职工:广西:玉林市,人民币,23280.84714,286389320,16923.0411,0.798955713,-0.364776991,0.726908303,4618,60901,18990.8,21,,,,,,,,,,,,,,,,,,,,,,,,,,,4618.00,5081.00,5945.00,6762.00,8111.96,9189.57,10360.77,11316.38,14176.78,16565.00,18990.80,21313.91,24138.38,28354.77,30359.92,33603.00,37377.00,41303.55,47658.00,52771.00,60901.00
平均工资:在岗职工:广西:百色市,人民币,30392.57938,251146368,15847.59818,0.62020436,-0.470734278,0.521429852,11080.73,62528,28292.45,16,,,,,,,,,,,,,,,,,,,,,,,,,,,,,,,,11080.73,11917.02,13473.25,15278.09,16310.54,21432.62,26026.00,27410.04,29174.86,32311.76,35142.00,38037.00,40986.36,49809.00,55364.00,62528.00
平均工资:在岗职工:广西:贺州市,人民币,30051.10313,343462991.1,18532.75455,0.771438326,-0.543166873,0.616707961,9236.68,65799,25621.945,16,,,,,,,,,,,,,,,,,,,,,,,,,,,,,,,,9236.68,10570.03,11742.49,12990.11,14773.03,18235.07,22247.96,22964.83,28279.06,29266.85,35055.00,39006.00,43134.54,55407.00,62110.00,65799.00
平均工资:在岗职工:广西:河池市,人民币,29853.17125,313675776,17710.89428,0.907266177,-0.16190823,0.593266763,10271.89,66085,25466.165,16,,,,,,,,,,,,,,,,,,,,,,,,,,,,,,,,10271.89,11218.41,12430.89,14193.90,16067.84,19642.67,23409.32,22761.58,27523.01,29903.78,31550.00,37315.00,40380.45,53638.00,61259.00,66085.00
平均工资:在岗职工:广西:来宾市,人民币,31536.11563,299562717.2,17307.8802,0.619964931,-0.643086992,0.548827269,9991.38,64152,29182.14,16,,,,,,,,,,,,,,,,,,,,,,,,,,,,,,,,9991.38,11352.87,13106.49,15295.35,18243.66,22180.65,25421.16,27975.80,30388.48,31104.24,35113.00,41100.00,43505.77,55665.00,59982.00,64152.00
平均工资:在岗职工:广西:崇左市,人民币,27724.76688,239865062,15487.57767,0.814228841,-0.331446976,0.55861886,9548.47,59250,23311.06,16,,,,,,,,,,,,,,,,,,,,,,,,,,,,,,,,19434.62,9548.47,10624.11,11922.23,14192.00,17496.28,20585.02,22440.00,24182.12,27599.00,30133.00,35046.00,39559.42,47630.00,53954.00,59250.00
平均工资:在岗职工:海南:海口市,人民币,28658.56273,345982109.7,18600.59434,0.768049125,-0.558894191,0.649041423,8163,68037,23553.79,22,,,,,,,,,,,,,,,,,,,,,,,,,,8163.00,8557.00,9589.00,10423.00,11655.00,13056.35,14301.73,14820.00,17602.41,19884.87,21385.05,25722.53,27327.62,30639.01,34191.99,38059.82,40805.00,46175.00,50608.00,57455.00,62030.00,68037.00
平均工资:在岗职工:海南:三亚市,人民币,27630.88136,440703991.6,20992.951,0.87499907,-0.457833255,0.759764074,6829,72826,20143.145,22,,,,,,,,,,,,,,,,,,,,,,,,,,7125.00,7384.00,6829.00,7933.00,8911.00,9855.72,11049.83,11579.96,14594.22,16033.13,18490.47,21795.82,26141.00,28410.42,33446.73,37023.09,39955.00,47323.00,54641.00,61502.00,65030.00,72826.00
平均工资:在岗职工:重庆,人民币,15648.84048,437755488.7,20922.60712,1.497681052,1.118359796,1.337006863,284,73272,5256,42,284.00,330.00,535.00,448.00,588.00,581.00,588.00,632.00,,737.00,,,,,1038.00,1154.00,1309.00,1588.00,1782.00,2025.00,2203.00,2468.00,2833.00,3925.00,4508.00,5010.00,5502.00,6433.00,7182.00,8020.00,9523.00,10960.00,12440.00,14357.00,16630.00,19215.00,23098.00,26985.00,30965.00,35326.00,40041.99,45392.00,51015.00,56851.31,62091.00,67386.00,73272.00
平均工资:在岗职工:四川:成都市,人民币,32177.60909,563213590.2,23732.12149,0.742273717,-0.766831062,0.737535266,6308,79292,24585.045,22,,,,,,,,,,,,,,,,,,,,,,,,,,6308.00,6937.00,8248.00,9035.00,10370.00,12493.42,13712.25,15274.50,17555.98,19961.70,22563.41,26606.68,30809.93,34195.16,38603.14,42363.19,48302.27,58543.40,63201.37,69123.00,74408.00,79292.00
平均工资:在岗职工:四川:自贡市,人民币,25248.25455,424757146.1,20609.63722,0.91553542,-0.300022078,0.816279683,4545,72099,17571.325,22,,,,,,,,,,,,,,,,,,,,,,,,,,4545.00,4830.00,5882.00,6202.00,6884.00,8344.53,9656.57,10752.42,11982.94,13475.13,15633.35,19509.30,22731.79,25455.37,29145.13,34509.94,40876.48,46480.01,50534.64,53344.00,62588.00,72099.00
平均工资:在岗职工:四川:攀枝花市,人民币,30331.51455,475713321.7,21810.8533,0.768047141,-0.646386271,0.719082236,7610,76879,22982.345,22,,,,,,,,,,,,,,,,,,,,,,,,,,7610.00,7757.00,8731.00,8562.00,9742.00,11509.25,12789.25,14940.46,17345.51,19397.65,21428.35,24536.34,28422.64,31922.38,36486.41,41372.47,47457.80,52702.00,57634.81,61915.00,68152.00,76879.00
平均工资:在岗职工:四川:泸州市,人民币,23732.71045,340774650.5,18460.08263,0.957321297,-0.245218671,0.777832884,4672,65725,16868.865,22,,,,,,,,,,,,,,,,,,,,,,,,,,4672.00,5602.00,6415.00,6994.00,7898.00,9079.11,9915.12,11022.19,12285.93,13641.12,15405.45,18332.28,21512.54,23315.84,25649.67,30732.52,35407.44,43105.41,47310.01,52051.00,56048.00,65725.00
平均工资:在岗职工:四川:德阳市,人民币,29802.48455,453460188,21294.60467,0.636284612,-0.784713751,0.714524477,5986,74061,24542.865,22,,,,,,,,,,,,,,,,,,,,,,,,,,5986.00,6472.00,7332.00,8051.00,9256.00,10968.65,12349.98,14013.07,16359.14,19325.81,22067.09,27018.64,30076.30,34156.39,39410.47,41891.05,46688.10,50664.90,52930.07,59411.00,67166.00,74061.00
平均工资:在岗职工:四川:绵阳市,人民币,26306.63091,443176102,21051.74819,0.804216024,-0.730422175,0.800244937,5370,69621,18074.155,22,,,,,,,,,,,,,,,,,,,,,,,,,,5370.00,5437.00,5965.00,6054.00,7745.00,9568.89,10707.03,11447.16,12953.68,11436.51,16566.14,19582.17,22792.03,26212.49,32522.84,38252.92,43216.51,48420.26,52164.25,59093.00,63618.00,69621.00
平均工资:在岗职工:四川:广元市,人民币,24523.49409,434714748.6,20849.81411,0.887879029,-0.482556228,0.85019753,4215,68646,15319.245,22,,,,,,,,,,,,,,,,,,,,,,,,,,4215.00,4362.00,4539.00,5644.00,6698.00,7767.01,8466.76,9366.71,10329.24,12161.28,13638.99,16999.50,22768.16,24556.93,29272.70,35984.83,40151.90,44549.72,48216.14,56946.00,64237.00,68646.00
平均工资:在岗职工:四川:遂宁市,人民币,22149.35273,330613687.1,18182.78546,0.877108681,-0.525927778,0.820917238,4126,61289,14577.02,22,,,,,,,,,,,,,,,,,,,,,,,,,,4126.00,4395.00,5053.00,5680.00,6510.00,7460.83,8040.40,8836.65,10130.68,11699.61,13217.11,15936.93,18965.09,21451.18,26580.50,31783.40,37262.27,40168.82,43667.29,49753.00,55279.00,61289.00
平均工资:在岗职工:四川:内江市,人民币,21396.19409,243864849.8,15616.1727,0.604552906,-1.202109557,0.729857499,4416,49780,15448.315,22,,,,,,,,,,,,,,,,,,,,,,,,,,4416.00,4750.00,5645.00,5864.00,6756.00,8262.22,9334.48,10175.78,11153.14,12433.21,14125.31,16771.32,19118.05,23217.76,26496.95,32200.82,36820.08,40244.42,41487.73,46430.00,45234.00,49780.00
平均工资:在岗职工:四川:乐山市,人民币,23392.14045,357980271.6,18920.36658,0.952011441,-0.329077378,0.808834344,4584,66329,14592.685,22,,,,,,,,,,,,,,,,,,,,,,,,,,4584.00,5156.00,5744.00,6526.00,7430.00,8391.56,9750.10,10521.94,11966.84,12719.71,13630.13,15555.24,18355.88,23112.69,27199.55,31799.42,37011.31,43476.72,46600.00,54545.00,54222.00,66329.00
平均工资:在岗职工:四川:南充市,人民币,21828.56227,321821983.2,17939.39751,0.919102113,-0.377257129,0.821831383,3849,60989,14061.235,22,,,,,,,,,,,,,,,,,,,,,,,,,,3849.00,4112.00,4866.00,5416.00,6133.00,7460.13,8717.19,9568.84,10960.80,11715.79,12831.38,15291.09,17954.59,21677.23,25850.96,31168.98,37013.01,41626.32,37539.06,50286.00,55202.00,60989.00
平均工资:在岗职工:四川:眉山市,人民币,26790.42833,312394420,17674.68302,0.754789598,-0.630895262,0.659738725,7504,64276,21813.325,18,,,,,,,,,,,,,,,,,,,,,,,,,,,,,,7504.00,8558.40,9870.50,10785.24,11696.19,12923.32,14174.68,16866.83,19662.80,23963.85,25850.00,27778.80,40320.73,43675.79,41155.58,54451.00,48714.00,64276.00
平均工资:在岗职工:四川:宜宾市,人民币,25669.05429,390761965.5,19767.70006,0.826096901,-0.587396149,0.770098494,4700,66834,18589.41,21,,,,,,,,,,,,,,,,,,,,,,,,,,,4700.00,5230.00,5778.00,7388.00,8702.65,9869.06,11279.82,12950.73,14192.42,15568.94,18589.41,22574.29,25178.46,25384.58,34411.27,40372.56,45278.95,48080.00,55288.00,61399.00,66834.00
平均工资:在岗职工:四川:广安市,人民币,26818.5605,403505752.8,20087.45262,0.859584343,-0.300225469,0.749013081,5259,69813,21105.185,20,,,,,,,,,,,,,,,,,,,,,,,,,,,,5259.00,6000.00,6782.00,8510.76,9769.73,11109.38,12348.02,13527.26,14649.36,18998.23,23212.14,25178.52,29216.12,34605.63,39976.09,46898.22,50404.75,44079.00,66034.00,69813.00
平均工资:在岗职工:四川:达州市,人民币,24498.55895,268105684.7,16373.93309,0.525933696,-1.220423351,0.668363112,5787,53081,20559.48,19,,,,,,,,,,,,,,,,,,,,,,,,,,,,,5787.00,6391.00,7673.45,8768.99,9678.57,11018.29,11688.21,14096.89,17029.18,20559.48,22768.90,26522.93,31763.53,36332.02,39497.09,43388.09,48672.00,53081.00,50756.00
平均工资:在岗职工:四川:雅安市,人民币,26534.17222,276135496.3,16617.32518,0.601099377,-1.067539889,0.6262613,7221,56503,21664.47,18,,,,,,,,,,,,,,,,,,,,,,,,,,,,,,7221.00,8874.92,9970.98,11080.21,12035.27,13483.24,14768.27,17732.93,20189.96,23138.98,25934.39,31011.30,36831.09,40099.58,44752.98,49626.00,54361.00,56503.00
平均工资:在岗职工:四川:巴中市,人民币,24570.39167,264945438.6,16277.14467,0.642956575,-0.970552995,0.66246989,6502,55611,19590.34,18,,,,,,,,,,,,,,,,,,,,,,,,,,,,,,6502.00,7576.96,8627.50,9687.43,10613.59,11175.04,13083.86,14645.83,17210.93,21969.75,24701.89,28785.88,34264.24,39306.48,42466.67,43825.00,52213.00,55611.00
平均工资:在岗职工:四川:资阳市,人民币,26335.51941,299768583.6,17313.82637,0.797904377,-0.654025166,0.6574325,7418,60891,21226.92,17,,,,,,,,,,,,,,,,,,,,,,,,,,,,,,7418.00,8837.91,10032.51,11299.34,12643.99,13679.00,14937.21,17312.90,21226.92,24229.77,26323.35,31736.47,,39702.52,41944.94,50455.00,55033.00,60891.00
平均工资:在岗职工:贵州:贵阳市,人民币,28368.25727,505614175.5,22485.86613,0.867214033,-0.569344768,0.792641787,5441,73939,20550.445,22,,,,,,,,,,,,,,,,,,,,,,,,,,5441.00,5813.00,6542.00,7592.00,8784.00,10610.12,10987.99,12181.07,13809.97,15925.00,18522.17,22578.72,26386.11,27579.06,31128.48,38672.97,42974.00,50817.00,59334.00,63949.00,70535.00,73939.00
平均工资:在岗职工:贵州:六盘水市,人民币,27365.015,449089542,21191.73287,0.837823548,-0.361262078,0.774409693,5650,75775,20773.29,22,,,,,,,,,,,,,,,,,,,,,,,,,,5650.00,6050.00,5995.00,6880.00,7827.00,9116.93,10595.52,11722.80,13717.02,16749.97,19026.26,22520.32,25795.12,27931.30,33983.01,39873.08,43323.00,46366.00,52130.00,57001.00,64002.00,75775.00
平均工资:在岗职工:贵州:遵义市,人民币,29707.94905,573705215.1,23952.14427,0.816407814,-0.567795855,0.806253714,4549,78813,21771.02,21,,,,,,,,,,,,,,,,,,,,,,,,,,,4549.00,5327.00,6061.00,6815.00,9824.45,8855.94,10795.38,13409.56,16185.56,17940.27,21771.02,25941.73,30260.82,32923.03,40542.17,45301.00,50504.00,57152.00,66991.00,73904.00,78813.00
平均工资:在岗职工:贵州:安顺市,人民币,30077.31444,433533474.7,20821.46668,0.706572116,-0.760071454,0.69226482,6451,69391,24780.42,18,,,,,,,,,,,,,,,,,,,,,,,,,,,,,,6451.00,8593.23,9478.50,9828.00,11764.71,13952.00,16046.25,20139.05,23289.40,26271.44,29031.59,35037.49,39430.00,45944.00,49204.00,60798.00,66742.00,69391.00
平均工资:在岗职工:云南:昆明市,人民币,29536.91091,468450845.9,21643.72532,0.888813111,-0.489306685,0.732768751,7338,76350,21621.825,22,,,,,,,,,,,,,,,,,,,,,,,,,,7338.00,8224.00,9036.00,9560.00,10487.00,11651.69,13153.99,14255.10,16646.90,19122.07,20811.50,22432.15,22432.15,29889.22,32022.13,41645.22,45093.52,51100.00,58153.40,62033.00,68375.00,76350.00
平均工资:在岗职工:云南:曲靖市,人民币,26022.38667,274462906.4,16566.92206,0.694174119,-0.435485941,0.636641145,6952,63591,20879.6,21,,,,,,,,,,,,,,,,,,,,,,,,,,,6952.00,7661.00,8086.00,9445.00,10932.23,12085.69,12975.21,14844.26,16264.72,19671.39,20879.60,25980.35,29233.04,32553.64,35888.95,37294.77,40500.00,41677.27,46684.00,53270.00,63591.00
平均工资:在岗职工:云南:玉溪市,人民币,28212.1719,322629505.1,17961.89035,0.897136316,-0.140304072,0.636671661,9381,70106,22094.66,21,,,,,,,,,,,,,,,,,,,,,,,,,,10881.00,,9381.00,9761.00,11288.00,12184.74,13886.19,13678.82,16457.60,17843.68,20467.08,22094.66,25114.50,27666.24,30243.99,38171.51,43111.36,43900.00,46213.24,49597.00,60408.00,70106.00
平均工资:在岗职工:云南:保山市,人民币,25537.83778,273072496.6,16524.90534,0.943468352,-0.19200693,0.647075351,7960,62176,20386.31,18,,,,,,,,,,,,,,,,,,,,,,,,,,,,,,7960.00,9176.16,10600.82,11157.77,12100.73,13016.67,16053.10,15291.49,19365.03,21407.59,22694.62,26904.01,31085.65,38900.00,41310.44,47295.00,53186.00,62176.00
平均工资:在岗职工:云南:昭通市,人民币,30327.32235,346514652.6,18614.90405,0.842537461,-0.102357415,0.613799788,9290.48,71849,26713.78,17,,,,,,,,,,,,,,,,,,,,,,,,,,,,,,,9290.48,11304.19,11646.50,13112.96,14588.18,16218.67,19655.66,23267.62,26713.78,28797.13,34013.63,37251.45,40900.00,44210.23,53071.00,59674.00,71849.00
平均工资:在岗职工:云南:丽江市,人民币,32127.5275,349438799.3,18693.2822,1.011156247,0.288118196,0.581846275,12238.38,73865,28111.41,16,,,,,,,,,,,,,,,,,,,,,,,,,,,,,,,,12238.38,12444.18,14115.69,15190.15,17969.87,20986.44,24055.86,26782.69,29440.13,31467.74,35126.69,42000.00,40187.62,53866.00,64304.00,73865.00
平均工资:在岗职工:云南:普洱市,人民币,31590.648,409696666.9,20240.96507,1.353181677,1.45697801,0.640726492,10710.24,80910,26162.7,15,,,,,,,,,,,,,,,,,,,,,,,,,,,,,,,,,10710.24,11866.21,12408.69,15929.23,19982.37,23055.47,24780.91,27096.81,26162.70,31369.93,35300.00,39277.16,48977.00,66033.00,80910.00
平均工资:在岗职工:云南:临沧市,人民币,31061.85214,365227948.4,19110.93793,0.981401384,0.18507323,0.615254294,11608.73,73132,25512.925,14,,,,,,,,,,,,,,,,,,,,,,,,,,,,,,,,,11608.73,11802.14,12018.82,16217.62,18269.34,20693.64,24635.56,26390.29,30189.43,,39500.00,42131.36,49045.00,59232.00,73132.00
平均工资:在岗职工:西藏:拉萨,人民币,74903.94222,869753794.8,29491.58854,0.523238229,-1.78013418,0.393725452,46677.91,114582,68640.66,9,,,,,,,,,,,,,,,,,,,,,,,,,,,,,,,,,,,,,46954.06,46971.57,46677.91,,55740.26,,68640.66,72468.02,114582.00,111009.00,111092.00
平均工资:在岗职工:陕西:西安市,人民币,29772.33667,534659698,23122.70957,0.740725549,-0.759222485,0.776650816,5407,77774,20475.73,21,,,,,,,,,,,,,,,,,,,,,,,,,,5407.00,5785.00,6922.00,7764.00,9179.00,10786.23,12138.68,13504.76,15472.95,17728.24,20475.73,25013.80,29749.43,,37871.54,41678.81,46688.42,54377.83,54097.65,63193.00,69611.00,77774.00
平均工资:在岗职工:陕西:铜川市,人民币,23674.57682,337363268.7,18367.45134,0.595039536,-1.175671881,0.775830186,4147,57697,17100.045,22,,,,,,,,,,,,,,,,,,,,,,,,,,4147.00,4491.00,5501.00,6555.00,6461.00,7163.95,7774.08,9222.18,10685.32,12674.23,15234.95,18965.14,23446.10,28205.01,31031.85,33953.43,39323.96,45961.31,48385.18,50310.00,53652.00,57697.00
平均工资:在岗职工:陕西:宝鸡市,人民币,23969.61409,312967861.9,17690.89771,0.618599069,-1.138377804,0.738055175,5286,57729,17249.735,22,,,,,,,,,,,,,,,,,,,,,,,,,,5286.00,5663.00,6386.00,6920.00,7763.00,8864.45,10123.75,10681.06,11266.45,11829.05,14979.11,19520.36,22952.48,26536.92,31852.08,35833.59,39905.78,45125.60,45333.83,49414.00,53366.00,57729.00
平均工资:在岗职工:陕西:咸阳市,人民币,21901.07818,268174700.7,16376.04045,0.62372952,-1.184513396,0.747727592,4849,52592,15027.16,22,,,,,,,,,,,,,,,,,,,,,,,,,,4896.00,4849.00,5629.00,6245.00,6874.00,7743.09,8882.03,10011.64,10832.04,11389.34,12897.51,17156.81,20394.20,23933.59,27783.68,32760.09,38470.18,41462.85,43170.67,45309.00,48542.00,52592.00
平均工资:在岗职工:陕西:渭南市,人民币,22250.11318,300850285.8,17345.03635,0.629950738,-1.136411265,0.77954823,4263,55706,14922.165,22,,,,,,,,,,,,,,,,,,,,,,,,,,4263.00,4470.00,5164.00,5532.00,6191.00,6969.94,7889.70,9379.53,10511.13,11822.14,13574.96,16269.37,21091.85,24586.01,28626.71,33951.11,41918.88,41377.77,43375.39,45775.00,51057.00,55706.00
平均工资:在岗职工:陕西:延安市,人民币,29795.46238,487872037.8,22087.82556,0.454477412,-1.371752823,0.741315079,5034,67918,23141.96,21,,,,,,,,,,,,,,,,,,,,,,,,,,,5034.00,5458.00,6159.00,6921.00,8979.28,10240.51,11294.91,13683.36,15862.52,18404.20,23141.96,29522.71,34338.80,38319.96,42674.09,49441.32,55516.99,57958.10,61274.00,63562.00,67918.00
平均工资:在岗职工:陕西:汉中市,人民币,23895.92727,344888293.1,18571.16833,0.653746995,-0.967029575,0.777168767,4095,60395,17716.035,22,,,,,,,,,,,,,,,,,,,,,,,,,,4095.00,4370.00,4756.00,5450.00,6241.00,7508.75,9642.57,9422.34,17467.32,12249.46,13956.11,17964.75,22337.41,26630.73,30147.79,35125.59,40736.28,43712.64,46351.66,51411.00,55739.00,60395.00
平均工资:在岗职工:陕西:榆林市,人民币,31099.413,538592533.6,23207.59646,0.322856259,-1.605377933,0.746239052,3453,67120,26137.255,20,,,,,,,,,,,,,,,,,,,,,,,,,,3453.00,,,5867.00,6567.00,6973.78,10118.24,10166.57,11467.97,12771.11,15634.93,21732.98,30541.53,36494.47,40623.91,45038.14,52874.60,58424.52,59537.51,61316.00,65265.00,67120.00
平均工资:在岗职工:陕西:安康市,人民币,26580.71526,317257683.8,17811.72883,0.375347562,-1.371492824,0.670099681,4637,58722,23135.59,19,,,,,,,,,,,,,,,,,,,,,,,,,,4637.00,,,,6767.00,8158.73,9169.13,10002.62,11130.18,11957.61,13479.26,18581.49,23135.59,27445.55,32913.87,37813.15,41845.45,42757.25,43912.71,50410.00,52195.00,58722.00
平均工资:在岗职工:陕西:商洛市,人民币,23846.17563,227110478.3,15070.18508,0.549062559,-1.254763819,0.631974926,7803.23,49030,20587.82,16,,,,,,,,,,,,,,,,,,,,,,,,,,,,,,,7803.23,8489.13,8864.52,9773.95,10385.69,11248.82,14435.57,18657.90,22517.74,24104.48,30491.51,,33278.73,39962.54,45014.00,47481.00,49030.00
平均工资:在岗职工:甘肃:兰州市,人民币,28171.18591,444262583.3,21077.53741,0.820265985,-0.589379985,0.748194892,6379,72286,20060.975,22,,,,,,,,,,,,,,,,,,,,,,,,,,6379.00,6578.00,7450.00,8368.00,9376.00,10511.06,11492.48,13488.64,14854.34,16958.20,19103.06,21018.89,26119.90,28995.58,33963.82,38968.12,44492.00,48017.00,54005.00,60330.00,67011.00,72286.00
平均工资:在岗职工:甘肃:嘉峪关市,人民币,33743.81864,480101665.2,21911.22236,0.370226882,-1.219878543,0.649340331,7868,75988,29375.82,22,,,,,,,,,,,,,,,,,,,,,,,,,,7868.00,8701.00,8446.00,9263.00,10080.00,12359.75,14916.90,17313.81,22354.37,25680.64,28008.39,30743.25,36646.03,39384.72,46992.34,53833.81,51796.00,54710.00,60386.00,59967.00,66925.00,75988.00
平均工资:在岗职工:甘肃:金昌市,人民币,29855.19773,337259585,18364.62864,0.256381028,-1.54736654,0.61512333,8243,61136,27037.595,22,,,,,,,,,,,,,,,,,,,,,,,,,,8341.00,8250.00,8243.00,9919.00,10982.00,12182.58,13268.95,15095.15,17721.34,20388.60,24300.91,29774.28,35443.98,37263.90,40300.94,43213.72,53087.00,49702.00,51521.00,52683.00,53996.00,61136.00
平均工资:在岗职工:甘肃:白银市,人民币,25450.38364,327250484.2,18090.0659,0.539157365,-1.23837739,0.710797376,6337,60464,18157.42,22,,,,,,,,,,,,,,,,,,,,,,,,,,6337.00,6732.00,7013.00,6938.00,8972.00,9044.81,10072.66,11695.26,12940.77,13672.77,15484.80,20830.04,26457.48,30458.62,34109.61,39808.62,44866.00,43918.00,46389.00,49856.00,53848.00,60464.00
平均工资:在岗职工:甘肃:天水市,人民币,21032.124,272102028.7,16495.51541,0.894472175,-0.435463393,0.784300978,4461,57322,14662.249,22,,,,,,,,,,,,,,,,,,,,,,,,,,4461.00,4536.00,5049.00,5661.00,6681.00,8753.50,8552.56,9585.84,10480.76,11193.27,13708.56,15615.94,17210.53,21993.41,23928.17,28324.19,34525.00,38227.00,40491.00,45546.00,50861.00,57322.00
平均工资:在岗职工:甘肃:武威市,人民币,25482.66647,315525436.6,17763.03568,0.894129944,-0.41677804,0.697063461,6173.41,61170,19104.86,17,,,,,,,,,,,,,,,,,,,,,,,,,,,,,,,6173.41,7754.89,8949.95,10060.56,11486.76,12971.71,15397.20,17416.61,19104.86,22001.86,27016.52,29731.00,34506.00,40932.00,52384.00,56148.00,61170.00
平均工资:在岗职工:甘肃:张掖市,人民币,28003.46813,331113156.8,18196.51496,0.990161217,0.020090853,0.64979505,9338.06,67974,22073.03,16,,,,,,,,,,,,,,,,,,,,,,,,,,,,,,,,9338.06,9996.86,11182.65,11975.51,13724.63,16378.27,18714.95,21131.02,23015.04,26696.50,33448.00,35888.00,39315.00,51569.00,57708.00,67974.00
平均工资:在岗职工:甘肃:平凉市,人民币,31995.39063,291866680.8,17084.10609,0.278588502,-1.236762582,0.533955228,9396.69,61615,29776.055,16,,,,,,,,,,,,,,,,,,,,,,,,,,,,,,,,9396.69,11046.25,13519.61,16081.33,15027.27,21710.67,25864.09,28247.76,31304.35,36852.23,43431.00,40258.00,48851.00,53028.00,55693.00,61615.00
平均工资:在岗职工:甘肃:酒泉市,人民币,33828.64625,251479963.7,15858.1198,0.276810672,-1.280339341,0.468777843,13174.73,60662,31688.695,16,,,,,,,,,,,,,,,,,,,,,,,,,,,,,,,,13174.73,14526.03,15865.48,16962.56,21625.03,24197.42,27016.87,30557.32,32820.07,37096.83,43687.00,43608.00,49337.00,54609.00,55513.00,60662.00
平均工资:在岗职工:甘肃:庆阳市,人民币,31520.06125,377715705.7,19434.90946,0.586209509,-0.883817664,0.616588569,10107.84,68699,27892.4,16,,,,,,,,,,,,,,,,,,,,,,,,,,,,,,,,10107.84,10849.69,11138.95,12082.53,13923.60,17452.07,22179.14,27233.15,28551.65,34628.36,37936.00,43953.00,47915.00,56002.00,61669.00,68699.00
平均工资:在岗职工:甘肃:定西市,人民币,30185.502,270499456.8,16446.86769,0.546021817,-0.793058752,0.544859837,10951.53,61813,27754.78,15,,,,,,,,,,,,,,,,,,,,,,,,,,,,,,,,,10951.53,11460.51,12389.33,14334.60,17976.23,20887.47,22887.55,27754.78,32711.53,36839.00,36960.00,41499.00,49583.00,54735.00,61813.00
平均工资:在岗职工:甘肃:陇南市,人民币,29866.52214,212152062.2,14565.44068,0.389634866,-1.073963997,0.487684526,11102.63,54566,27651.36,14,,,,,,,,,,,,,,,,,,,,,,,,,,,,,,,,,,11102.63,12319.87,14685.88,17309.07,19948.73,23364.41,25876.03,29426.69,33859.00,37225.00,39705.00,46608.00,52135.00,54566.00
平均工资:在岗职工:青海:西宁市,人民币,28247.93136,415739491,20389.6908,0.797511328,-0.524678939,0.721811822,6004,72670,22181.025,22,,,,,,,,,,,,,,,,,,,,,,,,,,6004.00,6420.00,7311.00,8058.00,8964.00,12133.71,13580.07,14629.32,16175.60,17772.89,21028.73,23333.32,26461.67,28124.44,32219.66,38443.08,44031.00,48691.00,54181.00,57539.00,63683.00,72670.00
平均工资:在岗职工:宁夏:银川市,人民币,31871.67918,575467536.8,23988.90445,0.577785751,-1.028498624,0.752671496,5395,78686,25915.37,22,,,,,,,,,,,,,,,,,,,,,,,,,,5395.00,5860.00,6749.00,7530.00,8956.00,10552.88,11927.61,13497.08,15243.79,18423.31,23226.52,28604.22,33248.58,36795.22,39815.90,49938.20,52806.51,55338.43,59079.69,66626.00,72877.00,78686.00
平均工资:在岗职工:宁夏:石嘴山市,人民币,26094.80256,317731150.8,17825.01475,0.519919253,-1.195208093,0.683086784,6229,58884,20964.935,22,,,,,,,,,,,,,,,,,,,,,,,,,,6229.00,6711.00,7059.00,7553.00,9141.00,10539.47,11384.42,12112.25,13923.71,15929.49,18998.87,22931.00,27484.68,30320.38,34211.53,38555.89,41173.87,44464.96,48807.14,51990.00,55681.00,58884.00
平均工资:在岗职工:宁夏:吴忠市,人民币,29207.79879,385271898.9,19628.34427,0.466651696,-1.120924327,0.672024086,4046,65328,26211.325,20,,,,,,,,,,,,,,,,,,,,,,,,,,,,8800.00,6692.00,4046.00,10651.23,10321.52,10760.14,15515.63,16389.35,19316.94,23938.71,28483.94,29864.16,34051.20,38881.95,44765.33,47550.93,51665.95,55786.00,61347.00,65328.00
平均工资:在岗职工:宁夏:固原市,人民币,35738.11447,488130704.4,22093.68019,0.638231532,-1.023738702,0.618210572,12396.07,75783,29306.85,15,,,,,,,,,,,,,,,,,,,,,,,,,,,,,,,,12396.07,13561.12,13720.85,15902.65,16463.15,19893.99,26534.49,29306.85,33468.45,41389.93,48697.24,53851.93,,65375.00,69727.00,75783.00
平均工资:在岗职工:宁夏:中卫市,人民币,35648.1232,299713014.1,17312.22152,0.277858634,-1.158907594,0.485641879,12332.42,64448,33661.155,14,,,,,,,,,,,,,,,,,,,,,,,,,,,,,,,,,,12332.42,13939.73,16670.04,21501.67,25280.21,27619.96,30990.85,36331.46,39770.39,45262.28,48933.71,55473.00,60520.00,64448.00
平均工资:在岗职工:新疆:乌鲁木齐市,人民币,33173.39682,556015246.2,23579.97553,0.647011309,-0.885168525,0.710809799,7375,80231,26393.51,22,,,,,,,,,,,,,,,,,,,,,,,,,,7375.00,7702.00,8073.00,9365.00,10597.00,12920.97,14075.05,16509.34,18773.46,20354.95,23676.84,29110.18,33340.59,36500.40,40648.78,47177.78,52418.00,57392.00,61617.39,67617.00,74339.00,80231.00
平均工资:在岗职工:新疆:克拉玛依市,人民币,41254.03682,841540203.4,29009.31236,0.782515848,-1.080346678,0.703187242,10763,95107,28424.505,22,,,,,,,,,,,,,,,,,,,,,,,,,,10763.00,14184.00,15378.00,15865.00,16993.00,17885.04,18790.24,21851.06,23169.98,22090.50,25965.01,30884.00,34319.23,37451.83,38576.31,59151.38,73510.00,78964.00,86358.23,84559.00,85773.00,95107.00
