"点击这里以选择指标，然后再点击""更新""或""下载编辑""按钮更新或新增及移除数列",单位,平均,方差,标准差,偏度,峰度,变异系数,最小,最大,中位数,观测次数,1998,1999,2000,2001,2002,2003,2004,2005,2006,2007,2008,2009,2010,2011,2012,2013,2014,2015,2016,2017,2018
企业数:工业:地级市合计,个,290681.7647,9791060551,98949.78803,-0.175988664,-1.342183615,0.340405901,145406,444413,321060,17,,145406.00,153851.00,162090.00,174896.00,190826.00,219406.00,266221.00,295637.00,329956.00,375083.00,426601.00,444413.00,321060.00,335563.00,359698.00,367632.00,373251.00,,,
企业数:工业:北京,个,4952.55,1999611.734,1414.076283,0.416940258,-1.549616698,0.285524888,3231,7206,4524,20,4497.00,5225.00,4572.00,4356.00,4551.00,4019.00,6872.00,6301.00,6400.00,6398.00,7206.00,6891.00,6885.00,3740.00,3692.00,3641.00,3686.00,3548.00,3340.00,3231.00,
企业数:工业:天津,个,5908.75,1122672.197,1059.562267,1.21661946,0.902430549,0.179320883,4286,8326,5506,20,5412.00,5213.00,5430.00,5561.00,5346.00,5341.00,6462.00,6144.00,6301.00,6361.00,7950.00,8326.00,7947.00,5013.00,5342.00,5511.00,5501.00,5525.00,5203.00,4286.00,
企业数:工业:河北:石家庄,个,2124.947368,253782.7193,503.7685176,-0.403249328,-1.523840291,0.237073409,1362,2752,2315,19,,1405.00,1362.00,1431.00,1488.00,1568.00,1555.00,1925.00,2126.00,2127.00,2315.00,2469.00,2576.00,2379.00,2388.00,2562.00,2594.00,2752.00,2709.00,2643.00,
企业数:工业:河北:唐山,个,1384.368421,42172.57895,205.3596332,-0.330626905,-1.096083392,0.148341749,1024,1684,1432,19,,1024.00,1032.00,1179.00,1164.00,1209.00,1207.00,1505.00,1481.00,1379.00,1451.00,1684.00,1568.00,1288.00,1311.00,1566.00,1598.00,1595.00,1432.00,1630.00,
企业数:工业:河北:秦皇岛市,个,445.8421053,10076.80702,100.3833005,0.783590266,-0.769520336,0.225154375,333,642,396,19,,333.00,341.00,367.00,362.00,393.00,396.00,488.00,535.00,556.00,604.00,615.00,642.00,379.00,406.00,460.00,481.00,395.00,357.00,361.00,
企业数:工业:河北:邯郸市,个,853.1578947,117654.1404,343.0074931,0.231971438,-1.468319155,0.402044563,454,1378,875,19,,454.00,454.00,472.00,477.00,476.00,500.00,581.00,666.00,797.00,975.00,897.00,1095.00,875.00,972.00,1170.00,1277.00,1378.00,1350.00,1344.00,
企业数:工业:河北:邢台市,个,933.0526316,59180.16374,243.2697345,0.462101647,-1.027027959,0.260724558,646,1343,886,19,,675.00,646.00,679.00,665.00,669.00,671.00,795.00,886.00,882.00,945.00,1005.00,1010.00,869.00,986.00,1117.00,1242.00,1309.00,1334.00,1343.00,
企业数:工业:河北:保定市,个,1442.526316,110632.4854,332.6146199,-0.079843277,-1.606409325,0.230577852,984,1884,1489,19,,1044.00,984.00,1000.00,1029.00,1080.00,1099.00,1295.00,1361.00,1329.00,1489.00,1642.00,1848.00,1491.00,1613.00,1737.00,1814.00,1884.00,1841.00,1828.00,
企业数:工业:河北:张家口市,个,430.8947368,6302.54386,79.38856252,0.531737051,-0.43375478,0.184241198,311,582,415,19,,424.00,401.00,403.00,357.00,311.00,315.00,373.00,395.00,358.00,409.00,435.00,530.00,415.00,435.00,551.00,582.00,564.00,483.00,446.00,
企业数:工业:河北:承德市,个,455.8421053,8666.251462,93.09270359,-0.269144379,-1.383876745,0.20422138,307,573,461,19,,355.00,354.00,377.00,307.00,311.00,338.00,452.00,508.00,504.00,566.00,573.00,553.00,422.00,461.00,539.00,572.00,549.00,488.00,432.00,
企业数:工业:河北:沧州市,个,1450.842105,436486.2515,660.6710615,0.093795105,-1.517803961,0.455370753,649,2417,1571,19,,659.00,649.00,674.00,659.00,717.00,730.00,1024.00,1140.00,1302.00,1571.00,1754.00,1919.00,1610.00,1774.00,1993.00,2199.00,2380.00,2395.00,2417.00,
企业数:工业:河北:廊坊市,个,882.4210526,90515.03509,300.8571673,-0.137123725,-1.728827764,0.340945138,466,1255,871,19,,474.00,466.00,533.00,527.00,556.00,555.00,683.00,765.00,864.00,871.00,1134.00,1223.00,986.00,1073.00,1179.00,1252.00,1255.00,1190.00,1180.00,
企业数:工业:河北:衡水市,个,869.9444444,54268.29085,232.9555555,0.109673129,-1.181205715,0.267782106,537,1234,859.5,18,,540.00,537.00,,570.00,637.00,637.00,814.00,771.00,772.00,863.00,893.00,968.00,856.00,941.00,1094.00,1181.00,1234.00,1185.00,1166.00,
企业数:工业:山西:太原市,个,447.8947368,3225.099415,56.78995875,0.227697391,-0.925001073,0.126793092,355,557,440,19,,401.00,383.00,390.00,429.00,452.00,521.00,489.00,557.00,517.00,515.00,484.00,487.00,439.00,458.00,440.00,404.00,408.00,355.00,381.00,
企业数:工业:山西:大同市,个,311.0526316,18844.7193,137.2760696,0.53021945,-0.602510928,0.441327466,147,612,327,19,,379.00,384.00,386.00,380.00,405.00,612.00,404.00,524.00,441.00,327.00,219.00,203.00,147.00,169.00,178.00,173.00,177.00,168.00,234.00,
企业数:工业:山西:阳泉市,个,180.2105263,1580.619883,39.75701049,0.745343097,1.564174384,0.220614252,122,287,187,19,,192.00,197.00,196.00,187.00,189.00,287.00,221.00,216.00,193.00,204.00,171.00,186.00,128.00,160.00,164.00,144.00,134.00,122.00,133.00,
企业数:工业:山西:长治市,个,394.9473684,4867.385965,69.76665367,1.528853482,2.020752697,0.176647977,316,586,358,19,,350.00,350.00,348.00,385.00,411.00,586.00,509.00,501.00,420.00,422.00,417.00,386.00,340.00,354.00,358.00,344.00,352.00,316.00,355.00,
企业数:工业:山西:晋城市,个,239.3684211,858.6900585,29.30341377,1.221866155,2.386231625,0.122419715,202,322,241,19,,230.00,209.00,211.00,203.00,202.00,241.00,230.00,217.00,238.00,255.00,322.00,284.00,217.00,241.00,251.00,244.00,251.00,241.00,261.00,
企业数:工业:山西:朔州市,个,199.3684211,3401.578947,58.32305674,-0.305656792,-1.444967411,0.292539091,113,280,211,19,,119.00,120.00,113.00,118.00,130.00,162.00,163.00,189.00,211.00,260.00,207.00,224.00,235.00,261.00,268.00,280.00,258.00,232.00,238.00,
企业数:工业:山西:晋中市,个,504.7222222,12093.50654,109.9704803,-0.418752514,0.278852245,0.217883175,287,711,518,18,,,287.00,309.00,364.00,388.00,711.00,521.00,519.00,580.00,661.00,584.00,533.00,470.00,512.00,517.00,529.00,515.00,517.00,568.00,
企业数:工业:山西:运城市,个,468.2777778,1392.800654,37.32024455,0.761300803,0.796049218,0.079696809,420,563,461.5,18,,,420.00,421.00,429.00,433.00,506.00,486.00,494.00,449.00,453.00,461.00,563.00,429.00,462.00,497.00,500.00,491.00,454.00,481.00,
企业数:工业:山西:忻州市,个,305.5555556,2157.202614,46.44569533,-0.60919492,-1.242106303,0.152004094,230,368,329,18,,,230.00,232.00,240.00,258.00,243.00,332.00,335.00,328.00,332.00,268.00,323.00,307.00,330.00,331.00,355.00,368.00,339.00,349.00,
企业数:工业:山西:临汾市,个,446.8333333,6843.794118,82.72722718,0.757886385,-0.708104515,0.185141128,354,603,432,18,,,416.00,428.00,436.00,445.00,591.00,603.00,572.00,540.00,507.00,455.00,458.00,380.00,374.00,372.00,364.00,366.00,354.00,382.00,
企业数:工业:山西:吕梁市,个,500.2,7834.6,88.51327584,-0.857413144,0.187480402,0.176955769,300,601,523,15,,,,,,300.00,426.00,481.00,544.00,553.00,477.00,374.00,597.00,579.00,582.00,601.00,567.00,523.00,448.00,451.00,
企业数:工业:内蒙古:呼和浩特市,个,253.6315789,2445.467836,49.45167172,-0.154174631,-1.059066827,0.194974427,178,337,267,19,,216.00,194.00,178.00,180.00,185.00,203.00,245.00,279.00,293.00,317.00,337.00,320.00,267.00,273.00,281.00,277.00,277.00,265.00,232.00,
企业数:工业:内蒙古:包头市,个,470.2105263,37569.84211,193.829415,-0.155085774,-1.76082434,0.412218366,212,715,480,19,,220.00,212.00,215.00,223.00,254.00,301.00,342.00,401.00,480.00,573.00,705.00,715.00,625.00,618.00,654.00,660.00,658.00,677.00,401.00,
企业数:工业:内蒙古:乌海市,个,128.3684211,1735.356725,41.65761305,-1.070171238,-0.42578272,0.324516051,44,175,147,19,,44.00,55.00,65.00,70.00,83.00,127.00,147.00,145.00,150.00,160.00,175.00,168.00,155.00,153.00,154.00,153.00,147.00,144.00,144.00,
企业数:工业:内蒙古:赤峰市,个,378.8421053,31906.02924,178.6225888,-0.228107674,-1.801176318,0.471496136,137,593,376,19,,168.00,145.00,137.00,140.00,173.00,197.00,242.00,331.00,376.00,506.00,560.00,593.00,526.00,532.00,563.00,569.00,556.00,525.00,359.00,
企业数:工业:内蒙古:通辽市,个,351.8421053,50955.02924,225.7322069,-0.049898219,-1.895682778,0.641572465,68,616,345,19,,68.00,74.00,87.00,85.00,100.00,134.00,178.00,288.00,345.00,433.00,516.00,572.00,590.00,616.00,601.00,593.00,609.00,590.00,206.00,
企业数:工业:内蒙古:鄂尔多斯市,个,357.5294118,10043.88971,100.2192083,-1.001525936,0.259160767,0.280310388,143,487,384,17,,,,143.00,168.00,228.00,268.00,333.00,443.00,420.00,469.00,487.00,451.00,385.00,371.00,390.00,372.00,384.00,379.00,387.00,
企业数:工业:内蒙古:呼伦贝尔市,个,292.2352941,16710.56618,129.2693551,-0.292916187,-1.838873743,0.442346827,120,447,346,17,,,,120.00,121.00,120.00,139.00,167.00,227.00,284.00,346.00,417.00,447.00,384.00,394.00,409.00,423.00,419.00,391.00,160.00,
企业数:工业:内蒙古:巴彦淖尔市,个,240.8666667,2627.980952,51.26383669,-1.179254006,0.478899866,0.212830764,124,287,258,15,,,,,,124.00,160.00,176.00,245.00,228.00,231.00,258.00,282.00,275.00,275.00,280.00,286.00,287.00,283.00,223.00,
企业数:工业:内蒙古:乌兰察布市,个,321.3333333,6753.52381,82.17982605,-0.936104267,0.189323022,0.255746347,141,429,339,15,,,,,,141.00,189.00,237.00,270.00,297.00,372.00,392.00,429.00,373.00,382.00,388.00,383.00,339.00,312.00,316.00,
企业数:工业:辽宁:沈阳市,个,3013.578947,2252320.924,1500.773442,-0.044512742,-1.569105558,0.498003692,1116,5252,3284,19,,1150.00,1183.00,1157.00,1116.00,1349.00,1836.00,3033.00,4129.00,4382.00,4659.00,5247.00,5252.00,4161.00,4034.00,3901.00,3635.00,3284.00,2371.00,1379.00,
企业数:工业:辽宁:大连市,个,2469.315789,1477061.561,1215.344215,0.529641296,-0.460706794,0.49217853,931,4985,2486,19,,973.00,1143.00,931.00,1124.00,1280.00,1658.00,2110.00,2954.00,3573.00,3541.00,4985.00,4684.00,2960.00,3142.00,3101.00,2844.00,2486.00,1745.00,1683.00,
企业数:工业:辽宁:鞍山市,个,1048.473684,279790.4854,528.9522525,1.740977284,2.827675894,0.504497405,561,2455,914,19,,665.00,664.00,643.00,631.00,649.00,649.00,805.00,1017.00,1244.00,1253.00,2282.00,2455.00,1087.00,1186.00,1229.00,1247.00,914.00,740.00,561.00,
企业数:工业:辽宁:抚顺市,个,661.8421053,120182.0292,346.6727985,0.477451399,-0.646873166,0.523799855,215,1410,617,19,,314.00,304.00,350.00,335.00,395.00,485.00,617.00,768.00,780.00,847.00,1183.00,1410.00,930.00,922.00,967.00,966.00,545.00,215.00,242.00,
企业数:工业:辽宁:本溪市,个,388.1578947,32102.69591,179.1722521,0.243193879,-1.703494826,0.46159631,164,647,365,19,,235.00,223.00,226.00,210.00,233.00,225.00,295.00,365.00,421.00,551.00,637.00,624.00,437.00,564.00,647.00,614.00,525.00,164.00,179.00,
企业数:工业:辽宁:丹东市,个,638.9473684,76227.27485,276.0928736,0.22293249,-1.416308405,0.432105815,310,1138,713,19,,310.00,334.00,344.00,366.00,410.00,431.00,713.00,807.00,883.00,920.00,1138.00,1054.00,875.00,821.00,792.00,752.00,509.00,336.00,345.00,
企业数:工业:辽宁:锦州市,个,588.2631579,65112.87135,255.1722386,0.078145732,-1.430644347,0.433772258,229,1005,657,19,,303.00,229.00,280.00,322.00,393.00,391.00,557.00,657.00,719.00,746.00,989.00,1005.00,754.00,815.00,839.00,821.00,686.00,377.00,294.00,
企业数:工业:辽宁:营口市,个,1016,167037.1111,408.7017386,-0.052952429,-1.585141234,0.402265491,426,1651,1007,19,,426.00,493.00,532.00,586.00,703.00,853.00,1007.00,1218.00,1200.00,1266.00,1512.00,1651.00,1406.00,1447.00,1468.00,1375.00,1005.00,580.00,576.00,
企业数:工业:辽宁:阜新市,个,351.1578947,29867.47368,172.8220868,0.820013837,-0.856286012,0.492149228,179,659,272,19,,221.00,217.00,200.00,207.00,179.00,199.00,200.00,272.00,263.00,303.00,384.00,461.00,470.00,574.00,652.00,659.00,643.00,357.00,211.00,
企业数:工业:辽宁:辽阳市,个,514.3157895,45472.00585,213.2416607,0.273083698,-0.785145931,0.414612316,194,918,564,19,,311.00,290.00,317.00,343.00,395.00,382.00,564.00,627.00,630.00,640.00,918.00,891.00,645.00,701.00,665.00,606.00,430.00,223.00,194.00,
企业数:工业:辽宁:盘锦市,个,390.6842105,29082.45029,170.5357742,0.885276542,0.192358721,0.436505417,187,786,345,19,,276.00,292.00,267.00,187.00,200.00,205.00,267.00,303.00,382.00,411.00,786.00,708.00,508.00,498.00,534.00,507.00,497.00,345.00,250.00,
企业数:工业:辽宁:铁岭市,个,795,370883.6667,609.0021894,0.534927783,-1.379486599,0.76604049,205,1848,631,19,,217.00,205.00,225.00,226.00,262.00,350.00,723.00,923.00,1170.00,1242.00,1695.00,1848.00,1695.00,1596.00,1301.00,631.00,328.00,240.00,228.00,
企业数:工业:辽宁:朝阳市,个,503.4210526,89969.70175,299.9494987,0.974036382,0.31937887,0.595822318,200,1222,445,19,,253.00,257.00,216.00,200.00,236.00,237.00,404.00,479.00,581.00,617.00,1040.00,1222.00,645.00,720.00,817.00,708.00,445.00,240.00,248.00,
企业数:工业:辽宁:葫芦岛市,个,281.7894737,16001.06433,126.4953135,1.168974707,0.963986016,0.448900066,157,570,235,19,,162.00,182.00,158.00,164.00,157.00,157.00,214.00,234.00,327.00,326.00,567.00,570.00,340.00,326.00,391.00,341.00,292.00,211.00,235.00,
企业数:工业:吉林:长春市,个,1034.631579,155839.5789,394.76522,0.158517336,-1.374044531,0.38155149,552,1641,1035,19,,583.00,577.00,572.00,570.00,552.00,580.00,814.00,952.00,1020.00,1395.00,1519.00,1606.00,1035.00,1081.00,1109.00,1132.00,1340.00,1580.00,1641.00,
企业数:工业:吉林:吉林市,个,816.1578947,96392.80702,310.4719102,-0.164626151,-2.048263049,0.380406674,441,1180,1022,19,,496.00,479.00,470.00,508.00,441.00,457.00,449.00,516.00,739.00,1022.00,1180.00,1177.00,1103.00,1121.00,1097.00,1041.00,1073.00,1062.00,1076.00,
企业数:工业:吉林:四平市,个,421.1578947,15020.14035,122.5566822,0.044963282,-1.666186465,0.29099937,263,601,450,19,,334.00,327.00,328.00,308.00,263.00,277.00,264.00,274.00,352.00,450.00,501.00,557.00,506.00,502.00,503.00,492.00,564.00,599.00,601.00,
企业数:工业:吉林:辽源市,个,258.1052632,5108.877193,71.47641005,-0.354637427,-1.643142951,0.276927364,155,351,304,19,,155.00,164.00,175.00,168.00,160.00,180.00,205.00,250.00,266.00,310.00,350.00,351.00,313.00,304.00,313.00,305.00,316.00,314.00,305.00,
企业数:工业:吉林:通化市,个,437.5263158,21851.15205,147.8213518,-0.268407278,-1.65000447,0.337857053,215,618,498,19,,345.00,331.00,268.00,229.00,215.00,235.00,282.00,335.00,430.00,529.00,614.00,604.00,498.00,532.00,552.00,549.00,596.00,618.00,551.00,
企业数:工业:吉林:白山市,个,294.8947368,13880.32164,117.8147768,-0.315894736,-1.714163358,0.399514681,130,448,349,19,,147.00,150.00,140.00,144.00,130.00,164.00,209.00,275.00,296.00,349.00,412.00,448.00,407.00,418.00,412.00,392.00,382.00,368.00,360.00,
企业数:工业:吉林:松原市,个,385.6315789,50215.69006,224.0885764,-0.159353215,-2.004055887,0.581094984,113,642,460,19,,125.00,128.00,118.00,113.00,120.00,157.00,157.00,234.00,323.00,460.00,587.00,642.00,561.00,560.00,604.00,612.00,615.00,620.00,591.00,
企业数:工业:吉林:白城市,个,248.1052632,4831.432749,69.50850846,-0.04240812,-1.74433614,0.280157332,152,349,262,19,,216.00,206.00,176.00,190.00,152.00,165.00,157.00,172.00,195.00,262.00,291.00,315.00,279.00,304.00,308.00,321.00,321.00,335.00,349.00,
企业数:工业:黑龙江:哈尔滨市,个,1062.631579,77816.80117,278.9566295,0.168670038,-1.944369317,0.262514906,764,1436,969,19,,804.00,792.00,769.00,766.00,764.00,765.00,814.00,809.00,969.00,1373.00,1436.00,1433.00,901.00,1148.00,1331.00,1388.00,1365.00,1315.00,1248.00,
企业数:工业:黑龙江:齐齐哈尔市,个,311.8421053,2162.140351,46.49882096,0.603548402,-0.636514408,0.149110143,255,411,302,19,,327.00,269.00,255.00,271.00,270.00,274.00,257.00,273.00,302.00,324.00,331.00,411.00,274.00,302.00,326.00,341.00,369.00,382.00,367.00,
企业数:工业:黑龙江:鸡西市,个,173.1052632,2436.099415,49.35685783,0.073533191,-1.312204288,0.285126269,110,254,180,19,,254.00,247.00,237.00,224.00,184.00,164.00,179.00,197.00,180.00,201.00,189.00,209.00,113.00,122.00,112.00,114.00,116.00,110.00,137.00,
企业数:工业:黑龙江:鹤岗市,个,103.6842105,1126.116959,33.55766617,0.421494059,-0.425050001,0.323652618,51,173,99,19,,85.00,78.00,60.00,63.00,51.00,86.00,72.00,105.00,112.00,128.00,145.00,173.00,113.00,143.00,155.00,99.00,99.00,94.00,109.00,
企业数:工业:黑龙江:双鸭山市,个,157.6842105,1157.450292,34.02132114,0.249337672,-1.235534239,0.215756042,108,212,149,19,,141.00,108.00,195.00,149.00,149.00,150.00,153.00,116.00,113.00,201.00,212.00,195.00,170.00,193.00,209.00,149.00,122.00,127.00,144.00,
企业数:工业:黑龙江:大庆市,个,395.5789474,19841.36842,140.8593924,0.539818143,0.398702395,0.356084148,193,723,415,19,,193.00,209.00,216.00,224.00,287.00,299.00,436.00,427.00,433.00,551.00,723.00,630.00,415.00,413.00,442.00,452.00,391.00,356.00,419.00,
企业数:工业:黑龙江:伊春市,个,119.4210526,640.8128655,25.31428185,0.989716913,0.480530799,0.211975035,87,182,112,19,,113.00,97.00,87.00,104.00,102.00,102.00,136.00,133.00,142.00,157.00,153.00,182.00,105.00,112.00,126.00,120.00,109.00,92.00,97.00,
企业数:工业:黑龙江:佳木斯市,个,257,3110.555556,55.77235476,0.784574889,-0.764234081,0.217013054,197,365,222,19,,222.00,219.00,217.00,210.00,207.00,197.00,202.00,222.00,214.00,232.00,277.00,321.00,280.00,306.00,365.00,363.00,322.00,286.00,221.00,
企业数:工业:黑龙江:七台河市,个,87.47368421,520.0409357,22.80440606,0.599043542,-0.422074688,0.26070019,54,137,83,19,,70.00,61.00,54.00,65.00,70.00,70.00,79.00,80.00,89.00,95.00,120.00,137.00,117.00,114.00,106.00,95.00,90.00,67.00,83.00,
企业数:工业:黑龙江:牡丹江市,个,383.8421053,6948.695906,83.3588382,0.134521108,-1.593906022,0.217169605,251,514,338,19,,336.00,331.00,315.00,315.00,295.00,299.00,302.00,333.00,338.00,446.00,473.00,514.00,407.00,441.00,483.00,484.00,485.00,445.00,251.00,
企业数:工业:黑龙江:黑河市,个,122.5789474,2264.368421,47.58538033,1.40125985,1.10462606,0.3882019,73,240,99,19,,191.00,217.00,240.00,125.00,125.00,95.00,86.00,87.00,89.00,116.00,148.00,158.00,73.00,85.00,93.00,92.00,99.00,99.00,111.00,
企业数:工业:黑龙江:绥化市,个,238.1111111,7340.69281,85.67784317,0.973487541,-0.821215082,0.359822953,158,396,193,18,,,192.00,168.00,166.00,158.00,171.00,189.00,186.00,180.00,184.00,194.00,202.00,202.00,267.00,396.00,366.00,378.00,373.00,314.00,
企业数:工业:上海,个,11791.5,12326081.53,3510.851966,0.817346766,-0.901615684,0.297744304,8122,18792,9872,20,9320.00,9323.00,8574.00,9762.00,10057.00,11098.00,15766.00,14809.00,14404.00,15099.00,18792.00,17906.00,16684.00,9962.00,9772.00,9782.00,9253.00,8994.00,8351.00,8122.00,
企业数:工业:江苏:南京市,个,2407.631579,319094.1345,564.884178,1.359909095,1.971386813,0.23462235,1797,3917,2344,19,,1834.00,1797.00,1807.00,1947.00,2064.00,2165.00,2344.00,1889.00,2094.00,2194.00,3520.00,3917.00,2508.00,2593.00,2601.00,2748.00,2714.00,2661.00,2348.00,
企业数:工业:江苏:无锡市,个,4856.105263,1761793.099,1327.325544,0.468432625,0.917278387,0.273331296,2702,7988,4988,19,,2702.00,2892.00,3123.00,3340.00,3925.00,4543.00,4628.00,4962.00,5333.00,5564.00,7225.00,7988.00,5241.00,5248.00,5255.00,5163.00,4988.00,4888.00,5258.00,
企业数:工业:江苏:徐州市,个,1987.263158,1013942.649,1006.947193,-0.20748754,-1.718873013,0.506700478,634,3412,2289,19,,634.00,675.00,662.00,743.00,835.00,959.00,1253.00,1586.00,1941.00,2289.00,3108.00,3412.00,2788.00,2859.00,2874.00,2861.00,2875.00,2992.00,2412.00,
企业数:工业:江苏:常州市,个,3868.947368,1609790.942,1268.775371,0.458963365,0.139216316,0.327938131,2054,6493,3887,19,,2054.00,2059.00,2185.00,2474.00,2804.00,3161.00,3593.00,4223.00,4768.00,4954.00,6493.00,6375.00,3638.00,3869.00,3887.00,4350.00,4244.00,4139.00,4240.00,
企业数:工业:江苏:苏州市,个,8126.789474,11325350.06,3365.315745,-0.145693881,-1.041858294,0.414101504,3002,13720,9616,19,,3002.00,3112.00,3735.00,4112.00,4553.00,5044.00,6743.00,7485.00,8632.00,9959.00,13720.00,13538.00,9904.00,10444.00,10476.00,10432.00,10062.00,9616.00,9840.00,
企业数:工业:江苏:南通市,个,4248.210526,3370150.064,1835.796847,0.010359222,-0.757416023,0.432134151,1641,7589,4941,19,,1654.00,1641.00,1775.00,1933.00,2211.00,2715.00,3473.00,4217.00,5111.00,5844.00,7387.00,7589.00,4912.00,4941.00,4964.00,5081.00,5066.00,5071.00,5131.00,
企业数:工业:江苏:连云港市,个,1148.263158,194805.7602,441.3680553,-0.015192161,-1.595363541,0.384378835,486,1815,1262,19,,780.00,784.00,727.00,694.00,486.00,552.00,677.00,838.00,1039.00,1262.00,1591.00,1648.00,1263.00,1388.00,1419.00,1649.00,1701.00,1815.00,1504.00,
企业数:工业:江苏:淮安市,个,1543.75,540352.9342,735.0870249,0.070572705,-1.482704407,0.476169733,534,2647,1478,20,,534.00,554.00,620.00,707.00,794.00,885.00,1079.00,1350.00,1461.00,1116.00,1746.00,2399.00,1495.00,1941.00,2097.00,2474.00,2647.00,2609.00,2175.00,2192.00
企业数:工业:江苏:盐城市,个,2434.842105,743118.1404,862.0430038,-0.361013836,-1.094290981,0.354044725,1050,3827,2816,19,,1050.00,1149.00,1181.00,1308.00,1518.00,1795.00,2085.00,2513.00,2844.00,2910.00,3564.00,3827.00,2590.00,2816.00,2890.00,3002.00,3156.00,3185.00,2879.00,
企业数:工业:江苏:扬州市,个,2361.947368,640612.6082,800.3827885,0.09704266,-0.619225983,0.338865632,1223,3847,2584,19,,1257.00,1223.00,1264.00,1341.00,1535.00,1773.00,2045.00,2252.00,2682.00,3023.00,3785.00,3847.00,2584.00,2560.00,2589.00,2799.00,2774.00,2686.00,2858.00,
企业数:工业:江苏:镇江市,个,2101.9,422400.7263,649.9236311,-0.022163281,-1.213039508,0.309207684,1145,3125,2109.5,20,,1197.00,1145.00,1232.00,1289.00,1412.00,1531.00,1773.00,1961.00,2210.00,2504.00,3064.00,3125.00,2173.00,2446.00,2470.00,2938.00,2843.00,2635.00,2046.00,2044.00
企业数:工业:江苏:泰州市,个,2258.947368,855501.386,924.9331792,-0.062720818,-0.884558675,0.409453178,936,4012,2531,19,,972.00,936.00,971.00,1083.00,1209.00,1492.00,1905.00,2190.00,2588.00,2849.00,3566.00,4012.00,2489.00,2531.00,2541.00,2709.00,2867.00,3018.00,2992.00,
企业数:工业:江苏:宿迁市,个,1420.736842,771463.8713,878.3301608,0.088235643,-1.785212547,0.61822157,331,2599,1347,19,,331.00,360.00,423.00,522.00,549.00,516.00,631.00,856.00,1133.00,1347.00,2058.00,2471.00,1795.00,2236.00,2338.00,2517.00,2565.00,2599.00,1747.00,
企业数:工业:浙江:杭州市,个,6251.894737,5394076.544,2322.515133,0.292325576,-0.492364844,0.371489801,2474,10370,5927,19,,2474.00,2715.00,3580.00,4015.00,4689.00,5607.00,7359.00,7826.00,8674.00,9907.00,10032.00,10370.00,5868.00,5927.00,6284.00,6169.00,6073.00,5684.00,5533.00,
企业数:工业:浙江:宁波市,个,7372.684211,9598450.228,3098.136574,0.170557632,-0.807090283,0.420218266,2498,12491,7286,19,,2498.00,2803.00,3530.00,4060.00,4672.00,5927.00,8788.00,9873.00,11017.00,12098.00,12059.00,12491.00,6616.00,6804.00,7167.00,7383.00,7509.00,7286.00,7500.00,
企业数:工业:浙江:温州市,个,4881.052632,2943737.386,1715.732318,0.166250832,-0.097487127,0.35150867,1740,8096,4871,19,,1740.00,2105.00,3005.00,3685.00,3824.00,5400.00,5226.00,5757.00,6480.00,7451.00,7636.00,8096.00,4161.00,4290.00,4521.00,4897.00,5013.00,4871.00,4582.00,
企业数:工业:浙江:嘉兴市,个,4285.578947,3726159.813,1930.326349,-0.306765896,-0.993359994,0.450423705,1277,7311,4707,19,,1355.00,1277.00,1303.00,1777.00,2526.00,2836.00,4497.00,5389.00,5986.00,6728.00,6819.00,7311.00,3987.00,4324.00,4707.00,5005.00,5154.00,5051.00,5394.00,
企业数:工业:浙江:湖州市,个,2203.526316,771168.4854,878.1619927,-0.394159016,-1.022719599,0.398525757,748,3561,2428,19,,748.00,768.00,983.00,1118.00,1323.00,1589.00,1895.00,2339.00,2567.00,3069.00,3371.00,3561.00,2309.00,2428.00,2577.00,2719.00,2752.00,2806.00,2945.00,
企业数:工业:浙江:绍兴市,个,3719.631579,1442174.246,1200.905594,-0.47739005,-0.772998302,0.322856059,1618,5545,4032,19,,1618.00,1776.00,1975.00,2125.00,2448.00,3876.00,3676.00,4032.00,4428.00,5213.00,5266.00,5545.00,3427.00,3682.00,4079.00,4231.00,4352.00,4430.00,4494.00,
企业数:工业:浙江:金华市,个,3297.578947,2290223.48,1513.348433,-0.260705597,-0.568987448,0.458927127,765,5965,3691,19,,765.00,813.00,891.00,1727.00,2082.00,2805.00,2968.00,3730.00,4503.00,5138.00,5312.00,5965.00,2968.00,3248.00,3871.00,4065.00,4144.00,3968.00,3691.00,
企业数:工业:浙江:衢州市,个,811.5,97779.84211,312.6976848,-0.293122647,-0.354733684,0.385332945,259,1411,867,20,,259.00,264.00,376.00,433.00,518.00,650.00,722.00,838.00,933.00,1114.00,1230.00,1411.00,861.00,940.00,1005.00,1025.00,1003.00,933.00,842.00,873.00
企业数:工业:浙江:舟山市,个,394.4210526,17049.36842,130.5732301,0.38078604,-0.160670347,0.331050357,186,659,383,19,,186.00,194.00,228.00,300.00,314.00,339.00,442.00,451.00,531.00,590.00,596.00,659.00,358.00,383.00,414.00,393.00,390.00,375.00,351.00,
企业数:工业:浙江:台州市,个,3825.894737,2492706.766,1578.830823,0.630807599,0.128947534,0.412669697,1384,7308,3689,19,,1384.00,1564.00,2413.00,2257.00,2634.00,3689.00,3945.00,4547.00,5474.00,6262.00,6210.00,7308.00,3040.00,3378.00,3733.00,3804.00,3672.00,3618.00,3760.00,
企业数:工业:浙江:丽水市,个,930.5,149302.9706,386.3974257,-0.069816064,-0.648281107,0.415257846,295,1654,968.5,18,,,295.00,342.00,408.00,521.00,617.00,757.00,868.00,1021.00,1357.00,1451.00,1654.00,916.00,1100.00,1202.00,1161.00,1115.00,1115.00,849.00,
企业数:工业:安徽:合肥市,个,1418.736842,781807.9825,884.1990627,-0.026599279,-1.933268149,0.623229789,365,2535,1365,19,,368.00,365.00,365.00,447.00,436.00,492.00,668.00,852.00,1083.00,1365.00,1917.00,2229.00,2054.00,2296.00,2334.00,2419.00,2474.00,2535.00,2257.00,
企业数:工业:安徽:芜湖市,个,1165.526316,537693.8187,733.2760863,-0.078031697,-1.848139616,0.629137306,230,2101,1266,19,,231.00,230.00,262.00,308.00,360.00,522.00,552.00,748.00,874.00,1266.00,1587.00,1786.00,1666.00,1792.00,1836.00,1973.00,2101.00,2089.00,1962.00,
企业数:工业:安徽:蚌埠市,个,530.6842105,123970.7836,352.0948503,0.556974327,-1.168908662,0.663473387,176,1160,443,19,,192.00,176.00,181.00,207.00,207.00,202.00,204.00,244.00,347.00,443.00,600.00,864.00,582.00,685.00,738.00,880.00,1056.00,1160.00,1115.00,
企业数:工业:安徽:淮南市,个,339,41988.22222,204.9102785,0.340612126,-1.799978623,0.604455099,129,621,248,19,,144.00,131.00,131.00,129.00,141.00,153.00,164.00,184.00,192.00,248.00,420.00,589.00,348.00,465.00,609.00,561.00,621.00,602.00,609.00,
企业数:工业:安徽:马鞍山市,个,579.5263158,142160.152,377.0413134,0.214896461,-1.302301453,0.650602575,120,1214,605,19,,126.00,120.00,122.00,148.00,184.00,190.00,341.00,426.00,516.00,605.00,705.00,791.00,639.00,750.00,895.00,1035.00,1150.00,1214.00,1054.00,
企业数:工业:安徽:淮北市,个,413.4210526,84547.92398,290.7712571,0.05609498,-1.972747917,0.703329584,101,779,478,19,,107.00,101.00,101.00,101.00,110.00,110.00,123.00,162.00,228.00,478.00,588.00,673.00,527.00,657.00,732.00,766.00,779.00,774.00,738.00,
企业数:工业:安徽:铜陵市,个,232.5789474,21610.81287,147.0061661,1.167705786,0.527969553,0.632069961,84,541,204,19,,88.00,84.00,90.00,92.00,98.00,130.00,159.00,177.00,213.00,257.00,295.00,281.00,174.00,204.00,245.00,260.00,491.00,541.00,540.00,
企业数:工业:安徽:安庆市,个,1066.526316,312582.152,559.0904686,-0.017251041,-1.908417605,0.52421629,433,1791,1190,19,,448.00,448.00,448.00,433.00,438.00,462.00,492.00,614.00,916.00,1190.00,1414.00,1527.00,1344.00,1474.00,1674.00,1791.00,1667.00,1768.00,1716.00,
企业数:工业:安徽:黄山市,个,351.3684211,28485.91228,168.7777008,-0.189682763,-1.863352746,0.480343966,129,563,408,19,,147.00,149.00,129.00,134.00,153.00,186.00,205.00,256.00,331.00,446.00,492.00,517.00,408.00,474.00,503.00,516.00,539.00,563.00,528.00,
企业数:工业:安徽:滁州市,个,861.0526316,211534.6082,459.9289165,0.261776231,-1.571582508,0.534147275,349,1578,849,19,,376.00,367.00,349.00,350.00,376.00,405.00,452.00,568.00,656.00,926.00,1104.00,1238.00,849.00,1091.00,1253.00,1382.00,1503.00,1578.00,1537.00,
企业数:工业:安徽:阜阳市,个,703.6842105,273053.6725,522.5453784,1.025684223,-0.309318086,0.742585055,228,1743,502,19,,448.00,298.00,289.00,299.00,300.00,228.00,232.00,257.00,301.00,502.00,681.00,686.00,628.00,836.00,1070.00,1316.00,1547.00,1709.00,1743.00,
企业数:工业:安徽:宿州市,个,622.8421053,184602.3626,429.6537706,0.375876212,-1.511116704,0.689827754,185,1315,578,19,,208.00,202.00,207.00,212.00,185.00,198.00,212.00,238.00,344.00,578.00,723.00,856.00,869.00,847.00,982.00,1129.00,1257.00,1315.00,1272.00,
企业数:工业:安徽:巢湖市,个,430.4166667,30597.35606,174.9209995,1.215020033,0.531873833,0.406399224,285,812,372,12,,294.00,285.00,287.00,286.00,303.00,361.00,383.00,413.00,477.00,595.00,669.00,812.00,,,,,,,,
企业数:工业:安徽:六安市,个,652.3157895,108621.5614,329.5778533,-0.11385588,-1.860206463,0.505242796,233,1086,765,19,,246.00,233.00,250.00,264.00,285.00,306.00,370.00,482.00,554.00,771.00,947.00,1028.00,765.00,930.00,1018.00,1086.00,997.00,948.00,914.00,
企业数:工业:安徽:亳州市,个,422.5,92054.85294,303.4054267,0.631326363,-1.086781803,0.718119353,118,975,360.5,18,,,161.00,140.00,118.00,123.00,127.00,151.00,179.00,203.00,298.00,464.00,423.00,449.00,581.00,657.00,775.00,901.00,975.00,880.00,
企业数:工业:安徽:池州市,个,332,41455.05882,203.6051542,0.043592312,-1.696449319,0.613268537,80,614,350.5,18,,,84.00,80.00,85.00,100.00,124.00,146.00,177.00,235.00,351.00,449.00,614.00,350.00,431.00,466.00,524.00,575.00,605.00,580.00,
企业数:工业:安徽:宣城市,个,850.1111111,208371.8693,456.4776767,0.027918788,-1.667496837,0.53696237,246,1462,862.5,18,,,246.00,268.00,304.00,345.00,393.00,434.00,549.00,696.00,945.00,1111.00,1381.00,780.00,1001.00,1181.00,1349.00,1419.00,1462.00,1438.00,
企业数:工业:福建:福州市,个,2156.263158,285472.7602,534.2965097,-0.544599768,-0.342607658,0.247788174,1154,2900,2220,19,,1154.00,1231.00,1283.00,1562.00,1901.00,2345.00,2359.00,2470.00,2656.00,2900.00,2889.00,2877.00,2050.00,2077.00,2205.00,2275.00,2302.00,2220.00,2213.00,
企业数:工业:福建:厦门市,个,1568,199853.3684,447.0496264,-0.466329128,-0.718991214,0.28510818,810,2266,1691.5,20,,810.00,863.00,966.00,903.00,943.00,1879.00,1549.00,1684.00,1750.00,2077.00,2266.00,2213.00,1502.00,1503.00,1664.00,1701.00,1766.00,1699.00,1726.00,1896.00
企业数:工业:福建:莆田市,个,815,136037.5556,368.8326932,-0.118727001,-1.55951161,0.452555452,287,1347,859,19,,287.00,318.00,342.00,358.00,431.00,493.00,579.00,658.00,810.00,1002.00,1125.00,1347.00,859.00,942.00,1029.00,1175.00,1248.00,1261.00,1221.00,
企业数:工业:福建:三明市,个,1189.578947,281985.3684,531.0229453,-0.255525069,-1.756103806,0.446395715,444,1796,1386,19,,444.00,460.00,486.00,542.00,602.00,714.00,786.00,950.00,1146.00,1386.00,1469.00,1640.00,1521.00,1662.00,1690.00,1753.00,1785.00,1796.00,1770.00,
企业数:工业:福建:泉州市,个,3822.684211,1511511.006,1229.435239,-1.173429808,0.042592508,0.321615695,1280,5186,4338,19,,1280.00,1485.00,1725.00,2210.00,3183.00,3924.00,4095.00,4338.00,4583.00,4892.00,5044.00,5186.00,4004.00,4270.00,4405.00,4438.00,4420.00,4514.00,4635.00,
企业数:工业:福建:漳州市,个,1595.05,392054.05,626.1421963,-0.386995007,-1.430563237,0.392553335,585,2360,1777,20,,585.00,634.00,727.00,797.00,909.00,1081.00,1190.00,1392.00,1582.00,1862.00,2026.00,2273.00,2360.00,1692.00,1867.00,2006.00,2147.00,2228.00,2274.00,2269.00
企业数:工业:福建:南平市,个,841.3684211,89707.46784,299.5120496,-0.255484509,-1.424976976,0.355982043,403,1261,910,19,,404.00,403.00,440.00,443.00,532.00,576.00,683.00,836.00,1002.00,1191.00,1221.00,1261.00,824.00,910.00,941.00,997.00,1109.00,1124.00,1089.00,
企业数:工业:福建:龙岩市,个,860.8421053,147138.807,383.586766,-0.238388653,-1.4759102,0.4455948,343,1405,976,19,,355.00,352.00,343.00,352.00,369.00,481.00,644.00,809.00,976.00,1142.00,1257.00,1399.00,1405.00,965.00,987.00,1034.00,1095.00,1205.00,1186.00,
企业数:工业:福建:宁德市,个,815.2222222,154152.8889,392.6230876,-0.141801256,-1.517060593,0.4816148,265,1368,866,18,,,265.00,271.00,295.00,338.00,419.00,524.00,631.00,687.00,830.00,902.00,1034.00,1142.00,1115.00,1207.00,1365.00,1368.00,1195.00,1086.00,
企业数:工业:江西:南昌市,个,902.6315789,87607.57895,295.9857749,0.05033312,-0.917494634,0.32791427,492,1473,939,19,,586.00,543.00,492.00,504.00,500.00,632.00,769.00,902.00,939.00,936.00,1115.00,1154.00,939.00,1016.00,1034.00,1086.00,1227.00,1303.00,1473.00,
企业数:工业:江西:景德镇市,个,277.6842105,7440.894737,86.26062101,-0.042685048,-0.941829534,0.310642873,142,415,302,19,,142.00,157.00,171.00,167.00,183.00,218.00,249.00,260.00,302.00,402.00,415.00,413.00,318.00,292.00,304.00,305.00,320.00,321.00,337.00,
企业数:工业:江西:萍乡市,个,473.4210526,71120.81287,266.6848568,-0.398837278,-1.625602047,0.563314317,98,811,597,19,,99.00,98.00,104.00,131.00,155.00,216.00,245.00,481.00,634.00,754.00,794.00,811.00,567.00,597.00,642.00,660.00,652.00,648.00,707.00,
企业数:工业:江西:九江市,个,769.8421053,134004.3626,366.0660631,0.997163372,0.072208606,0.475507978,379,1607,641,19,,449.00,456.00,434.00,453.00,379.00,440.00,495.00,578.00,607.00,641.00,757.00,904.00,762.00,846.00,1009.00,1121.00,1259.00,1430.00,1607.00,
企业数:工业:江西:新余市,个,263.4736842,13699.15205,117.0433768,-0.330100621,-1.294182379,0.444231754,95,452,290,19,,99.00,95.00,117.00,104.00,106.00,140.00,245.00,306.00,333.00,374.00,367.00,369.00,274.00,283.00,290.00,307.00,353.00,392.00,452.00,
企业数:工业:江西:鹰潭市,个,152.6842105,4903.22807,70.02305385,0.668187378,-0.447459156,0.458613589,77,305,139,19,,78.00,87.00,80.00,78.00,77.00,89.00,94.00,121.00,128.00,139.00,172.00,187.00,163.00,184.00,197.00,217.00,235.00,270.00,305.00,
企业数:工业:江西:赣州市,个,805,115444,339.7705108,1.304142755,1.491738889,0.422075169,458,1721,676,19,,591.00,569.00,545.00,519.00,470.00,458.00,510.00,571.00,660.00,676.00,808.00,895.00,773.00,890.00,1019.00,1095.00,1188.00,1337.00,1721.00,
企业数:工业:江西:吉安市,个,672.0588235,111553.0588,333.995597,0.316797688,-0.676347124,0.496973755,243,1318,668,17,,,252.00,243.00,243.00,251.00,,417.00,526.00,579.00,728.00,744.00,768.00,631.00,668.00,836.00,963.00,1095.00,1163.00,1318.00,
企业数:工业:江西:宜春市,个,731.2222222,107799.7124,328.3286652,0.916819865,0.604994159,0.449013522,350,1529,688.5,18,,,466.00,434.00,353.00,350.00,350.00,492.00,545.00,663.00,672.00,805.00,860.00,705.00,770.00,857.00,953.00,1097.00,1261.00,1529.00,
企业数:工业:江西:抚州市,个,605.7222222,57148.68301,239.0579072,0.130826693,-1.47672967,0.394665902,296,994,594.5,18,,,356.00,356.00,349.00,296.00,310.00,348.00,445.00,564.00,582.00,784.00,813.00,607.00,669.00,761.00,823.00,903.00,943.00,994.00,
企业数:工业:江西:上饶市,个,625,70463.29412,265.4492308,0.897511122,1.040575277,0.424718769,269,1291,600,18,,,493.00,317.00,269.00,296.00,347.00,489.00,579.00,621.00,644.00,756.00,750.00,512.00,558.00,652.00,741.00,897.00,1038.00,1291.00,
企业数:工业:山东:济南市,个,1661.526316,151076.2632,388.6853009,-0.583543137,-1.183747056,0.233932678,1015,2156,1856,19,,1064.00,1038.00,1015.00,1125.00,1319.00,1510.00,1670.00,1856.00,1871.00,1929.00,2156.00,2021.00,1417.00,1647.00,1902.00,1985.00,2022.00,1968.00,2054.00,
企业数:工业:山东:青岛市,个,3927.157895,2194852.363,1481.503413,-0.533906998,-1.157749722,0.377245696,1504,5895,4567,19,,1517.00,1504.00,1673.00,2065.00,2393.00,2878.00,3697.00,4567.00,5032.00,5594.00,5895.00,5674.00,4727.00,4817.00,4917.00,4790.00,4876.00,4431.00,3569.00,
企业数:工业:山东:淄博市,个,2406.473684,810279.152,900.1550711,-0.662304295,-1.178386846,0.374055647,914,3505,2832,19,,914.00,986.00,1034.00,1125.00,1412.00,1754.00,2256.00,2559.00,2832.00,2930.00,3505.00,3413.00,3133.00,3177.00,3131.00,2981.00,2981.00,2976.00,2624.00,
企业数:工业:山东:枣庄市,个,1165.578947,185427.0351,430.6123954,-0.309004915,-1.40019775,0.36944078,530,1795,1264,19,,587.00,530.00,548.00,563.00,700.00,788.00,958.00,1086.00,1252.00,1500.00,1708.00,1795.00,1635.00,1430.00,1507.00,1464.00,1468.00,1363.00,1264.00,
企业数:工业:山东:东营市,个,653.1578947,104300.5848,322.9560106,-0.477745995,-1.579171417,0.494453199,137,996,815,19,,137.00,187.00,209.00,237.00,291.00,357.00,459.00,580.00,737.00,870.00,915.00,895.00,815.00,860.00,940.00,984.00,996.00,954.00,987.00,
企业数:工业:山东:烟台市,个,2608.263158,491499.3158,701.0701219,0.101119518,-0.806498114,0.268788109,1623,3827,2722,19,,1662.00,1624.00,1623.00,1725.00,1876.00,2136.00,2820.00,3073.00,3255.00,3805.00,3827.00,3447.00,2861.00,2725.00,2767.00,2722.00,2657.00,2575.00,2377.00,
企业数:工业:山东:潍坊市,个,3461.842105,1829768.029,1352.689184,-0.783308126,-0.740764435,0.3907426,1151,5231,4000,19,,1151.00,1157.00,1310.00,1435.00,1970.00,3406.00,3833.00,4119.00,4310.00,4835.00,5231.00,5089.00,4130.00,4160.00,4281.00,4000.00,4050.00,3812.00,3496.00,
企业数:工业:山东:济宁市,个,1905.315789,1229525.561,1108.839737,0.269616482,-1.012974201,0.58197163,500,3907,1954,19,,500.00,521.00,502.00,550.00,769.00,1118.00,1564.00,1999.00,2590.00,3416.00,3696.00,3907.00,1260.00,1551.00,1954.00,2333.00,2631.00,2599.00,2741.00,
企业数:工业:山东:泰安市,个,1263.578947,329133.1462,573.7012691,-0.328476781,-1.403498426,0.454028828,416,2017,1402,19,,449.00,430.00,416.00,510.00,623.00,749.00,1066.00,1168.00,1322.00,1501.00,1693.00,1665.00,1608.00,1788.00,1958.00,2017.00,2003.00,1640.00,1402.00,
企业数:工业:山东:威海市,个,1562.210526,151738.3977,389.5361314,-0.474283181,-1.237070012,0.249349319,920,2118,1640,19,,1099.00,1120.00,1069.00,920.00,962.00,1087.00,1640.00,1762.00,1990.00,2017.00,2118.00,1812.00,1636.00,1602.00,1631.00,1670.00,1817.00,1883.00,1847.00,
企业数:工业:山东:日照市,个,559.2631579,64315.76023,253.6055209,-0.20520847,-1.066975379,0.453463664,179,995,596,19,,179.00,183.00,210.00,233.00,283.00,334.00,542.00,725.00,796.00,870.00,995.00,854.00,580.00,557.00,596.00,629.00,668.00,657.00,735.00,
企业数:工业:山东:莱芜市,个,333.1578947,33490.25146,183.0034193,0.304362856,-1.449418144,0.549299363,126,635,318,19,,130.00,126.00,129.00,131.00,145.00,155.00,187.00,238.00,318.00,362.00,449.00,466.00,253.00,382.00,489.00,609.00,635.00,548.00,578.00,
企业数:工业:山东:临沂市,个,2770.263158,1914057.982,1383.494844,-0.466106809,-1.478298376,0.499409177,656,4386,3086,19,,656.00,729.00,782.00,875.00,1185.00,1606.00,2286.00,2542.00,3013.00,3086.00,4151.00,4027.00,3374.00,3754.00,4137.00,3934.00,4053.00,4059.00,4386.00,
企业数:工业:山东:德州市,个,2327.315789,1286682.339,1134.32021,-0.569761086,-1.430425169,0.487394197,444,3728,2991,19,,444.00,610.00,752.00,862.00,1022.00,1283.00,1778.00,2320.00,2721.00,3129.00,3371.00,3248.00,3144.00,3226.00,3728.00,3387.00,3156.00,2991.00,3047.00,
企业数:工业:山东:聊城市,个,1603,933345.5556,966.0981087,-0.203127439,-1.705130301,0.60268129,308,2852,1756,19,,308.00,346.00,362.00,416.00,468.00,548.00,956.00,1268.00,1591.00,1756.00,2282.00,2403.00,2148.00,2332.00,2620.00,2830.00,2852.00,2646.00,2325.00,
企业数:工业:山东:滨州市,个,1014.111111,175363.281,418.7639921,-0.641948098,-1.081077842,0.412936992,338,1595,1161.5,18,,,338.00,354.00,385.00,415.00,556.00,1013.00,1106.00,1254.00,1358.00,1595.00,1246.00,883.00,1122.00,1367.00,1422.00,1379.00,1201.00,1260.00,
企业数:工业:山东:菏泽市,个,1687.277778,1240972.918,1113.98964,0.104851022,-1.422776308,0.660228953,249,3455,1706.5,18,,,249.00,279.00,310.00,358.00,571.00,821.00,1068.00,1320.00,1481.00,1932.00,2088.00,2205.00,2491.00,2538.00,2796.00,3145.00,3264.00,3455.00,
企业数:工业:河南:郑州市,个,2237.578947,268168.924,517.8502911,-0.105905024,-1.827969116,0.231433305,1569,2897,2247,19,,1621.00,1621.00,1584.00,1609.00,1569.00,1801.00,1839.00,1860.00,2216.00,2247.00,2510.00,2720.00,2515.00,2741.00,2736.00,2763.00,2820.00,2897.00,2845.00,
企业数:工业:河南:开封市,个,862.2105263,145915.8421,381.989322,-0.058441025,-1.962250164,0.443034863,390,1343,968,19,,466.00,466.00,464.00,456.00,406.00,390.00,448.00,556.00,717.00,968.00,1177.00,1183.00,1084.00,1150.00,1254.00,1311.00,1322.00,1343.00,1221.00,
企业数:工业:河南:洛阳市,个,1312.210526,267514.6199,517.218155,-0.22857751,-1.751280322,0.394157907,602,1975,1424,19,,680.00,680.00,602.00,639.00,660.00,787.00,945.00,1100.00,1302.00,1424.00,1677.00,1821.00,1629.00,1684.00,1770.00,1779.00,1858.00,1920.00,1975.00,
企业数:工业:河南:平顶山市,个,645,54412,233.2637992,-0.13320679,-1.746464691,0.361649301,330,1001,708,19,,395.00,395.00,378.00,367.00,330.00,363.00,411.00,502.00,701.00,739.00,864.00,1001.00,802.00,708.00,799.00,854.00,862.00,899.00,885.00,
企业数:工业:河南:安阳市,个,742,61891.55556,248.780135,0.111402961,-1.685893702,0.335283201,429,1120,727,19,,507.00,507.00,486.00,469.00,429.00,435.00,505.00,550.00,684.00,727.00,980.00,1016.00,824.00,876.00,937.00,998.00,1104.00,1120.00,944.00,
企业数:工业:河南:鹤壁市,个,407.0526316,17100.16374,130.7675944,-0.04887833,-1.86090643,0.321254757,249,583,456,19,,261.00,263.00,276.00,276.00,249.00,250.00,264.00,293.00,397.00,456.00,456.00,524.00,494.00,523.00,555.00,583.00,568.00,562.00,484.00,
企业数:工业:河南:新乡市,个,962.5789474,72619.59064,269.4802231,-0.103389049,-2.026492342,0.27995649,644,1285,1110,19,,679.00,679.00,683.00,683.00,644.00,657.00,662.00,683.00,881.00,1110.00,1122.00,1261.00,1140.00,1154.00,1243.00,1285.00,1226.00,1257.00,1240.00,
企业数:工业:河南:焦作市,个,981.2105263,48747.50877,220.7883801,-0.008291566,-1.27220596,0.225016318,643,1336,981,19,,857.00,857.00,757.00,709.00,643.00,645.00,795.00,867.00,892.00,981.00,1053.00,1108.00,1061.00,1155.00,1211.00,1214.00,1213.00,1336.00,1289.00,
企业数:工业:河南:濮阳市,个,640.4736842,51983.7076,227.9993588,0.419660268,-1.231446557,0.355985522,357,1010,638,19,,357.00,357.00,414.00,440.00,396.00,449.00,514.00,492.00,529.00,638.00,656.00,703.00,660.00,795.00,875.00,988.00,1006.00,1010.00,890.00,
企业数:工业:河南:许昌市,个,1090.263158,143416.9825,378.704347,0.154124071,-1.46517903,0.34735132,648,1718,1198,19,,648.00,648.00,654.00,655.00,650.00,705.00,807.00,872.00,999.00,1198.00,1198.00,1286.00,1259.00,1280.00,1433.00,1499.00,1632.00,1718.00,1574.00,
企业数:工业:河南:漯河市,个,516.4210526,15508.1462,124.5317076,-0.055196233,-1.667571933,0.241143747,350,700,549,19,,398.00,398.00,382.00,392.00,350.00,363.00,356.00,429.00,549.00,586.00,625.00,656.00,539.00,563.00,599.00,665.00,700.00,677.00,585.00,
企业数:工业:河南:三门峡市,个,515.3684211,21476.57895,146.5488961,-0.412341027,-1.656523528,0.284357539,297,694,605,19,,297.00,298.00,322.00,344.00,349.00,351.00,425.00,505.00,660.00,636.00,658.00,694.00,605.00,609.00,637.00,637.00,646.00,618.00,501.00,
企业数:工业:河南:南阳市,个,1348.210526,239053.8421,488.9313266,1.039296127,0.245353086,0.362652061,854,2470,1260,19,,880.00,880.00,881.00,889.00,854.00,940.00,1039.00,1120.00,1228.00,1260.00,1358.00,1474.00,1264.00,1381.00,1568.00,1899.00,2262.00,2470.00,1969.00,
企业数:工业:河南:商丘市,个,685.3157895,142648.5614,377.6884449,0.615057956,-0.906720732,0.551115924,244,1358,674,19,,404.00,401.00,399.00,298.00,264.00,244.00,334.00,367.00,485.00,674.00,696.00,782.00,769.00,855.00,979.00,1078.00,1284.00,1358.00,1350.00,
企业数:工业:河南:信阳市,个,781.4736842,166560.0409,408.1176803,0.035872772,-1.910217744,0.522241105,296,1294,804,19,,363.00,363.00,340.00,338.00,296.00,323.00,366.00,462.00,619.00,804.00,1073.00,1204.00,978.00,1037.00,1154.00,1264.00,1286.00,1294.00,1284.00,
企业数:工业:河南:周口市,个,831.3333333,129434.8235,359.7705151,-0.11676947,-1.855866773,0.43276325,345,1282,976.5,18,,,473.00,438.00,433.00,345.00,390.00,444.00,506.00,629.00,994.00,959.00,1080.00,1015.00,1097.00,1128.00,1200.00,1277.00,1282.00,1274.00,
企业数:工业:河南:驻马店市,个,1050.222222,208333.1242,456.4352355,-0.05756232,-1.970048163,0.434608244,528,1666,1136,18,,,528.00,545.00,565.00,538.00,556.00,552.00,563.00,789.00,1011.00,1261.00,1470.00,1387.00,1422.00,1476.00,1498.00,1594.00,1666.00,1483.00,
企业数:工业:湖北:武汉市,个,1939.894737,332007.9883,576.2013435,0.210729904,-1.553205701,0.297027118,1224,2968,1856,19,,1303.00,1224.00,1309.00,1360.00,1313.00,1403.00,1459.00,1539.00,1695.00,2281.00,2517.00,2968.00,1856.00,2103.00,2353.00,2442.00,2558.00,2529.00,2646.00,
企业数:工业:湖北:黄石市,个,499.7894737,37350.06433,193.2616473,0.174388148,-1.777490695,0.38668611,273,762,477,19,,299.00,295.00,273.00,284.00,298.00,360.00,297.00,341.00,415.00,576.00,620.00,732.00,477.00,553.00,688.00,730.00,761.00,762.00,735.00,
企业数:工业:湖北:十堰市,个,572.5789474,75831.70175,275.3755649,0.261376079,-1.724540345,0.480939032,258,976,505,19,,299.00,268.00,258.00,266.00,293.00,332.00,333.00,380.00,443.00,622.00,829.00,872.00,505.00,617.00,856.00,973.00,976.00,911.00,846.00,
企业数:工业:湖北:宜昌市,个,878.8947368,182810.8772,427.5638867,0.215629986,-1.569195864,0.486479061,352,1543,911,19,,495.00,352.00,364.00,382.00,430.00,515.00,523.00,580.00,661.00,948.00,1095.00,1251.00,911.00,1135.00,1387.00,1464.00,1543.00,1487.00,1176.00,
企业数:工业:湖北:襄阳市,个,1039.631579,333667.0234,577.639181,0.187719667,-1.755388761,0.555619118,371,1884,1066,19,,623.00,450.00,419.00,399.00,371.00,455.00,441.00,547.00,709.00,1066.00,1300.00,1592.00,1154.00,1398.00,1714.00,1773.00,1826.00,1884.00,1632.00,
企业数:工业:湖北:鄂州市,个,358.1052632,16463.87719,128.3116409,-0.105120199,-1.894355219,0.358307051,184,525,404,19,,260.00,249.00,244.00,233.00,202.00,184.00,188.00,225.00,302.00,404.00,466.00,500.00,414.00,462.00,484.00,492.00,489.00,525.00,481.00,
企业数:工业:湖北:荆门市,个,709,113561,336.9881304,0.093807552,-1.775674267,0.475300607,314,1173,709,19,,316.00,329.00,329.00,314.00,348.00,365.00,424.00,482.00,607.00,793.00,1007.00,1173.00,709.00,863.00,971.00,1097.00,1132.00,1155.00,1057.00,
企业数:工业:湖北:孝感市,个,863.7368421,97074.31579,311.567514,0.123786744,-1.774297831,0.360720417,456,1306,915,19,,595.00,579.00,567.00,537.00,565.00,456.00,505.00,574.00,706.00,915.00,1068.00,1197.00,922.00,1035.00,1150.00,1242.00,1306.00,1297.00,1195.00,
企业数:工业:湖北:荆州市,个,820.1578947,94933.69591,308.1131219,0.280608668,-1.609037676,0.375675372,453,1271,752,19,,499.00,480.00,453.00,490.00,516.00,515.00,572.00,624.00,752.00,903.00,1139.00,1269.00,713.00,846.00,1001.00,1149.00,1258.00,1271.00,1133.00,
企业数:工业:湖北:黄冈市,个,979.7368421,145473.6491,381.41008,0.248207564,-1.677598494,0.389298497,448,1559,840,19,,678.00,677.00,659.00,649.00,651.00,448.00,550.00,598.00,787.00,1164.00,1367.00,1559.00,840.00,979.00,1248.00,1413.00,1493.00,1460.00,1395.00,
企业数:工业:湖北:咸宁市,个,575,55729.11111,236.0701402,-0.020342268,-1.804752242,0.410556766,287,896,620,19,,318.00,303.00,313.00,304.00,287.00,296.00,356.00,441.00,532.00,641.00,719.00,805.00,620.00,724.00,829.00,896.00,867.00,845.00,829.00,
企业数:工业:湖北:随州市,个,488.3888889,18943.19281,137.6342719,0.145052009,-1.529511568,0.281812865,298,688,471,18,,,314.00,338.00,338.00,361.00,298.00,374.00,402.00,451.00,509.00,491.00,592.00,447.00,570.00,631.00,679.00,688.00,677.00,631.00,
企业数:工业:湖南:长沙市,个,1891.842105,639688.3626,799.8052029,-0.476898649,-1.395980765,0.422765304,657,2889,2091,19,,672.00,657.00,744.00,895.00,912.00,1149.00,1691.00,1920.00,2047.00,2091.00,2527.00,2615.00,2218.00,2281.00,2540.00,2593.00,2710.00,2794.00,2889.00,
企业数:工业:湖南:株洲市,个,1081.894737,203798.655,451.4406439,-0.339610648,-1.623484196,0.417268546,437,1658,1261,19,,437.00,442.00,455.00,509.00,521.00,763.00,799.00,885.00,1111.00,1357.00,1486.00,1471.00,1261.00,1314.00,1486.00,1499.00,1540.00,1562.00,1658.00,
企业数:工业:湖南:湘潭市,个,656.8421053,59951.14035,244.8492196,-0.324757814,-1.576190186,0.372767241,293,970,721,19,,296.00,293.00,306.00,359.00,400.00,481.00,508.00,548.00,650.00,721.00,841.00,860.00,792.00,837.00,889.00,915.00,907.00,907.00,970.00,
企业数:工业:湖南:衡阳市,个,807.6315789,95171.46784,308.4987323,-0.321761072,-1.407980875,0.381979532,323,1182,900,19,,349.00,323.00,353.00,418.00,533.00,665.00,652.00,685.00,697.00,900.00,1057.00,1123.00,1182.00,1171.00,1180.00,997.00,961.00,1001.00,1098.00,
企业数:工业:湖南:邵阳市,个,721,74684.22222,273.2841419,0.296270789,-0.929776415,0.379034871,376,1256,750,19,,376.00,391.00,400.00,390.00,419.00,497.00,535.00,631.00,684.00,775.00,866.00,888.00,750.00,784.00,895.00,972.00,1060.00,1130.00,1256.00,
企业数:工业:湖南:岳阳市,个,966.2105263,146077.1754,382.2004388,-0.36875721,-1.633275578,0.39556642,397,1389,1066,19,,397.00,515.00,420.00,426.00,489.00,688.00,743.00,810.00,970.00,1066.00,1309.00,1389.00,1371.00,1324.00,1329.00,1352.00,1285.00,1287.00,1188.00,
企业数:工业:湖南:常德市,个,700.6842105,79698.11696,282.3085492,-0.051273538,-1.613245717,0.402904111,332,1166,787,19,,332.00,358.00,340.00,373.00,388.00,418.00,460.00,563.00,673.00,787.00,940.00,983.00,793.00,862.00,930.00,944.00,993.00,1010.00,1166.00,
企业数:工业:湖南:张家界市,个,119.5789474,2252.146199,47.45678243,0.302586861,-0.842435266,0.396865698,53,213,104,19,,60.00,54.00,53.00,75.00,82.00,100.00,90.00,94.00,93.00,104.00,137.00,161.00,145.00,151.00,151.00,151.00,162.00,196.00,213.00,
企业数:工业:湖南:益阳市,个,659.4736842,63584.92982,252.1605239,0.234990651,-1.57412216,0.382366317,368,1079,629,19,,368.00,404.00,378.00,391.00,404.00,412.00,413.00,475.00,576.00,629.00,743.00,819.00,784.00,827.00,904.00,932.00,971.00,1021.00,1079.00,
企业数:工业:湖南:郴州市,个,862.3684211,82557.80117,287.3287336,-0.811725426,-0.799759318,0.333185593,331,1212,943,19,,331.00,375.00,405.00,472.00,591.00,780.00,827.00,879.00,912.00,943.00,1108.00,1212.00,1043.00,1080.00,1104.00,1105.00,1095.00,1047.00,1076.00,
企业数:工业:湖南:永州市,个,565.6315789,43751.1345,209.1677186,0.116044982,-1.330316045,0.36979498,300,957,645,19,,346.00,326.00,308.00,308.00,300.00,374.00,403.00,452.00,491.00,645.00,723.00,743.00,667.00,673.00,707.00,709.00,777.00,838.00,957.00,
企业数:工业:湖南:怀化市,个,489.4210526,12560.70175,112.0745366,-0.301921148,-1.624758505,0.228994106,314,630,526,19,,379.00,358.00,324.00,361.00,314.00,366.00,428.00,433.00,488.00,526.00,605.00,618.00,595.00,580.00,562.00,555.00,577.00,600.00,630.00,
企业数:工业:湖南:娄底市,个,497.9473684,46787.7193,216.3046909,-0.189486696,-1.820805694,0.434392678,215,794,597,19,,234.00,279.00,227.00,215.00,220.00,273.00,290.00,369.00,501.00,597.00,661.00,649.00,622.00,665.00,713.00,740.00,676.00,736.00,794.00,
企业数:工业:广东:广州市,个,5095.578947,889937.2573,943.3648591,1.839242664,2.058550595,0.185133989,4373,7442,4709,19,,4441.00,4531.00,4572.00,4632.00,4709.00,4727.00,5240.00,5188.00,4988.00,7442.00,7023.00,6969.00,4438.00,4373.00,4811.00,4767.00,4644.00,4660.00,4661.00,
企业数:工业:广东:韶关市,个,473.8421053,7655.584795,87.49619875,0.504248108,-1.2351324,0.184652646,369,628,428,19,,428.00,406.00,387.00,413.00,369.00,381.00,392.00,394.00,427.00,507.00,515.00,559.00,408.00,482.00,556.00,622.00,628.00,593.00,536.00,
企业数:工业:广东:深圳市,个,5297.105263,6165142.544,2482.970508,-0.300198629,-1.341287925,0.468741017,1749,8930,5835,19,,1932.00,1834.00,1749.00,2134.00,2317.00,2355.00,5214.00,5129.00,6875.00,8930.00,8413.00,8249.00,5692.00,5835.00,6523.00,6355.00,6539.00,6627.00,7943.00,
企业数:工业:广东:珠海市,个,1005.052632,41294.49708,203.2104748,0.733958512,-0.312043434,0.202188889,763,1395,992,19,,763.00,771.00,798.00,790.00,798.00,847.00,992.00,987.00,1106.00,1395.00,1386.00,1347.00,893.00,927.00,1054.00,1008.00,1023.00,1048.00,1163.00,
企业数:工业:广东:汕头市,个,1651.947368,322367.7193,567.774356,-0.315578064,-0.919107502,0.343700028,726,2580,1809,19,,726.00,794.00,834.00,893.00,1048.00,1334.00,1490.00,1809.00,2122.00,2339.00,2403.00,2580.00,1877.00,1880.00,1845.00,1808.00,1771.00,1846.00,1988.00,
企业数:工业:广东:佛山市,个,5263.421053,3721153.702,1929.029212,-0.512004471,-0.814896202,0.366497225,1748,7997,5883,19,,1748.00,2180.00,2468.00,2861.00,3359.00,4078.00,5148.00,6011.00,6680.00,7997.00,7807.00,7684.00,6318.00,5950.00,6163.00,5883.00,5787.00,5671.00,6212.00,
企业数:工业:广东:江门市,个,2255.947368,284425.386,533.3154657,0.732967252,-0.302604557,0.236404215,1442,3246,2111,19,,1442.00,1599.00,1817.00,1918.00,2111.00,2132.00,2365.00,2481.00,2611.00,3164.00,3246.00,3246.00,2766.00,1851.00,2007.00,1961.00,2036.00,1998.00,2112.00,
企业数:工业:广东:湛江市,个,672.5789474,22358.70175,149.5282641,-0.214724056,-1.582124912,0.222320762,449,866,695,19,,484.00,458.00,449.00,484.00,525.00,540.00,578.00,637.00,710.00,798.00,832.00,850.00,651.00,695.00,772.00,789.00,828.00,833.00,866.00,
企业数:工业:广东:茂名市,个,687.1052632,33476.43275,182.96566,0.38688761,-0.870598893,0.26628476,444,1026,670,19,,462.00,447.00,444.00,491.00,520.00,572.00,590.00,635.00,670.00,737.00,737.00,792.00,628.00,675.00,844.00,850.00,957.00,978.00,1026.00,
企业数:工业:广东:肇庆市,个,962.7894737,27623.73099,166.2038838,-0.933897811,-0.244343761,0.172627442,600,1163,1035,19,,710.00,981.00,960.00,971.00,820.00,600.00,684.00,788.00,906.00,1035.00,1065.00,1131.00,1054.00,1046.00,1086.00,1083.00,1110.00,1100.00,1163.00,
企业数:工业:广东:惠州市,个,1422.894737,274074.655,523.5213988,0.023366888,-1.188176074,0.367927005,689,2366,1428,19,,953.00,689.00,702.00,765.00,808.00,837.00,1243.00,1279.00,1387.00,1875.00,1870.00,1853.00,1428.00,1430.00,1702.00,1815.00,1893.00,2140.00,2366.00,
企业数:工业:广东:梅州市,个,403.3684211,3119.912281,55.85617496,0.47265999,-0.635251818,0.138474338,326,521,396,19,,402.00,371.00,373.00,345.00,348.00,338.00,392.00,422.00,420.00,454.00,489.00,521.00,340.00,326.00,368.00,396.00,440.00,458.00,461.00,
企业数:工业:广东:汕尾市,个,218.1578947,7724.473684,87.888985,0.856261008,1.50997319,0.402868689,94,452,237,19,,123.00,94.00,105.00,123.00,145.00,145.00,179.00,206.00,235.00,277.00,347.00,452.00,243.00,257.00,251.00,246.00,238.00,242.00,237.00,
企业数:工业:广东:河源市,个,346.8947368,25050.21053,158.272583,0.151306044,-1.257932475,0.45625536,143,602,361,19,,193.00,148.00,143.00,144.00,163.00,199.00,226.00,286.00,360.00,419.00,411.00,440.00,361.00,383.00,436.00,513.00,575.00,589.00,602.00,
企业数:工业:广东:阳江市,个,482,17313.77778,131.5818292,-0.892173362,-0.77542496,0.272991347,226,623,542,19,,226.00,250.00,287.00,325.00,367.00,367.00,498.00,573.00,591.00,623.00,604.00,596.00,521.00,527.00,569.00,564.00,571.00,557.00,542.00,
企业数:工业:广东:清远市,个,515.7368421,34002.20468,184.3968673,-0.021707253,-1.300389697,0.357540614,265,813,515,19,,302.00,304.00,265.00,269.00,286.00,313.00,426.00,515.00,660.00,774.00,770.00,813.00,635.00,497.00,514.00,580.00,611.00,621.00,644.00,
企业数:工业:广东:东莞市,个,4275.894737,3555760.433,1885.672409,-0.291460032,-1.113209981,0.441000662,1545,7669,4580,19,,1545.00,1663.00,1680.00,1805.00,2042.00,2049.00,4504.00,4580.00,4987.00,5954.00,5801.00,5899.00,4243.00,4526.00,5361.00,5377.00,5688.00,5869.00,7669.00,
企业数:工业:广东:中山市,个,3085,1502889.444,1225.923915,0.004147707,-0.217819653,0.397382144,831,5078,3089,19,,831.00,1074.00,1516.00,2018.00,2496.00,2542.00,3291.00,3727.00,4300.00,5078.00,5036.00,5063.00,3170.00,3192.00,2973.00,2963.00,3045.00,3089.00,3211.00,
企业数:工业:广东:潮州市,个,757.4210526,68863.25731,262.4180964,-0.222448407,-0.440055494,0.346462639,292,1245,809,19,,292.00,326.00,424.00,450.00,495.00,663.00,727.00,809.00,884.00,1008.00,1140.00,1245.00,726.00,768.00,865.00,871.00,890.00,885.00,923.00,
企业数:工业:广东:揭阳市,个,1277.578947,497129.3684,705.0740163,0.094448046,-1.592681801,0.551882933,454,2525,1416,19,,492.00,455.00,454.00,481.00,454.00,564.00,714.00,778.00,1034.00,1416.00,1833.00,2525.00,1511.00,1731.00,1884.00,1971.00,2030.00,1991.00,1956.00,
企业数:工业:广东:云浮市,个,479.0526316,51983.94152,227.9998718,0.988886987,-0.317302987,0.475939086,231,943,381,19,,372.00,320.00,294.00,307.00,314.00,231.00,264.00,289.00,336.00,381.00,489.00,604.00,401.00,460.00,621.00,732.00,830.00,914.00,943.00,
企业数:工业:广西:南宁市,个,765.4210526,78763.92398,280.6491118,-0.321443736,-1.127737284,0.366659776,344,1236,910,19,,344.00,349.00,367.00,358.00,491.00,561.00,625.00,743.00,807.00,986.00,1117.00,1236.00,914.00,940.00,969.00,946.00,920.00,910.00,960.00,
企业数:工业:广西:柳州市,个,638.4736842,41468.59649,203.6383964,-0.227418043,-1.733150048,0.318945638,351,931,727,19,,375.00,361.00,392.00,351.00,421.00,447.00,500.00,513.00,620.00,727.00,844.00,931.00,776.00,786.00,816.00,825.00,819.00,792.00,835.00,
企业数:工业:广西:桂林市,个,607.7894737,10745.61988,103.6610818,0.071589342,-0.76786688,0.170554257,459,801,634,19,,478.00,482.00,467.00,459.00,479.00,519.00,581.00,628.00,674.00,765.00,748.00,801.00,617.00,634.00,649.00,640.00,641.00,640.00,646.00,
企业数:工业:广西:梧州市,个,327.5789474,8831.146199,93.97417836,-0.31457877,-1.613749501,0.286874902,181,466,380,19,,231.00,209.00,201.00,207.00,181.00,241.00,253.00,285.00,345.00,389.00,398.00,466.00,406.00,398.00,424.00,411.00,400.00,380.00,399.00,
企业数:工业:广西:北海市,个,166.2777778,1346.683007,36.69717982,0.030282696,-0.73533421,0.220698041,104,236,168,18,,137.00,141.00,134.00,111.00,104.00,,127.00,146.00,160.00,178.00,190.00,236.00,161.00,175.00,187.00,190.00,194.00,210.00,212.00,
企业数:工业:广西:防城港市,个,115.7894737,1709.397661,41.34486257,-0.059527764,-1.852058472,0.357069268,60,168,119,19,,67.00,76.00,78.00,62.00,60.00,72.00,76.00,92.00,99.00,119.00,136.00,166.00,149.00,153.00,168.00,162.00,164.00,150.00,151.00,
企业数:工业:广西:钦州市,个,246.3888889,9046.251634,95.11178494,0.449705243,-0.001364542,0.386023028,123,462,244.5,18,,127.00,142.00,127.00,123.00,133.00,,206.00,222.00,238.00,289.00,384.00,462.00,231.00,251.00,269.00,285.00,304.00,316.00,326.00,
企业数:工业:广西:贵港市,个,285.5,19013.55882,137.8896618,-0.082237587,-1.663136977,0.482976048,107,500,332,18,,120.00,117.00,123.00,121.00,107.00,,161.00,179.00,236.00,322.00,343.00,415.00,342.00,367.00,410.00,409.00,411.00,456.00,500.00,
企业数:工业:广西:玉林市,个,466.7368421,25967.76023,161.1451527,-0.049954923,-1.437832323,0.345259123,252,755,542,19,,264.00,277.00,252.00,262.00,272.00,310.00,374.00,392.00,419.00,542.00,573.00,755.00,604.00,614.00,626.00,614.00,609.00,560.00,549.00,
企业数:工业:广西:百色市,个,242.5714286,2964.879121,54.45070358,0.900241721,-0.167635488,0.224472865,186,354,227.5,14,,,,,189.00,191.00,,219.00,236.00,187.00,,216.00,266.00,186.00,217.00,243.00,256.00,307.00,329.00,354.00,
企业数:工业:广西:贺州市,个,150.625,1428.916667,37.8010141,-0.045084456,-0.97159702,0.250961089,85,213,148,16,,,,,105.00,85.00,107.00,112.00,127.00,129.00,145.00,146.00,213.00,150.00,166.00,174.00,178.00,186.00,183.00,204.00,
企业数:工业:广西:河池市,个,216,1198.266667,34.6159886,0.157391161,-1.164386079,0.160259206,167,277,222,16,,,,,184.00,167.00,203.00,225.00,251.00,240.00,256.00,260.00,277.00,224.00,221.00,223.00,189.00,190.00,173.00,173.00,
企业数:工业:广西:来宾市,个,160.6875,3239.9625,56.92066848,-0.436519859,-1.486863415,0.354232087,70,228,182,16,,,,,83.00,70.00,80.00,99.00,111.00,121.00,166.00,188.00,202.00,176.00,190.00,201.00,209.00,228.00,220.00,227.00,
企业数:工业:广西:崇左市,个,145.25,532.3333333,23.07234997,0.56326897,1.09732551,0.158845783,108,201,146,16,,,,,119.00,108.00,115.00,142.00,139.00,145.00,160.00,149.00,171.00,124.00,136.00,150.00,147.00,159.00,159.00,201.00,
企业数:工业:海南:海口市,个,174.65,819.1868421,28.62144025,0.782942617,-1.004743416,0.163878845,147,231,159,20,,158.00,160.00,158.00,161.00,219.00,231.00,211.00,217.00,186.00,210.00,190.00,186.00,147.00,154.00,150.00,154.00,151.00,149.00,150.00,151.00
企业数:工业:海南:三亚市,个,27.21052632,34.95321637,5.912124523,1.075220666,0.936047321,0.217273435,19,41,27,19,,41.00,39.00,36.00,29.00,28.00,27.00,26.00,21.00,19.00,25.00,28.00,27.00,25.00,29.00,27.00,24.00,23.00,23.00,20.00,
企业数:工业:重庆,个,4314.6,3933064.147,1983.195439,0.065738717,-1.801505442,0.459647578,1975,7130,4347,20,2000.00,1975.00,2040.00,2054.00,2060.00,2241.00,2634.00,2943.00,3214.00,3916.00,6119.00,6412.00,7130.00,4778.00,4985.00,5559.00,6158.00,6608.00,6782.00,6684.00,
企业数:工业:四川:成都市,个,2715.473684,950288.5965,974.8274701,-0.514479533,-1.457642698,0.358989842,1277,3887,3164,19,,1293.00,1277.00,1318.00,1341.00,1462.00,1872.00,2375.00,2630.00,3164.00,3564.00,3800.00,3887.00,3130.00,3192.00,3237.00,3275.00,3542.00,3605.00,3630.00,
企业数:工业:四川:自贡市,个,408.2105263,21387.73099,146.2454478,-0.366560712,-1.73833119,0.358259864,201,577,485,19,,208.00,201.00,209.00,215.00,239.00,269.00,311.00,350.00,419.00,499.00,542.00,577.00,485.00,510.00,554.00,554.00,537.00,543.00,534.00,
企业数:工业:四川:攀枝花市,个,245.1052632,17696.21053,133.0271045,-0.335518909,-1.83805804,0.54273459,67,407,324,19,,74.00,67.00,71.00,83.00,86.00,104.00,115.00,186.00,319.00,389.00,386.00,407.00,336.00,338.00,376.00,342.00,330.00,324.00,324.00,
企业数:工业:四川:泸州市,个,428.9473684,41918.49708,204.740072,-0.391054672,-1.634413073,0.477308143,128,663,463,19,,140.00,142.00,128.00,163.00,195.00,229.00,327.00,377.00,452.00,463.00,601.00,581.00,598.00,583.00,605.00,621.00,629.00,653.00,663.00,
企业数:工业:四川:德阳市,个,880.4736842,142177.9298,377.0648881,-0.223280489,-1.485176023,0.428252309,328,1375,1004,19,,335.00,328.00,373.00,420.00,467.00,575.00,658.00,753.00,906.00,1107.00,1004.00,1055.00,1023.00,1141.00,1207.00,1296.00,1336.00,1370.00,1375.00,
企业数:工业:四川:绵阳市,个,659.9473684,72614.49708,269.4707722,-0.566247974,-1.352859049,0.40832161,248,973,765,19,,248.00,248.00,262.00,281.00,343.00,413.00,599.00,721.00,802.00,927.00,963.00,926.00,765.00,824.00,730.00,780.00,838.00,896.00,973.00,
企业数:工业:四川:广元市,个,254.1052632,17417.76608,131.9763846,0.249042982,-1.492631477,0.519376824,95,466,246,19,,124.00,95.00,95.00,99.00,119.00,133.00,146.00,179.00,218.00,246.00,258.00,313.00,309.00,382.00,371.00,399.00,427.00,449.00,466.00,
企业数:工业:四川:遂宁市,个,304.6315789,29591.46784,172.0217075,-0.167793964,-1.75361164,0.564687706,62,521,342,19,,102.00,62.00,77.00,98.00,108.00,141.00,171.00,225.00,277.00,342.00,403.00,453.00,419.00,430.00,458.00,482.00,500.00,519.00,521.00,
企业数:工业:四川:内江市,个,380,18750.77778,136.9334794,-0.408277636,-1.198466244,0.360351262,161,574,402,19,,165.00,161.00,177.00,201.00,248.00,301.00,369.00,457.00,499.00,495.00,545.00,574.00,527.00,491.00,461.00,434.00,402.00,396.00,317.00,
企业数:工业:四川:乐山市,个,569.3157895,19101.5614,138.2083985,-0.385207172,-0.677708973,0.242762279,324,803,621,19,,324.00,339.00,377.00,412.00,445.00,467.00,547.00,588.00,633.00,717.00,758.00,803.00,625.00,649.00,633.00,634.00,621.00,621.00,624.00,
企业数:工业:四川:南充市,个,435.2105263,29846.28655,172.7607784,0.193962228,-1.406905486,0.396959099,205,722,444,19,,205.00,229.00,238.00,250.00,272.00,272.00,286.00,347.00,385.00,444.00,563.00,515.00,481.00,516.00,578.00,621.00,645.00,700.00,722.00,
企业数:工业:四川:眉山市,个,443,27757.17647,166.6048513,-0.583238929,-1.345778541,0.376083186,167,609,517,18,,,167.00,175.00,204.00,237.00,285.00,342.00,381.00,438.00,491.00,560.00,564.00,543.00,578.00,609.00,607.00,604.00,603.00,586.00,
企业数:工业:四川:宜宾市,个,419.9473684,30762.27485,175.3917753,-0.010077012,-1.46865005,0.417651802,190,695,442,19,,190.00,193.00,197.00,218.00,221.00,236.00,325.00,346.00,404.00,442.00,481.00,526.00,503.00,564.00,545.00,595.00,630.00,668.00,695.00,
企业数:工业:四川:广安市,个,286.2105263,25100.95322,158.4328035,0.224094801,-1.613846373,0.553553377,92,509,261,19,,92.00,106.00,102.00,102.00,124.00,163.00,174.00,188.00,226.00,261.00,302.00,330.00,370.00,429.00,476.00,487.00,492.00,505.00,509.00,
企业数:工业:四川:达州市,个,356.4736842,21656.04094,147.1599162,-0.178939073,-1.823340788,0.412821262,164,560,398,19,,193.00,164.00,164.00,171.00,183.00,217.00,220.00,272.00,350.00,398.00,449.00,496.00,452.00,487.00,510.00,487.00,493.00,507.00,560.00,
企业数:工业:四川:雅安市,个,273,8388.823529,91.59052096,-0.488340927,-1.040510036,0.335496414,114,398,310,18,,,114.00,125.00,144.00,165.00,201.00,221.00,235.00,288.00,381.00,398.00,386.00,326.00,326.00,330.00,305.00,324.00,330.00,315.00,
企业数:工业:四川:巴中市,个,130.0555556,5918.29085,76.93042863,1.091399522,-0.176822357,0.591519742,66,290,98.5,18,,,72.00,66.00,68.00,68.00,69.00,69.00,69.00,80.00,96.00,101.00,104.00,131.00,152.00,172.00,217.00,240.00,277.00,290.00,
企业数:工业:四川:资阳市,个,371.6666667,35824.11765,189.2726014,-0.104801798,-1.384438626,0.509253636,97,619,370,18,,,97.00,98.00,107.00,155.00,207.00,278.00,285.00,378.00,456.00,533.00,563.00,580.00,615.00,619.00,617.00,417.00,362.00,323.00,
企业数:工业:贵州:贵阳市,个,575.7368421,9591.093567,97.93412872,-0.31804492,-0.196294821,0.170102244,379,743,580,19,,566.00,567.00,587.00,617.00,672.00,674.00,689.00,601.00,507.00,520.00,550.00,603.00,703.00,401.00,469.00,511.00,580.00,379.00,743.00,
企业数:工业:贵州:六盘水市,个,199.3157895,16183.67251,127.215064,1.09310997,0.068121681,0.638258837,85,492,131,19,,85.00,88.00,93.00,87.00,88.00,119.00,132.00,130.00,120.00,127.00,131.00,209.00,205.00,247.00,330.00,313.00,360.00,431.00,492.00,
企业数:工业:贵州:遵义市,个,491.2105263,68844.50877,262.3823713,1.090120058,0.168037188,0.534154619,227,1090,434,19,,227.00,238.00,245.00,269.00,270.00,308.00,335.00,350.00,348.00,434.00,438.00,536.00,470.00,489.00,806.00,686.00,812.00,982.00,1090.00,
企业数:工业:贵州:安顺市,个,201.3333333,6816.470588,82.56191972,0.898607887,-0.492440926,0.41007576,118,368,164.5,18,,,135.00,128.00,129.00,134.00,127.00,118.00,148.00,146.00,168.00,209.00,220.00,161.00,216.00,263.00,289.00,311.00,354.00,368.00,
企业数:工业:云南:昆明市,个,851.2105263,18807.28655,137.1396607,0.237640818,-1.010550661,0.161111331,666,1127,878,19,,714.00,709.00,666.00,735.00,685.00,672.00,790.00,889.00,889.00,939.00,1127.00,941.00,792.00,878.00,976.00,770.00,987.00,1015.00,999.00,
企业数:工业:云南:曲靖市,个,388.8947368,26147.65497,161.7023654,0.061839814,-1.633006169,0.41579983,197,640,414,19,,202.00,204.00,197.00,200.00,198.00,207.00,282.00,302.00,335.00,414.00,459.00,532.00,435.00,507.00,545.00,547.00,569.00,614.00,640.00,
企业数:工业:云南:玉溪市,个,297.0526316,4118.497076,64.17551773,0.432132263,-0.363024428,0.2160409,211,428,302,19,,226.00,215.00,211.00,217.00,239.00,241.00,284.00,292.00,302.00,325.00,342.00,352.00,261.00,302.00,325.00,333.00,333.00,428.00,416.00,
企业数:工业:云南:保山市,个,120.8888889,4327.986928,65.78743746,0.879451175,-0.385750276,0.544197553,50,258,98,18,,,56.00,61.00,64.00,57.00,50.00,72.00,83.00,88.00,102.00,130.00,144.00,94.00,121.00,154.00,192.00,215.00,235.00,258.00,
企业数:工业:云南:昭通市,个,149.2352941,4319.441176,65.72245565,0.152990382,-1.080303745,0.440394855,62,267,148,17,,,,72.00,72.00,62.00,67.00,80.00,101.00,148.00,148.00,267.00,251.00,191.00,203.00,200.00,189.00,162.00,195.00,129.00,
企业数:工业:云南:丽江市,个,64.875,205.3166667,14.32887528,-0.614066487,-1.053735677,0.220868983,40,81,70.5,16,,,,,46.00,40.00,40.00,56.00,61.00,56.00,56.00,75.00,78.00,66.00,77.00,79.00,75.00,77.00,81.00,75.00,
企业数:工业:云南:普洱市,个,116.8666667,709.9809524,26.64546776,0.480378197,-1.308593746,0.227998868,84,158,115,15,,,,,,97.00,86.00,84.00,96.00,92.00,100.00,115.00,117.00,99.00,119.00,131.00,148.00,156.00,155.00,158.00,
企业数:工业:云南:临沧市,个,95.73333333,1834.780952,42.83434314,0.837510292,-0.918782588,0.447433946,49,172,79,15,,,,,,49.00,54.00,58.00,64.00,70.00,70.00,79.00,84.00,73.00,84.00,113.00,146.00,156.00,164.00,172.00,
企业数:工业:西藏:拉萨,个,60.36363636,166.6545455,12.90947503,0.039734102,-0.009723596,0.213861785,38,83,61,11,,,,,,,,,,61.00,54.00,55.00,62.00,38.00,45.00,57.00,63.00,71.00,75.00,83.00,
企业数:工业:陕西:西安市,个,960.5263158,30624.15205,174.9975773,0.656972271,-0.204142589,0.182189259,735,1366,934,19,,770.00,816.00,785.00,771.00,735.00,776.00,902.00,904.00,937.00,934.00,1131.00,1113.00,890.00,966.00,1002.00,1146.00,1117.00,1189.00,1366.00,
企业数:工业:陕西:铜川市,个,128.2631579,1445.871345,38.02461499,0.716102098,0.288958897,0.296457811,73,211,122,19,,94.00,83.00,73.00,80.00,95.00,117.00,109.00,137.00,121.00,122.00,124.00,131.00,121.00,144.00,146.00,154.00,172.00,203.00,211.00,
企业数:工业:陕西:宝鸡市,个,437.7368421,16407.09357,128.0901775,0.799349319,0.090742069,0.292619138,271,730,418,19,,301.00,293.00,271.00,308.00,334.00,334.00,379.00,413.00,418.00,432.00,518.00,505.00,386.00,443.00,454.00,541.00,595.00,662.00,730.00,
企业数:工业:陕西:咸阳市,个,533.9473684,41085.83041,202.6963996,0.605060491,-0.877055659,0.379618688,319,952,441,19,,337.00,337.00,352.00,352.00,335.00,319.00,340.00,409.00,435.00,441.00,629.00,671.00,553.00,639.00,681.00,776.00,862.00,952.00,725.00,
企业数:工业:陕西:渭南市,个,364.6842105,9400.561404,96.95649232,0.63825144,-0.681124525,0.265864245,265,573,342,19,,315.00,321.00,269.00,266.00,268.00,293.00,265.00,267.00,265.00,348.00,423.00,436.00,342.00,411.00,415.00,450.00,490.00,512.00,573.00,
企业数:工业:陕西:延安市,个,110.4736842,542.0409357,23.28177261,0.909502377,1.381985373,0.210744964,71,171,109,19,,122.00,122.00,109.00,104.00,97.00,90.00,92.00,94.00,71.00,87.00,110.00,118.00,91.00,113.00,115.00,109.00,140.00,144.00,171.00,
企业数:工业:陕西:汉中市,个,312.2105263,8757.508772,93.58156214,1.367442964,1.501132813,0.299738651,226,565,262,19,,247.00,253.00,226.00,232.00,235.00,241.00,240.00,262.00,260.00,266.00,344.00,370.00,254.00,324.00,348.00,379.00,425.00,461.00,565.00,
企业数:工业:陕西:榆林市,个,498.6842105,73663.22807,271.4097052,-0.516584433,-1.597679896,0.544251652,126,833,611,19,,149.00,140.00,126.00,127.00,134.00,134.00,364.00,611.00,593.00,765.00,737.00,652.00,569.00,665.00,693.00,710.00,712.00,761.00,833.00,
企业数:工业:陕西:安康市,个,285.4444444,27966.84967,167.2329204,0.904339271,-0.37320111,0.585868542,132,647,225.5,18,,,135.00,135.00,136.00,132.00,138.00,153.00,175.00,161.00,187.00,264.00,282.00,304.00,363.00,393.00,460.00,505.00,568.00,647.00,
企业数:工业:陕西:商洛市,个,137.5294118,3490.139706,59.07740436,0.84425439,-0.597646093,0.429561965,73,259,120,17,,,,73.00,78.00,92.00,93.00,99.00,89.00,88.00,100.00,128.00,141.00,120.00,150.00,173.00,207.00,221.00,227.00,259.00,
企业数:工业:甘肃:兰州市,个,598.4736842,75727.92982,275.1870815,1.02867031,-0.474421882,0.45981484,346,1183,488,19,,488.00,1183.00,1004.00,1003.00,988.00,950.00,546.00,546.00,579.00,544.00,480.00,466.00,346.00,378.00,394.00,387.00,373.00,361.00,355.00,
企业数:工业:甘肃:嘉峪关市,个,34.68421053,116.7836257,10.80664729,0.034836401,-1.79988917,0.311572532,22,49,34,19,,22.00,32.00,27.00,22.00,22.00,25.00,22.00,22.00,34.00,43.00,46.00,41.00,26.00,39.00,48.00,49.00,48.00,43.00,48.00,
企业数:工业:甘肃:金昌市,个,62.84210526,325.1403509,18.03164859,0.729588186,-0.050799151,0.286935782,35,100,59,19,,35.00,49.00,49.00,61.00,61.00,60.00,59.00,59.00,57.00,57.00,55.00,55.00,37.00,56.00,74.00,93.00,91.00,86.00,100.00,
企业数:工业:甘肃:白银市,个,135.2631579,1607.871345,40.0982711,-0.436697644,-1.162504969,0.296446362,67,192,144,19,,75.00,75.00,67.00,90.00,90.00,107.00,130.00,130.00,161.00,177.00,192.00,180.00,144.00,164.00,178.00,149.00,167.00,158.00,136.00,
企业数:工业:甘肃:天水市,个,171.3157895,781.5614035,27.95641972,0.261958406,-0.517157136,0.163186475,119,222,166,19,,178.00,208.00,222.00,209.00,210.00,204.00,166.00,166.00,148.00,148.00,154.00,170.00,119.00,134.00,153.00,160.00,164.00,167.00,175.00,
企业数:工业:甘肃:武威市,个,175.8823529,1450.610294,38.08687824,0.571146176,-0.027793768,0.216547468,115,260,179,17,,,,144.00,142.00,142.00,146.00,142.00,181.00,187.00,179.00,186.00,179.00,115.00,146.00,184.00,208.00,231.00,260.00,218.00,
企业数:工业:甘肃:张掖市,个,177.8125,1548.9625,39.3568609,-0.145185774,-1.396776595,0.221339112,121,230,173,16,,,,,211.00,222.00,200.00,121.00,121.00,143.00,160.00,160.00,172.00,121.00,158.00,174.00,203.00,225.00,230.00,224.00,
企业数:工业:甘肃:平凉市,个,108.9375,1541.529167,39.26231229,0.777593221,-0.559441285,0.360411358,66,179,101,16,,,,,179.00,179.00,171.00,70.00,70.00,80.00,80.00,90.00,90.00,70.00,112.00,126.00,121.00,119.00,120.00,66.00,
企业数:工业:甘肃:酒泉市,个,233.125,3688.916667,60.73645254,-0.414341145,-1.20716357,0.2605317,134,319,248,16,,,,,319.00,255.00,290.00,134.00,135.00,155.00,189.00,232.00,275.00,180.00,241.00,277.00,292.00,296.00,267.00,193.00,
企业数:工业:甘肃:庆阳市,个,112,4032.533333,63.50223093,1.369926173,0.54137324,0.566984205,53,243,93,16,,,,,228.00,228.00,243.00,64.00,64.00,67.00,68.00,68.00,74.00,53.00,84.00,102.00,111.00,112.00,120.00,106.00,
企业数:工业:甘肃:定西市,个,105.4666667,2089.695238,45.71318451,0.13645363,-1.741563759,0.433437274,49,170,82,15,,,,,,168.00,170.00,51.00,51.00,58.00,82.00,81.00,81.00,49.00,80.00,121.00,142.00,155.00,149.00,144.00,
企业数:工业:甘肃:陇南市,个,95.85714286,524.7472527,22.90736241,0.495340238,0.352907767,0.238973975,59,146,96,14,,,,,,,146.00,101.00,101.00,113.00,119.00,115.00,102.00,59.00,74.00,84.00,89.00,91.00,77.00,71.00,
企业数:工业:青海:西宁市,个,194.8421053,2739.362573,52.33892025,0.013603478,-1.228878635,0.268622227,115,280,194,19,,139.00,142.00,120.00,115.00,129.00,163.00,164.00,176.00,194.00,218.00,231.00,239.00,188.00,199.00,229.00,248.00,257.00,280.00,271.00,
企业数:工业:宁夏:银川市,个,300.1578947,13778.69591,117.38269,0.038025208,-1.196687511,0.391069807,130,484,283,19,,156.00,135.00,130.00,155.00,173.00,226.00,256.00,283.00,282.00,336.00,370.00,355.00,277.00,326.00,389.00,447.00,484.00,462.00,461.00,
企业数:工业:宁夏:石嘴山市,个,199.6315789,6430.578947,80.19089068,-0.620419533,-0.881249643,0.401694417,74,303,224,19,,89.00,76.00,74.00,76.00,79.00,214.00,204.00,233.00,238.00,303.00,303.00,301.00,224.00,232.00,262.00,232.00,233.00,199.00,221.00,
企业数:工业:宁夏:吴忠市,个,220,7587.333333,87.10530026,0.794692048,-0.840230348,0.395933183,117,386,190,19,,386.00,210.00,212.00,158.00,157.00,117.00,177.00,133.00,126.00,156.00,170.00,195.00,170.00,190.00,255.00,320.00,351.00,340.00,357.00,
企业数:工业:宁夏:固原市,个,59.25,5165.4,71.87071726,2.555552072,5.829427854,1.213007886,20,274,30.5,16,,,,,202.00,274.00,27.00,28.00,32.00,20.00,25.00,29.00,29.00,20.00,25.00,34.00,46.00,55.00,52.00,50.00,
企业数:工业:宁夏:中卫市,个,95.21428571,485.2582418,22.02857784,0.332287687,-0.919495377,0.231357907,60,133,91,14,,,,,,,60.00,75.00,80.00,79.00,89.00,91.00,94.00,73.00,91.00,103.00,124.00,121.00,120.00,133.00,
企业数:工业:新疆:乌鲁木齐市,个,366.8947368,3477.321637,58.9688192,0.261557359,-1.008148037,0.16072408,288,472,370,19,,406.00,311.00,295.00,288.00,316.00,301.00,320.00,292.00,362.00,438.00,429.00,466.00,472.00,370.00,389.00,391.00,396.00,370.00,359.00,
企业数:工业:新疆:克拉玛依市,个,79,242.3333333,15.56705924,0.192771801,-1.477762754,0.197051383,56,102,76,19,,59.00,56.00,70.00,61.00,63.00,76.00,73.00,70.00,77.00,97.00,97.00,101.00,98.00,66.00,70.00,80.00,94.00,91.00,102.00,
