,单位,平均,方差,标准差,偏度,峰度,变异系数,最小,最大,中位数,观测次数,1978,1979,1980,1981,1982,1983,1984,1985,1986,1987,1988,1989,1990,1991,1992,1993,1994,1995,1996,1997,1998,1999,2000,2001,2002,2003,2004,2005,2006,2007,2008,2009,2010,2011,2012,2013,2014,2015,2016,2017,2018
财政收入:地级市合计,百万人民币,3392355.899,4.87424E+12,2207768.985,0.479263473,-1.250939988,0.650807006,807757.66,7139555.26,2726035.05,13,,,,,,,,,,,,,,,,,,,,,,,,,,807757.66,967265.77,1224806.00,1493689.44,1959418.72,2397532.09,2726035.05,3450343.58,4353780.42,5151417.96,5943489.85,6485534.89,7139555.26,,,
财政收入:北京,百万人民币,218825.7518,35444032407,188265.8557,0.653982844,-0.983915073,0.860345979,18232,578590,166498.09,22,,,,,,,,,,,,,,,,,,,,18232.00,22945.00,28137.00,34499.68,45416.76,53399.00,59253.88,74448.74,91920.98,111715.14,149263.80,183732.38,202680.89,235393.01,300627.51,331493.40,366110.97,402716.09,472385.97,508125.59,543078.75,578590.00
财政收入:天津,百万人民币,57388.44268,7290541546,85384.6681,1.539466376,0.888872011,1.487837343,3764.28,272346,10139.63,41,3925.12,3764.28,4094.27,4019.91,3870.96,3874.39,4045.94,4821.37,5450.00,5587.15,4481.16,4649.18,4488.24,5809.16,6305.48,7496.05,5015.19,6189.77,7904.03,8990.82,10139.63,11280.73,13360.69,16363.50,17183.23,20452.95,24618.00,33185.07,41704.79,54043.90,67561.86,82199.16,106880.93,145512.99,176002.01,207907.16,239035.18,266711.00,272346.00,231036.00,210618.90
财政收入:河北:石家庄,百万人民币,22983.41688,253722588,15928.67188,0.484963865,-1.180109248,0.693050645,4934.29,51970,19242.935,16,,,,,,,,,,,,,,,,,,,,,,,,,,4934.29,5616.44,6587.96,7737.36,9587.20,11003.66,12596.14,16363.03,22122.84,27227.64,31512.33,34347.45,37505.29,41072.38,47550.66,51970.00
财政收入:河北:唐山,百万人民币,22538.71313,161859318.2,12722.39436,0.001445035,-1.45666965,0.564468534,4142.59,43240,22570.215,16,,,,,,,,,,,,,,,,,,,,,,,,,,4142.59,5812.69,7761.37,9337.58,11920.81,14926.70,16971.61,19584.19,25556.24,30109.36,31841.52,32374.98,33497.97,35506.99,38034.81,43240.00
财政收入:河北:秦皇岛市,百万人民币,7581.004375,16983443.84,4121.097408,-0.161656094,-1.683848454,0.543608367,1610.61,13343.39,7933.195,16,,,,,,,,,,,,,,,,,,,,,,,,,,1610.61,1903.22,2578.79,3252.59,4164.69,4868.00,5633.32,7202.00,8664.39,10866.22,10950.28,11365.84,11436.20,11601.28,11855.25,13343.39
财政收入:河北:邯郸市,百万人民币,12905.99188,53639157.33,7323.875841,-0.014435871,-1.594532064,0.567478727,2683.59,24340,13742.395,16,,,,,,,,,,,,,,,,,,,,,,,,,,2683.59,3405.10,4321.48,5281.39,6945.88,7745.86,8717.60,11589.75,15895.04,18465.04,17265.14,18316.17,19062.15,20450.18,22011.50,24340.00
财政收入:河北:邢台市,百万人民币,6827.310625,17232426.27,4151.195764,0.435090416,-1.008561382,0.608027962,1800.05,14900,6383.81,16,,,,,,,,,,,,,,,,,,,,,,,,,,2687.64,1800.05,2185.18,2550.82,3135.52,3689.98,4303.23,5710.01,7057.61,8561.20,8993.32,9570.60,10270.00,11148.02,12673.79,14900.00
财政收入:河北:保定市,百万人民币,12971.72188,76548963.38,8749.226444,0.382928459,-1.415606609,0.674484585,2978.57,27844.45,10981.015,16,,,,,,,,,,,,,,,,,,,,,,,,,,2978.57,3360.10,3726.28,4306.03,5148.43,6659.71,7325.59,9103.13,12858.90,15992.92,18030.34,19247.07,21286.05,24009.98,27844.45,25670.00
财政收入:河北:张家口市,百万人民币,7871.69125,26884156.01,5184.993347,0.0999675,-1.72800968,0.658688607,1165.77,15690,7271.66,16,,,,,,,,,,,,,,,,,,,,,,,,,,1165.77,1528.28,2111.36,2427.64,3447.30,4161.43,4699.52,6244.62,8298.70,10656.10,11846.77,12578.00,13343.34,14169.70,13578.53,15690.00
财政收入:河北:承德市,百万人民币,6059.74,12633868.22,3554.415313,-0.111724165,-1.600495804,0.586562346,841.07,10756.05,6296.785,16,,,,,,,,,,,,,,,,,,,,,,,,,,841.07,1202.74,1729.45,2444.95,3267.17,3779.67,4517.89,5483.54,7110.03,8251.33,10250.05,10756.05,9726.46,8213.31,8922.13,10460.00
财政收入:河北:沧州市,百万人民币,12080.24938,71623560.87,8463.070416,0.354008686,-1.478860973,0.700570837,2326.22,26340,10389.23,16,,,,,,,,,,,,,,,,,,,,,,,,,,2326.22,2585.50,3117.24,3727.29,4720.13,5674.65,6473.31,9129.58,11648.88,14258.18,17227.99,18971.02,21090.70,22039.68,23953.62,26340.00
财政收入:河北:廊坊市,百万人民币,15462.48563,162024803.2,12728.89638,0.475300705,-1.408447274,0.823211526,1647.04,36200,12305.73,16,,,,,,,,,,,,,,,,,,,,,,,,,,1647.04,2027.92,2429.65,3053.72,4544.11,5794.61,6926.29,10586.40,14025.06,17214.76,20543.42,25048.60,30338.44,33872.44,33147.31,36200.00
财政收入:河北:衡水市,百万人民币,4775.03125,14456744.17,3802.202542,0.563673345,-1.354957843,0.796267573,1011.42,11500,3261.085,16,,,,,,,,,,,,,,,,,,,,,,,,,,1026.20,1011.42,1331.88,1215.00,1410.50,1544.35,2168.76,2797.02,3725.15,5073.43,6853.45,7971.95,8851.55,9572.47,10347.37,11500.00
财政收入:山西:太原市,百万人民币,17551.20188,113560681.9,10656.48544,0.281570872,-1.17534831,0.607165567,3334.73,37323,15659.94,16,,,,,,,,,,,,,,,,,,,,,,,,,,3334.73,4263.74,5695.25,7533.06,8841.70,11692.24,11753.22,13848.09,17471.79,21566.54,24732.61,25885.27,27424.03,28268.93,31185.03,37323.00
财政收入:山西:大同市,百万人民币,6343.45125,12694526.06,3562.937841,0.02945824,-1.4251685,0.561671825,1319.95,11970,5990.865,16,,,,,,,,,,,,,,,,,,,,,,,,,,1319.95,1531.84,2041.73,2608.91,3670.60,4666.64,4761.74,5517.66,6464.07,8030.46,9457.19,10494.51,9239.63,8892.63,10827.66,11970.00
财政收入:山西:阳泉市,百万人民币,3439.128125,2906240.925,1704.77005,-0.324578674,-1.323120458,0.495698325,696.22,5760,3948.535,16,,,,,,,,,,,,,,,,,,,,,,,,,,696.22,934.92,1292.55,1537.56,2162.03,2617.01,2977.40,3769.31,4663.57,5687.86,4679.03,4704.77,4416.45,4127.76,4999.61,5760.00
财政收入:山西:长治市,百万人民币,8495.399375,22307510.62,4723.082745,-0.091194192,-1.324036742,0.555957706,1315.95,15067,8716.755,16,,,,,,,,,,,,,,,,,,,,,,,,,,1315.95,1705.49,2387.47,4452.16,4975.06,6262.59,6957.30,7790.01,10440.71,13349.31,14866.23,13632.51,9643.50,9852.78,13228.32,15067.00
财政收入:山西:晋城市,百万人民币,6271.838125,13053491.4,3612.961583,0.023347434,-1.312392042,0.576061038,1027.79,12530,6170.56,16,,,,,,,,,,,,,,,,,,,,,,,,,,1027.79,1384.79,2004.54,2649.25,3407.83,4186.41,4807.42,5548.90,6792.22,8290.56,9457.55,9803.05,9390.26,8932.29,10136.55,12530.00
财政收入:山西:朔州市,百万人民币,5089.7225,9486337.207,3079.989806,-0.110836796,-1.302431389,0.605139044,528.35,9530,5171.145,16,,,,,,,,,,,,,,,,,,,,,,,,,,528.35,667.02,1131.27,1701.11,3020.23,3779.89,4622.13,5575.35,7091.89,8425.00,9530.00,8658.98,5430.00,4912.29,7322.05,9040.00
财政收入:山西:晋中市,百万人民币,7223.824375,19336870.09,4397.370816,0.045164256,-1.190039057,0.608731689,947.68,15080,7139.365,16,,,,,,,,,,,,,,,,,,,,,,,,,,947.68,1297.90,1921.31,2389.32,4101.53,4691.07,5775.68,6475.18,7803.55,9922.96,11513.05,11751.58,10024.30,10080.05,11806.03,15080.00
财政收入:山西:运城市,百万人民币,3944.176875,3982361.864,1995.585594,0.44334036,-0.429310223,0.50595743,1194.97,8070,3817.795,16,,,,,,,,,,,,,,,,,,,,,,,,,,1194.97,1215.48,1840.76,2131.34,2900.91,3264.56,2627.42,3554.03,4081.56,4154.06,4542.11,5278.71,5629.61,5911.00,6710.31,8070.00
财政收入:山西:忻州市,百万人民币,4638.905625,7813354.891,2795.237895,-0.156800967,-1.699958535,0.602564079,640.67,8150,4795.765,16,,,,,,,,,,,,,,,,,,,,,,,,,,640.67,794.70,1177.34,1667.48,2317.68,2945.34,3354.38,4234.25,5357.28,6516.51,7370.18,8081.26,7365.46,6924.27,7325.69,8150.00
财政收入:山西:临汾市,百万人民币,7348.494375,13375937.29,3657.312852,-0.192439606,-1.206463005,0.497695537,1359.85,12600,8071.23,16,,,,,,,,,,,,,,,,,,,,,,,,,,1359.85,1970.09,2926.50,3993.13,4712.59,5422.11,6292.05,7543.88,8910.54,11077.73,11814.96,11826.29,8818.13,8598.58,9709.48,12600.00
财政收入:山西:吕梁市,百万人民币,8257.573125,30514172.79,5523.963504,0.223398413,-1.227599374,0.668957261,798.69,17480,8127.85,16,,,,,,,,,,,,,,,,,,,,,,,,,,798.69,1188.49,1865.00,2567.41,3833.17,5510.70,5971.96,7295.82,10050.58,14194.91,16397.80,13060.88,9067.98,8959.88,13877.90,17480.00
财政收入:内蒙古:呼和浩特市,百万人民币,13445.3825,68074166.04,8250.707002,0.038277027,-1.389601001,0.613646135,2057.79,26965.3,13909.345,16,,,,,,,,,,,,,,,,,,,,,,,,,,2057.79,2856.38,3593.19,4552.02,5796.18,8224.59,10679.47,12676.17,15142.52,17864.47,18201.77,21153.89,24740.21,26965.30,20150.20,20471.97
财政收入:内蒙古:包头市,百万人民币,13982.13625,58360052.91,7639.375165,0.238347376,-0.998303794,0.546366809,2592.16,27121.22,13839.78,16,,,,,,,,,,,,,,,,,,,,,,,,,,2592.16,4161.75,5841.98,6753.43,7674.76,9648.08,13031.20,13918.30,16185.71,18575.57,21511.79,23431.86,25230.21,27121.22,13761.26,14274.90
财政收入:内蒙古:乌海市,百万人民币,3771.218125,7355891.812,2712.174738,0.451577875,-1.161059863,0.719177371,351.32,8155.52,3572.875,16,,,,,,,,,,,,,,,,,,,,,,,,,,351.32,552.82,881.90,1232.93,2061.00,1797.00,2177.88,3366.31,4049.75,5441.35,6848.95,7516.17,8047.57,8155.52,3779.44,4079.58
财政收入:内蒙古:赤峰市,百万人民币,6083.2725,14371351.2,3790.956503,-0.000240952,-1.686834609,0.623177164,1009.35,11177.77,5905.1,16,,,,,,,,,,,,,,,,,,,,,,,,,,1009.35,1360.18,1587.61,1637.70,2818.25,3623.13,4582.21,5632.58,6177.62,7455.88,9118.40,9802.58,10457.77,11177.77,10067.76,10823.57
财政收入:内蒙古:通辽市,百万人民币,6276.666875,16775399.65,4095.778272,0.115679634,-1.295197776,0.65254033,827.46,12833.65,6764.66,16,,,,,,,,,,,,,,,,,,,,,,,,,,827.46,1020.27,1442.22,1700.91,2363.64,4130.27,5070.32,6483.29,7325.40,8917.21,10363.39,11305.63,12048.46,12833.65,7046.03,7548.52
财政收入:内蒙古:鄂尔多斯市,百万人民币,25075.30188,306581490.5,17509.4686,-0.162523561,-1.873929575,0.698275486,1473.36,45102.63,29262.68,16,,,,,,,,,,,,,,,,,,,,,,,,,,1473.36,2302.11,4490.45,5403.87,7702.39,11819.83,16204.08,23907.74,34617.62,37551.21,44001.56,43007.82,44589.99,45102.63,35684.32,43345.85
财政收入:内蒙古:呼伦贝尔市,百万人民币,5941.525625,11170393.93,3342.213927,-0.113853245,-1.552448681,0.562517801,1192.51,10602.63,6044.555,16,,,,,,,,,,,,,,,,,,,,,,,,,,1192.51,1448.71,1741.40,2261.28,2899.80,4184.18,4929.47,5598.51,6490.60,7935.62,8714.08,9603.18,10333.23,10602.63,8525.16,8604.05
财政收入:内蒙古:巴彦淖尔市,百万人民币,3842.591875,4812302.541,2193.696091,-0.08890619,-1.611474651,0.570889692,728.57,6995.42,4049.805,16,,,,,,,,,,,,,,,,,,,,,,,,,,728.57,988.04,1225.08,1368.36,1879.34,2387.82,2999.83,3827.87,4271.74,4960.94,5793.35,6201.67,6576.34,6995.42,5723.26,5553.84
财政收入:内蒙古:乌兰察布市,百万人民币,2847.9025,3226658.598,1796.290232,0.391549094,-1.61315588,0.630741478,708.14,5666.32,2040.055,16,,,,,,,,,,,,,,,,,,,,,,,,,,708.14,892.26,1192.13,1285.14,1522.85,1546.72,1399.33,1733.44,2346.67,3480.06,4244.98,5102.40,5515.10,5666.32,4310.63,4620.27
财政收入:辽宁:沈阳市,百万人民币,45859.38938,678734802,26052.53926,-0.179669408,-1.685796356,0.568096078,8108.89,80099.97,53579.755,16,,,,,,,,,,,,,,,,,,,,,,,,,,8108.89,10953.58,13814.15,17563.36,23080.85,29103.81,32020.70,46535.40,62012.44,71503.77,80099.97,78550.20,60624.11,62094.94,65624.06,72060.00
财政收入:辽宁:大连市,百万人民币,47931.31438,644770546.4,25392.33243,-0.207445829,-1.467839815,0.529764993,11054.05,85016.46,54037.26,16,,,,,,,,,,,,,,,,,,,,,,,,,,11054.05,11717.12,15142.47,19613.57,26797.57,33906.91,40023.40,50083.22,65103.58,75010.85,85016.46,78086.45,57991.30,61190.41,65763.67,70400.00
财政收入:辽宁:鞍山市,百万人民币,13340.85313,51610276.49,7184.029266,0.17883137,-1.162644389,0.53849849,2922.45,24170.12,13101.72,16,,,,,,,,,,,,,,,,,,,,,,,,,,2922.45,4020.90,5524.91,5616.46,7450.10,10001.94,12312.30,18003.34,20701.67,23439.46,23924.87,24170.12,12907.42,13296.02,14021.69,15140.00
财政收入:辽宁:抚顺市,百万人民币,7080.95625,17289625.4,4158.079533,0.207379016,-1.199004578,0.587220057,1488.32,13425.12,7554.76,16,,,,,,,,,,,,,,,,,,,,,,,,,,1488.32,1761.10,2228.25,2756.11,3674.85,4517.45,5376.71,8125.07,10650.16,13015.33,13420.92,13425.12,7376.69,7732.83,8806.39,8940.00
财政收入:辽宁:本溪市,百万人民币,6274.055625,15506585.43,3937.840199,0.670019581,-0.750530098,0.627638713,1525.56,12983.26,5466,16,,,,,,,,,,,,,,,,,,,,,,,,,,1525.56,1693.32,2180.95,2676.35,3376.95,4243.69,5031.77,7459.60,10243.25,12352.44,12970.05,12983.26,5376.80,5555.20,6455.70,6260.00
财政收入:辽宁:丹东市,百万人民币,6467.669375,17753203.6,4213.455067,0.378342862,-1.029177143,0.651464202,1137.12,13636.3,6741.685,16,,,,,,,,,,,,,,,,,,,,,,,,,,1137.12,1330.73,1681.63,2188.92,2887.27,3756.87,5013.52,8023.59,10332.12,12797.33,13636.30,12600.05,6634.24,6849.13,7273.89,7340.00
财政收入:辽宁:锦州市,百万人民币,6975.001875,20419946.14,4518.843452,0.137320049,-1.444859682,0.647862686,1368.59,13684.62,7829.455,16,,,,,,,,,,,,,,,,,,,,,,,,,,1368.59,1430.36,1726.07,2062.19,2597.13,3506.74,4800.88,8107.03,10366.81,13150.31,13609.02,13684.62,7551.88,8481.18,9127.22,10030.00
财政收入:辽宁:营口市,百万人民币,8723.523125,36863046.33,6071.494571,0.100242201,-1.475249472,0.695991113,1074.37,18425.45,10208.76,16,,,,,,,,,,,,,,,,,,,,,,,,,,1074.37,1258.86,1635.25,2047.61,2904.05,4000.52,5714.65,10010.63,14024.05,17021.83,18425.45,16035.85,10406.89,10518.31,11368.05,13130.00
财政收入:辽宁:阜新市,百万人民币,3197.280625,5317365.796,2305.941412,0.489504023,-1.018890973,0.721219587,558.22,7121.44,3295.47,16,,,,,,,,,,,,,,,,,,,,,,,,,,558.22,625.05,743.31,896.84,1099.61,1461.31,1859.78,3007.00,5014.31,6402.99,7049.70,7121.44,3715.24,3583.94,3817.75,4200.00
财政收入:辽宁:辽阳市,百万人民币,6237.949375,13932260.88,3732.59439,-0.013400533,-1.550994829,0.598368817,1169.3,11480,6922.98,16,,,,,,,,,,,,,,,,,,,,,,,,,,1169.30,1403.23,1743.36,2190.76,2808.46,3540.64,4797.46,7648.08,10016.88,11021.46,11132.22,11480.00,6768.47,7077.49,8069.38,8940.00
财政收入:辽宁:盘锦市,百万人民币,7963.295625,26477434.85,5145.622882,0.065168862,-1.759362972,0.646167507,1698.33,15117.76,8781.665,16,,,,,,,,,,,,,,,,,,,,,,,,,,1698.33,1849.51,2153.68,2594.93,2968.71,3491.16,4343.22,8058.69,11228.44,14022.23,14876.70,15117.76,9504.64,10048.31,11886.42,13570.00
财政收入:辽宁:铁岭市,百万人民币,5308.704,13884442.16,3726.183323,0.444577067,-1.289177169,0.701900751,960.23,11461.66,4798.51,15,,,,,,,,,,,,,,,,,,,,,,,,,,960.23,1086.78,1278.70,1630.88,2304.58,3309.00,4798.51,8008.29,10502.48,11461.66,10363.79,9339.17,5028.48,4643.09,4914.92,
财政收入:辽宁:朝阳市,百万人民币,5276.6275,12981266.18,3602.952425,0.293496369,-1.130340915,0.682813487,626.33,11248.85,5287.69,16,,,,,,,,,,,,,,,,,,,,,,,,,,626.33,795.29,1093.51,1489.05,2179.56,3178.63,4214.94,6625.04,8692.36,10708.57,11248.85,10170.21,5473.34,5102.04,5788.32,7040.00
财政收入:辽宁:葫芦岛市,百万人民币,5060.175,7762928.772,2786.20329,-0.086378088,-1.688138293,0.550614018,1332.13,8837.56,5653.92,16,,,,,,,,,,,,,,,,,,,,,,,,,,1332.13,1464.95,1719.00,1795.33,2464.94,3140.30,3731.06,5594.23,7030.54,8397.78,8837.56,8160.00,5713.61,6071.38,7279.99,8230.00
财政收入:吉林:长春市,百万人民币,24409.22188,262447725.3,16200.23843,0.068282096,-1.839514742,0.663693358,4597.09,47800,23473.865,16,,,,,,,,,,,,,,,,,,,,,,,,,,4597.09,5069.23,6103.38,7159.08,9329.51,11903.15,14265.06,18084.61,28863.12,34080.21,38181.78,39732.49,38822.13,41548.53,45008.18,47800.00
财政收入:吉林:吉林市,百万人民币,7876.304667,22078253.04,4698.750157,-0.010020349,-1.749814648,0.596567852,1673.96,13997.04,7319.26,15,,,,,,,,,,,,,,,,,,,,,,,,,,1673.96,1973.01,2353.65,2766.93,4084.08,5333.13,6099.55,7319.26,10195.25,11902.95,13997.04,13118.55,13284.29,13555.97,10486.95,
财政收入:吉林:四平市,百万人民币,3714.735333,4499293.187,2121.15374,-0.133692912,-1.562563899,0.571010731,719.3,6344.45,3751.22,15,,,,,,,,,,,,,,,,,,,,,,,,,,827.00,725.95,719.30,2266.78,2880.76,3751.22,2135.78,2790.49,3888.55,5657.65,6055.60,5785.26,6228.49,6344.45,5663.75,
财政收入:吉林:辽源市,百万人民币,1559.545333,815824.4862,903.2300295,-0.113374723,-1.514606287,0.579162407,311.8,2811.79,1706.23,15,,,,,,,,,,,,,,,,,,,,,,,,,,326.46,311.80,394.65,634.51,836.33,1167.44,1442.53,1706.23,1886.44,2386.70,2550.80,2682.11,2811.79,2420.97,1834.42,
财政收入:吉林:通化市,百万人民币,4187.360667,8832406.204,2971.93644,0.227302525,-1.744080765,0.70973978,694.67,8371.9,3402.35,15,,,,,,,,,,,,,,,,,,,,,,,,,,694.67,792.72,920.75,1331.69,1618.17,2142.50,2600.58,3402.35,4813.45,6443.11,7399.61,8371.90,7812.64,8278.09,6188.18,
财政收入:吉林:白山市,百万人民币,2525.88625,2692027.378,1640.739888,0.086763379,-1.610708983,0.649569983,389.59,4702.52,2399.54,16,,,,,,,,,,,,,,,,,,,,,,,,,,389.59,422.53,538.96,780.66,1096.70,1558.68,1977.69,2527.08,3553.08,4363.04,4631.80,4425.13,4479.65,4702.52,2695.07,2272.00
财政收入:吉林:松原市,百万人民币,3499.758667,3848969.156,1961.878986,0.007017229,-1.507569125,0.560575506,809.83,6250.7,3097.19,15,,,,,,,,,,,,,,,,,,,,,,,,,,809.83,809.91,1117.83,1707.20,2101.19,2874.00,2582.89,3097.19,4267.42,5800.14,6200.00,6250.70,5020.83,5070.79,4786.46,
财政收入:吉林:白城市,百万人民币,2193.461333,2375178.197,1541.161314,0.227835094,-1.847015576,0.702616131,410.52,4204,1801.31,15,,,,,,,,,,,,,,,,,,,,,,,,,,544.60,410.52,512.40,674.37,836.09,1090.65,1263.46,1801.31,2457.26,3102.87,3696.09,4139.52,4018.09,4204.00,4150.69,
财政收入:黑龙江:哈尔滨市,百万人民币,25832.24,171734710.1,13104.75906,-0.120811189,-1.83502021,0.507302466,7636,42352.03,26923.09,16,,,,,,,,,,,,,,,,,,,,,,,,,,7636.00,9559.82,9803.70,11829.34,13204.95,16400.56,19335.98,23814.28,30031.90,35471.60,40228.08,42352.03,40773.28,37623.84,36810.48,38440.00
财政收入:黑龙江:齐齐哈尔市,百万人民币,4891.434375,8025638.583,2832.955803,0.008342998,-1.567156114,0.579166679,1270.22,9606.51,5318.745,16,,,,,,,,,,,,,,,,,,,,,,,,,,1270.22,1388.21,1580.81,1627.84,2067.87,2797.09,3453.36,5136.09,7007.53,5501.40,6443.33,9606.51,7897.12,7635.19,7360.38,7490.00
财政收入:黑龙江:鸡西市,百万人民币,2469.625,1987220.762,1409.688179,-0.20101387,-1.706012806,0.570810621,519.29,4327.4,2970.91,16,,,,,,,,,,,,,,,,,,,,,,,,,,519.29,529.94,711.87,962.78,1096.50,1481.44,1838.23,2597.69,3522.86,4327.40,3344.13,4293.07,3454.30,3633.72,3790.78,3410.00
财政收入:黑龙江:鹤岗市,百万人民币,1388.066667,576060.5482,758.986527,0.12927668,-1.196542803,0.546794001,332.98,2714.48,1548.64,15,,,,,,,,,,,,,,,,,,,,,,,,,,332.98,362.90,566.08,703.53,777.55,933.14,1174.67,1548.64,2218.42,2714.48,2048.99,1680.62,1558.67,1887.01,2313.32,
财政收入:黑龙江:双鸭山市,百万人民币,1758.944375,953880.4019,976.6680101,-0.27537576,-1.383236982,0.555258042,309.83,3216.37,1966.195,16,,,,,,,,,,,,,,,,,,,,,,,,,,309.83,332.50,511.21,650.83,844.68,1243.63,1781.23,2405.32,2685.00,3216.37,2899.27,1845.69,2370.97,2086.70,2309.88,2650.00
财政收入:黑龙江:大庆市,百万人民币,10090.51938,19029914.31,4362.329,-0.31070058,-1.556823879,0.43231957,2991.43,15527.35,11156.41,16,,,,,,,,,,,,,,,,,,,,,,,,,,2991.43,4409.42,4585.96,5177.71,6285.85,8254.98,8448.33,9589.64,12842.93,14032.67,14360.02,14104.21,12723.18,13024.63,15527.35,15090.00
财政收入:黑龙江:伊春市,百万人民币,920.37375,322039.0717,567.4848647,0.060791276,-1.737693236,0.616580889,217.15,1788.57,917.31,16,,,,,,,,,,,,,,,,,,,,,,,,,,246.41,217.15,263.63,294.99,376.26,483.02,586.12,832.04,1002.58,1237.64,1484.35,1464.29,1425.63,1404.51,1618.79,1788.57
财政收入:黑龙江:佳木斯市,百万人民币,2412.1275,2373571.05,1540.639818,-0.073823218,-1.973251683,0.638705797,461.35,4201.23,2532.53,16,,,,,,,,,,,,,,,,,,,,,,,,,,561.91,461.35,544.37,866.49,852.51,1100.14,1454.00,2085.09,2979.97,3794.53,4184.58,4201.23,3598.46,3983.61,3795.80,4130.00
财政收入:黑龙江:七台河市,百万人民币,1520.414375,574577.3792,758.0088253,-0.311436481,-1.020703698,0.498554103,276.43,2750,1701.7,16,,,,,,,,,,,,,,,,,,,,,,,,,,276.43,359.80,588.28,717.06,859.11,1308.32,1678.46,2332.24,2038.17,2179.40,1892.59,1800.43,1724.94,1546.06,2275.34,2750.00
财政收入:黑龙江:牡丹江市,百万人民币,4491.536875,7704085.81,2775.623499,0.046648849,-1.588168104,0.61796743,951.27,8814.43,4821.575,16,,,,,,,,,,,,,,,,,,,,,,,,,,951.27,1008.30,1260.38,1351.64,1905.13,2513.08,3056.63,4282.30,5360.85,7029.29,8092.78,8814.43,5897.88,6800.98,7589.65,5950.00
财政收入:黑龙江:黑河市,百万人民币,1690.336875,1348530.698,1161.262545,0.080672026,-1.675034345,0.687000658,310.06,3440,1899.115,16,,,,,,,,,,,,,,,,,,,,,,,,,,368.80,386.36,310.06,361.31,471.85,718.19,987.11,1954.26,1843.97,2119.61,2307.47,2636.06,2894.40,3031.82,3214.12,3440.00
财政收入:黑龙江:绥化市,百万人民币,3492.852667,5259872.744,2293.441245,-0.049927999,-2.056735972,0.656609787,788.52,6441.63,4204.24,15,,,,,,,,,,,,,,,,,,,,,,,,,,981.94,788.52,874.96,1017.62,1200.38,1586.03,1931.53,4862.30,4204.24,5543.19,6441.63,6154.12,5621.40,5577.98,5606.95,
财政收入:上海,百万人民币,153690.7098,41691274494,204184.413,1.535377074,1.272647014,1.328541024,15639,710815,39222,41,16922.00,17269.00,17473.00,17435.00,16799.00,15639.00,16396.00,18423.00,17946.00,16897.00,16162.00,16688.00,16699.00,17553.00,18556.00,24234.00,17533.00,22730.00,28849.00,35233.00,39222.00,43185.00,49796.00,62024.00,71979.00,89929.00,111972.00,143390.00,160037.00,210263.00,238234.00,254029.75,287358.40,342983.18,374370.53,410950.86,458555.36,551949.64,640613.00,664226.38,710815.00
财政收入:江苏:南京市,百万人民币,65258.1525,1751993461,41856.82097,0.524648,-0.841406447,0.641403708,13647.88,147002,57690.13,16,,,,,,,,,,,,,,,,,,,,,,,,,,13647.88,16987.84,21107.46,24643.92,33018.83,38656.00,43450.80,51880.08,63500.18,73301.68,83130.76,90348.90,102003.00,114260.00,127191.11,147002.00
财政收入:江苏:无锡市,百万人民币,53970.26875,906687696.7,30111.25532,-0.004703901,-1.400103296,0.55792302,10434,101228,56344.5,16,,,,,,,,,,,,,,,,,,,,,,,,,,10434.00,13528.44,18168.18,22088.57,30058.29,36543.00,41591.43,51189.00,61500.00,65803.01,71091.44,76800.77,83000.00,87500.00,93000.17,101228.00
财政收入:江苏:徐州市,百万人民币,27940.94875,385665628.9,19638.37134,0.065796025,-1.827023807,0.702852702,3392.67,53068,27028.68,16,,,,,,,,,,,,,,,,,,,,,,,,,,3392.67,4270.88,5522.16,7103.18,10037.91,12585.05,16434.40,22215.58,31841.78,36675.83,42284.40,47232.79,53068.00,51606.00,50163.55,52621.00
财政收入:江苏:常州市,百万人民币,29884.66313,295432933.5,17188.1626,-0.031573044,-1.527535124,0.575149953,5667.29,56033,31852.94,16,,,,,,,,,,,,,,,,,,,,,,,,,,5667.29,6734.07,9499.05,11888.18,15806.88,18518.88,21588.88,28617.88,35088.00,37899.00,40888.00,43388.00,46628.00,48029.00,51880.50,56033.00
财政收入:江苏:苏州市,百万人民币,102265.5063,3863159850,62154.32286,0.230878661,-1.133558198,0.607774069,17049.77,211999,100071.675,16,,,,,,,,,,,,,,,,,,,,,,,,,,17049.77,21956.67,31678.41,40022.84,54181.77,66890.63,74518.00,90055.27,110088.08,120433.36,133102.54,144381.74,156076.00,173004.00,190810.02,211999.00
财政收入:江苏:南通市,百万人民币,33030.6375,499734528,22354.74285,0.048322819,-1.783968371,0.676788114,4880.63,62564,33224.595,16,,,,,,,,,,,,,,,,,,,,,,,,,,4880.63,5258.93,7199.03,9253.30,12769.56,15958.95,19898.73,29080.61,37368.58,41972.25,48588.18,55000.19,62564.00,59018.00,59060.26,60619.00
财政收入:江苏:连云港市,百万人民币,14224.29125,95641382.73,9779.641237,-0.04579661,-1.689501606,0.687531003,1566.91,29177,16073.44,16,,,,,,,,,,,,,,,,,,,,,,,,,,1566.91,1857.62,2459.20,3395.93,4878.51,6621.15,9021.33,14138.88,18008.00,20893.96,23330.30,26177.23,29177.00,21147.00,21484.64,23431.00
财政收入:江苏:淮安市,百万人民币,16419.98813,140309111.5,11845.21471,0.103680174,-1.627144107,0.721389968,1867.27,35031,17302.735,16,,,,,,,,,,,,,,,,,,,,,,,,,,1867.27,2230.57,2677.48,3694.15,5139.56,7135.65,9645.04,14142.64,20462.83,23361.12,27141.95,30851.30,35031.00,31551.00,23060.78,24727.47
财政收入:江苏:盐城市,百万人民币,22610.24063,271496502.8,16477.15093,0.067560655,-1.76427618,0.728747261,2655.23,47750,23019.36,16,,,,,,,,,,,,,,,,,,,,,,,,,,2655.23,3011.17,3789.36,4884.02,6545.39,9030.00,12682.90,19135.14,26903.58,31278.15,36676.72,41802.31,47750.00,41518.00,36001.88,38100.00
财政收入:江苏:扬州市,百万人民币,18796.43563,139811861.6,11824.2066,0.044048546,-1.66856551,0.629066427,3055.17,34530,19293.18,16,,,,,,,,,,,,,,,,,,,,,,,,,,3055.17,3813.68,4954.86,6301.88,8569.00,10483.17,12807.88,16778.18,21808.18,22499.86,25926.06,29519.18,33675.00,34530.00,32017.87,34003.00
财政收入:江苏:镇江市,百万人民币,16804.38813,113376503,10647.8403,0.052268519,-1.818800213,0.633634514,2860.38,30285,16000.14,16,,,,,,,,,,,,,,,,,,,,,,,,,,2860.38,3589.61,4713.52,6011.99,8025.65,8566.00,10156.93,13810.12,18190.16,21547.90,25451.58,27776.48,30285.00,29301.00,28433.78,30150.11
财政收入:江苏:泰州市,百万人民币,18643.03875,140983443.6,11873.64491,0.065563792,-1.523050888,0.636894289,2656.81,36664,19440.26,16,,,,,,,,,,,,,,,,,,,,,,,,,,2656.81,3406.73,4690.55,6147.33,8415.19,10108.00,13862.44,17080.32,21800.20,22362.43,25128.12,27795.43,31656.00,32118.00,34397.07,36664.00
财政收入:江苏:宿迁市,百万人民币,11510.29063,78067873.05,8835.602586,0.115533943,-1.790049382,0.767626368,982.01,23808,10527.56,16,,,,,,,,,,,,,,,,,,,,,,,,,,982.01,1107.38,1377.43,2005.04,3291.54,4652.29,6307.10,8957.44,12097.68,15812.56,18511.54,21009.75,23567.00,23808.00,20057.89,20620.00
财政收入:浙江:杭州市,百万人民币,78657.44063,2653482518,51511.96481,0.606969659,-0.614772146,0.654889918,15038.88,182506,72824.685,16,,,,,,,,,,,,,,,,,,,,,,,,,,15038.88,19745.23,25045.65,30138.88,39161.95,45535.31,52078.99,67134.13,78515.24,85998.75,94520.20,102731.69,123388.20,140238.26,156741.69,182506.00
财政收入:浙江:宁波市,百万人民币,63916.06125,1589739762,39871.54075,0.446736046,-0.963946313,0.623810979,13941.62,137970,59424.045,16,,,,,,,,,,,,,,,,,,,,,,,,,,13941.62,15174.90,21237.97,25737.99,32912.18,39038.74,43280.03,53092.78,65755.31,72550.03,79280.80,86061.09,100640.65,111454.09,124528.80,137970.00
财政收入:浙江:温州市,百万人民币,26607.83688,210585126.4,14511.55148,0.441898732,-0.866181764,0.545386367,7896.49,54760,24967.985,16,,,,,,,,,,,,,,,,,,,,,,,,,,7896.49,8568.11,10961.16,12877.87,15702.71,18014.56,19564.45,22849.27,27086.70,28964.19,32397.52,35252.53,40307.35,43987.44,46535.04,54760.00
财政收入:浙江:嘉兴市,百万人民币,22307.94313,219278352.1,14808.05025,0.547990473,-0.749102538,0.663801686,4121.75,51860,20161.6,16,,,,,,,,,,,,,,,,,,,,,,,,,,4121.75,5489.23,6679.18,8154.70,10523.52,12686.94,14170.39,17682.97,22640.23,25773.19,28230.92,30706.75,35034.50,38793.41,44379.41,51860.00
财政收入:浙江:湖州市,百万人民币,12305.71125,63008441.91,7937.785706,0.600966603,-0.595267349,0.645048916,2526.38,28710,10969.275,16,,,,,,,,,,,,,,,,,,,,,,,,,,2526.38,3336.42,3973.08,4979.23,6167.80,7161.16,8001.06,9726.55,12212.00,13855.08,15466.46,16784.00,19131.16,21117.92,23743.08,28710.00
财政收入:浙江:绍兴市,百万人民币,23081.89,201384382.2,14190.99652,0.396596112,-0.947510399,0.614810855,5048.49,50130,21646.105,16,,,,,,,,,,,,,,,,,,,,,,,,,,5048.49,5092.08,7613.26,9454.65,12211.69,14359.54,16043.10,19323.05,23969.16,26575.55,29307.21,31727.05,36289.35,39030.10,43135.96,50130.00
财政收入:浙江:金华市,百万人民币,19130.33313,133367973.3,11548.50524,0.377933793,-1.208770663,0.603675073,4313.03,39260,17084.695,16,,,,,,,,,,,,,,,,,,,,,,,,,,4313.03,5122.94,6804.16,8144.62,10196.84,11970.47,12927.55,15592.55,18576.84,21488.87,24247.21,26886.73,30968.85,33813.94,35770.73,39260.00
财政收入:浙江:衢州市,百万人民币,5832.808125,13282245.92,3644.481571,0.519948619,-0.948278696,0.624824526,1403.82,12810,5227.545,16,,,,,,,,,,,,,,,,,,,,,,,,,,1403.82,1707.61,2001.77,2352.50,2935.30,3438.93,3785.21,4697.80,5757.29,6341.54,7275.35,8032.39,9401.51,10255.53,11128.38,12810.00
财政收入:浙江:舟山市,百万人民币,6974.805625,19244662.89,4386.873931,0.177956946,-1.289081123,0.628960027,1138.64,14600,6876.2,16,,,,,,,,,,,,,,,,,,,,,,,,,,1138.64,1357.46,1820.82,2425.78,3506.36,4315.34,4877.86,6103.96,7648.44,8556.27,9262.80,10102.03,11272.21,12032.48,12576.44,14600.00
财政收入:浙江:台州市,百万人民币,19944.59375,143035429.4,11959.74203,0.527080107,-0.79914932,0.599648315,5269.64,43118,18249.975,16,,,,,,,,,,,,,,,,,,,,,,,,,,5269.64,5597.26,7233.24,8611.15,10885.51,12604.98,13602.27,16488.45,20011.50,22042.30,24773.41,26520.92,29801.70,34328.35,38224.82,43118.00
财政收入:浙江:丽水市,百万人民币,5904.50875,13516320.11,3676.454829,0.540447743,-0.901903432,0.622652109,1478.41,13001.06,5115.215,16,,,,,,,,,,,,,,,,,,,,,,,,,,1478.41,1619.40,2000.81,2494.11,3266.40,3614.76,3741.98,4494.23,5736.20,6461.21,7369.97,8095.73,9450.64,10356.68,11290.55,13001.06
财政收入:安徽:合肥市,百万人民币,32563.68063,548323977.1,23416.31861,0.283531738,-1.390989338,0.719093117,3586.94,71249,29896.98,16,,,,,,,,,,,,,,,,,,,,,,,,,,3586.94,4493.20,5763.72,7940.46,16931.75,16094.00,18089.77,25942.83,33851.13,38949.91,43862.26,50034.20,57154.40,61484.93,65590.39,71249.00
财政收入:安徽:芜湖市,百万人民币,14503.74313,128962250.1,11356.15473,0.354450762,-1.578811999,0.782980961,1734.16,31812,11740.38,16,,,,,,,,,,,,,,,,,,,,,,,,,,1734.16,2077.89,2782.91,3414.89,4391.38,5438.94,6941.23,9483.72,13997.04,17891.53,21399.17,23353.57,26346.82,29871.67,31122.97,31812.00
财政收入:安徽:蚌埠市,百万人民币,6635.58625,26290915.25,5127.466748,0.445485748,-1.417369944,0.772722493,1054.96,15265.23,5213.045,16,,,,,,,,,,,,,,,,,,,,,,,,,,1054.96,1149.94,1283.37,1683.30,2261.82,2750.41,3171.95,4290.09,6136.00,7841.57,9283.92,10534.15,11968.01,13387.91,14106.75,15265.23
财政收入:安徽:淮南市,百万人民币,5847.036788,14170431.05,3764.3633,0.033090331,-1.736965385,0.643807015,895.54,11073.41,6159.58,16,,,,,,,,,,,,,,,,,,,,,,,,,,895.54,1160.43,1544.93,1965.54,2329.99,2992.44,3728.47,5181.07,7138.09,9860.96,11073.41,7536.23,7731.33,9744.55,10131.69,10537.92
财政收入:安徽:马鞍山市,百万人民币,8258.653333,23272265.35,4824.133637,-0.031425953,-1.636904377,0.584130783,1489.33,14618.23,6988.01,15,,,,,,,,,,,,,,,,,,,,,,,,,,1489.33,1815.34,2600.92,3127.49,5726.19,6163.33,6372.81,6988.01,9143.94,12781.57,14618.23,12105.16,13080.00,14031.92,13835.56,
财政收入:安徽:淮北市,百万人民币,3567.238125,4848625.458,2201.959459,0.106027435,-1.710665201,0.61727291,765.28,7033.07,3383.375,16,,,,,,,,,,,,,,,,,,,,,,,,,,765.28,890.43,1130.30,1331.28,1564.81,1852.08,2212.26,2959.56,3807.19,5185.39,5068.12,5281.34,6023.13,5917.62,6053.95,7033.07
财政收入:安徽:铜陵市,百万人民币,4275.709375,7549785.747,2747.687345,-0.028230883,-1.72249255,0.642627247,552.53,8072.11,4004.585,16,,,,,,,,,,,,,,,,,,,,,,,,,,552.53,728.66,986.45,1392.03,1790.52,2378.54,3304.50,3473.36,4535.81,6359.83,6417.58,6627.28,6680.92,8072.11,7734.41,7376.82
财政收入:安徽:安庆市,百万人民币,6802.029375,18529395.5,4304.578434,0.189248266,-1.623144935,0.632837378,1251.76,13320,6148.45,16,,,,,,,,,,,,,,,,,,,,,,,,,,1251.76,1802.61,1954.59,2453.82,3219.64,3846.13,4155.53,5057.42,7239.48,8562.02,9845.73,10565.37,10657.08,12799.45,12101.84,13320.00
财政收入:安徽:黄山市,百万人民币,4016.559375,8149543.888,2854.740599,0.095693441,-1.874646448,0.710742786,601.96,7761.46,3814.305,16,,,,,,,,,,,,,,,,,,,,,,,,,,601.96,677.45,855.78,1045.09,1313.95,1675.47,2078.09,3078.60,4550.01,5632.04,5938.28,6799.03,7159.55,7579.48,7518.71,7761.46
财政收入:安徽:滁州市,百万人民币,8053.6725,44646201.12,6681.781284,0.518659756,-1.230562168,0.829656444,1007.1,19927.72,6219.325,16,,,,,,,,,,,,,,,,,,,,,,,,,,1007.10,1062.38,1199.80,1581.35,2217.39,2863.67,3706.55,5052.81,7385.84,9694.19,11442.31,12362.95,14373.04,16730.62,18251.04,19927.72
财政收入:安徽:阜阳市,百万人民币,6691.589375,33546398.39,5791.925275,0.798157088,-0.566970604,0.865553002,1048.16,18710,4845.715,16,,,,,,,,,,,,,,,,,,,,,,,,,,1048.16,1189.23,1139.80,1388.30,1703.33,2264.46,2992.26,4118.10,5573.33,6931.25,8545.66,10350.94,12004.25,13344.41,15761.95,18710.00
财政收入:安徽:宿州市,百万人民币,4580.359375,14526607.66,3811.378709,0.496925942,-1.425528811,0.832113465,700.65,11156,3255.83,16,,,,,,,,,,,,,,,,,,,,,,,,,,810.54,795.39,700.65,903.01,1188.97,1530.74,1853.22,2615.43,3896.23,5329.58,6635.12,7694.44,8601.52,9562.48,10012.43,11156.00
财政收入:安徽:巢湖市,百万人民币,2222.32125,1044004.483,1021.765376,0.260821943,-0.380626486,0.45977393,917.7,3927.18,2208.735,8,,,,,,,,,,,,,,,,,,,,,,,,,,917.70,977.06,1927.32,2490.15,1883.69,2561.00,3094.47,3927.18,,,,,,,,
财政收入:安徽:六安市,百万人民币,5684.48625,16426336.5,4052.94171,0.27866189,-1.575593147,0.712982938,1038.52,12240,4972.86,16,,,,,,,,,,,,,,,,,,,,,,,,,,1038.52,1099.13,1158.18,1495.73,2031.42,2602.94,3307.59,4270.11,5675.61,6926.78,8183.38,9484.26,10333.45,9826.13,11278.55,12240.00
财政收入:安徽:亳州市,百万人民币,4278.27875,13702460.76,3701.683504,0.568975411,-1.24486877,0.865227284,573.17,11200,2867.105,16,,,,,,,,,,,,,,,,,,,,,,,,,,718.64,674.46,573.17,785.88,990.80,1269.46,1731.85,2329.80,3404.41,4768.78,6438.13,7269.63,8140.00,8702.39,9455.06,11200.00
财政收入:安徽:池州市,百万人民币,3852.588125,7040425.537,2653.380021,0.011772092,-1.840215027,0.688726626,397.1,7145.3,3609.87,16,,,,,,,,,,,,,,,,,,,,,,,,,,397.10,475.12,703.19,1540.71,1276.60,1780.02,2409.77,3120.66,4099.08,5237.46,6513.93,6843.60,7130.00,7145.30,6518.87,6450.00
财政收入:安徽:宣城市,百万人民币,7051.961875,29860760.32,5464.500007,0.266938685,-1.690984076,0.774890747,732.79,15307.02,5909.555,16,,,,,,,,,,,,,,,,,,,,,,,,,,732.79,896.98,1125.32,1590.57,2186.34,2763.25,3542.25,4983.10,6836.01,8693.60,10766.82,12022.21,13155.71,13932.37,14297.05,15307.02
财政收入:福建:福州市,百万人民币,32844.03313,473311207.3,21755.71666,0.323346979,-1.509917023,0.662394797,6745.22,68038,28392.81,16,,,,,,,,,,,,,,,,,,,,,,,,,,6745.22,7521.42,9745.02,11561.84,14656.41,16885.59,19526.12,24782.06,32003.56,38201.51,45396.90,51087.07,56046.35,59891.13,63416.33,68038.00
财政收入:福建:厦门市,百万人民币,36683.28188,552819912.3,23512.12267,0.244712317,-1.389725863,0.640949268,6501.53,75453,33483.58,16,,,,,,,,,,,,,,,,,,,,,,,,,,7014.56,6501.53,9894.74,13616.53,18652.62,22023.43,24056.08,28917.48,38049.68,43227.48,50055.59,54379.86,60609.67,64793.66,69686.60,75453.00
财政收入:福建:莆田市,百万人民币,6543.9125,22583206.02,4752.179081,0.309547218,-1.532824205,0.726198445,955.26,14097,5578.04,16,,,,,,,,,,,,,,,,,,,,,,,,,,955.26,1020.80,1456.43,1848.61,2381.81,2955.50,3790.66,4763.36,6392.72,7744.65,9492.05,11029.82,11564.73,11572.55,13636.65,14097.00
财政收入:福建:三明市,百万人民币,5884.005625,11817206.97,3437.616467,0.043825233,-1.819578241,0.584230656,1513.48,10764,5708.915,16,,,,,,,,,,,,,,,,,,,,,,,,,,1513.48,1737.76,1933.28,2202.68,2748.67,3295.80,3796.48,4964.15,6453.68,7743.53,8984.50,9092.10,9368.21,9469.78,10075.99,10764.00
财政收入:福建:泉州市,百万人民币,24078.68813,227188269.7,15072.76583,0.212605016,-1.621350327,0.625979528,5003,47416,21180.9,16,,,,,,,,,,,,,,,,,,,,,,,,,,5003.00,5865.40,7611.39,9303.30,11460.92,13717.13,15005.38,18153.24,24208.56,29345.60,34690.79,38010.56,38830.36,42407.59,44229.79,47416.00
财政收入:福建:漳州市,百万人民币,10774.76438,49940863.38,7066.884984,0.167087896,-1.549173598,0.655873738,1724.66,21875,10032.96,16,,,,,,,,,,,,,,,,,,,,,,,,,,1724.66,2010.46,2696.00,3505.50,4740.86,6048.59,7094.64,8856.56,11209.36,13170.78,15486.28,16899.11,17910.25,18764.10,20404.08,21875.00
财政收入:福建:南平市,百万人民币,4949.638125,9297377.181,3049.160078,0.186547127,-1.715897185,0.616036971,1189.84,9451.55,4363.445,16,,,,,,,,,,,,,,,,,,,,,,,,,,1189.84,1316.41,1508.29,1841.95,2389.04,2804.61,3138.52,3858.86,4868.03,5917.77,7162.43,8099.38,8642.66,8297.18,8707.69,9451.55
财政收入:福建:龙岩市,百万人民币,7834.6375,23240205.71,4820.809653,0.048305223,-1.639854032,0.615320065,1433.43,15127,7551.565,16,,,,,,,,,,,,,,,,,,,,,,,,,,1433.43,1698.40,2082.97,2848.99,3665.63,4628.10,5433.78,6674.81,8428.32,10150.78,11720.67,11984.24,12460.63,13141.44,13875.01,15127.00
财政收入:福建:宁德市,百万人民币,5680.26,17154608.37,4141.812208,0.253860288,-1.743391083,0.729158913,909.17,12042,4740.495,16,,,,,,,,,,,,,,,,,,,,,,,,,,909.17,1019.09,1264.86,1573.80,2018.49,2421.53,2754.14,4050.56,5430.43,7063.78,8869.49,9892.22,10438.94,10097.31,11038.35,12042.00
财政收入:江西:南昌市,百万人民币,21145.85375,229171023.1,15138.39566,0.397640372,-1.489466171,0.715903734,3140.94,46175,16674.615,16,,,,,,,,,,,,,,,,,,,,,,,,,,3140.94,4219.11,5827.83,6810.75,8721.99,10214.77,11587.98,14646.50,18702.73,24014.27,29190.97,34220.65,38934.12,40218.31,41707.74,46175.00
财政收入:江西:景德镇市,百万人民币,4722.0425,12055837.4,3472.151697,0.074436792,-1.907630722,0.735307168,660.93,9058.85,4492.415,16,,,,,,,,,,,,,,,,,,,,,,,,,,660.93,774.44,843.78,970.66,1189.66,1851.43,2433.28,3875.67,5109.16,6663.97,7377.00,8215.39,9058.85,8872.12,8670.34,8986.00
财政收入:江西:萍乡市,百万人民币,5493.62875,15650662.94,3956.091877,0.126964584,-1.876019494,0.72012363,737.31,10606.54,4979.895,16,,,,,,,,,,,,,,,,,,,,,,,,,,737.31,947.13,1191.53,1405.46,1802.96,2342.88,2730.57,4111.09,5848.70,7409.16,8552.00,9419.66,10606.54,10549.26,10272.81,9971.00
财政收入:江西:九江市,百万人民币,12159.40875,101329189.4,10066.24008,0.419848729,-1.653044529,0.827856049,1529.26,26789,8604.665,16,,,,,,,,,,,,,,,,,,,,,,,,,,1529.26,1880.59,2245.42,2603.77,3207.49,3842.10,5050.23,7106.34,10102.99,14187.09,17615.00,21366.08,24720.22,26051.90,26253.06,26789.00
财政收入:江西:新余市,百万人民币,5357.595,12946888.54,3598.178503,-0.112923316,-1.868327885,0.671603304,626.28,9880.4,5971.13,16,,,,,,,,,,,,,,,,,,,,,,,,,,626.28,754.13,1052.67,1395.21,1925.95,2609.50,3302.98,4999.47,6942.79,8323.39,8446.00,8992.42,9880.40,9574.04,9260.29,7636.00
财政收入:江西:鹰潭市,百万人民币,4120.06,10049036.7,3170.021562,0.166773935,-1.889765498,0.769411504,448.1,8301.1,3416.515,16,,,,,,,,,,,,,,,,,,,,,,,,,,448.10,529.19,670.56,854.33,1254.17,1633.76,1811.48,2950.84,3882.19,5882.61,6613.00,7339.31,8301.10,8161.85,7525.47,8063.00
财政收入:江西:赣州市,百万人民币,12504.04625,89732040.61,9472.699753,0.340268125,-1.707809245,0.757570755,1967.65,26521,9452.935,16,,,,,,,,,,,,,,,,,,,,,,,,,,1967.65,2283.58,2590.12,3046.25,3893.31,5546.52,6808.58,7900.79,11005.08,14127.73,18437.00,22531.18,24551.24,24318.08,24536.63,26521.00
财政收入:江西:吉安市,百万人民币,8170.5525,37307289.19,6107.969318,0.261224087,-1.781481266,0.74755891,1221.87,16773,6695.4,16,,,,,,,,,,,,,,,,,,,,,,,,,,1221.87,1479.10,1783.56,2051.30,2532.21,3243.79,3974.08,5709.67,7681.13,10349.53,12144.00,14256.81,16172.37,15702.17,15654.25,16773.00
财政收入:江西:宜春市,百万人民币,10741.32813,76260090.71,8732.702371,0.35388214,-1.7093175,0.813000243,1316.07,23637,7931.905,16,,,,,,,,,,,,,,,,,,,,,,,,,,1316.07,1546.04,1816.04,2183.04,2836.30,3647.40,4765.70,6629.57,9234.24,13243.10,15939.00,19032.38,21503.77,22004.47,22527.13,23637.00
财政收入:江西:抚州市,百万人民币,6680.04875,21992435.32,4689.609293,0.083969588,-1.871624353,0.702032196,872.02,12681.95,6570.905,16,,,,,,,,,,,,,,,,,,,,,,,,,,872.02,1289.55,1536.60,2053.59,2015.31,2599.63,3559.50,5542.71,7599.10,8724.78,10048.00,11637.84,12681.95,12280.00,12019.20,12421.00
财政收入:江西:上饶市,百万人民币,10889.05563,73586526.42,8578.258939,0.312733556,-1.76806171,0.787787227,1371.1,22754.47,8406.96,16,,,,,,,,,,,,,,,,,,,,,,,,,,1371.10,1700.16,2168.87,2539.36,3205.95,3665.10,4807.91,7256.28,9557.64,13416.19,16443.16,19420.99,22236.87,22754.47,21397.84,22283.00
财政收入:山东:济南市,百万人民币,35222.56813,548416294.2,23418.28974,0.40918322,-1.400591958,0.66486605,7610.54,75282,29553.145,16,,,,,,,,,,,,,,,,,,,,,,,,,,7610.54,8903.64,10615.47,12843.88,15701.92,18601.55,21019.23,26613.14,32493.15,38082.18,48207.22,54312.78,61431.72,64121.67,67721.00,75282.00
财政收入:山东:青岛市,百万人民币,59586.91938,1503836291,38779.32814,0.359971544,-1.380567398,0.650802702,12013.98,123190,50937.69,16,,,,,,,,,,,,,,,,,,,,,,,,,,12013.98,13051.36,17641.18,22599.04,29280.37,34243.59,37700.86,45261.38,56614.00,67018.20,78893.13,89524.50,100632.20,110003.03,115723.89,123190.00
财政收入:山东:淄博市,百万人民币,19715.16188,143644807.7,11985.19118,0.203659696,-1.519253786,0.607917463,4025.36,38523,18299.035,16,,,,,,,,,,,,,,,,,,,,,,,,,,4025.36,5003.45,6412.83,8069.69,9785.54,11468.75,12876.99,16239.55,20358.52,23628.25,27306.88,29254.96,31792.75,34537.76,36158.31,38523.00
财政收入:山东:枣庄市,百万人民币,8822.093125,26021448.28,5101.122257,-0.074969428,-1.779068797,0.578221311,1649.42,14931.49,8841.33,16,,,,,,,,,,,,,,,,,,,,,,,,,,1649.42,2070.68,2816.16,3700.44,4522.55,5273.29,6080.37,7670.69,10011.97,11636.69,13072.06,13787.70,14931.49,14739.95,14520.03,14670.00
财政收入:山东:东营市,百万人民币,13066.98063,61533128.63,7844.305491,0.164643655,-1.70076763,0.600315078,2304.29,24459,12007.545,16,,,,,,,,,,,,,,,,,,,,,,,,,,2304.29,4742.81,5189.66,4809.75,6012.23,7095.31,8087.19,10488.21,13526.88,15870.51,18379.43,20623.50,22008.29,22186.59,23288.04,24459.00
财政收入:山东:烟台市,百万人民币,31232.6025,433748583.9,20826.6316,0.288891944,-1.545598808,0.666823445,5517.44,63662,27049.4,16,,,,,,,,,,,,,,,,,,,,,,,,,,5517.44,6402.14,8704.13,11242.17,14081.90,16616.63,18911.66,23779.58,30319.22,35735.89,43722.95,49016.46,54265.70,57711.30,60032.47,63662.00
财政收入:山东:潍坊市,百万人民币,27184.99938,362350158.9,19035.49734,0.342360414,-1.535115978,0.700220628,4573.81,56980,22817.46,16,,,,,,,,,,,,,,,,,,,,,,,,,,4573.81,5258.08,7072.03,8854.97,11057.32,13195.79,15795.18,20243.16,25391.76,30612.28,38391.58,43017.89,48450.57,52153.69,53911.88,56980.00
财政收入:山东:济宁市,百万人民币,21309.30063,176826278.9,13297.60425,0.222948894,-1.666435749,0.624028188,4777.48,40002,18817.68,16,,,,,,,,,,,,,,,,,,,,,,,,,,4777.48,5405.56,6650.85,8155.26,10121.58,11944.66,13466.06,16925.40,20709.96,24562.66,30223.66,33419.68,36861.66,39151.68,38570.66,40002.00
财政收入:山东:泰安市,百万人民币,12449.84375,49309140.57,7022.046751,-0.039573,-1.66505564,0.564026898,2758.96,21953,12753.275,16,,,,,,,,,,,,,,,,,,,,,,,,,,2758.96,3121.32,4063.45,5168.79,6419.50,7640.13,9143.54,11694.89,13811.66,15885.16,16881.36,18739.36,20531.36,20671.06,20713.96,21953.00
财政收入:山东:威海市,百万人民币,14879.72625,75440469.84,8685.647347,0.332309914,-1.441864199,0.583723598,3716.97,28444,12735.525,16,,,,,,,,,,,,,,,,,,,,,,,,,,3716.97,4264.09,5754.52,7010.79,8021.70,9366.65,10252.11,11827.07,13643.98,15839.94,19522.42,22079.24,24974.70,26049.69,27307.75,28444.00
财政收入:山东:日照市,百万人民币,7076.894375,25365262.81,5036.39383,0.365311288,-1.3043376,0.711667232,1114.5,15977,6205.675,16,,,,,,,,,,,,,,,,,,,,,,,,,,1114.50,1122.98,1475.62,2076.09,2897.89,3633.27,4348.37,5561.28,6850.07,7885.69,10009.23,11107.22,12165.12,12873.00,14132.98,15977.00
财政收入:山东:莱芜市,百万人民币,3596.245,2863210.979,1692.102532,-0.261987205,-1.012594564,0.470519259,758.27,6257,3727.615,16,,,,,,,,,,,,,,,,,,,,,,,,,,758.27,1029.50,1456.24,1925.72,2606.88,3024.88,3270.09,3532.07,3923.16,4201.78,4676.16,4960.17,5017.17,5300.05,5600.78,6257.00
财政收入:山东:临沂市,百万人民币,15539.62375,105982678.3,10294.78889,0.340005581,-1.60577895,0.662486367,3198.72,31184,12837.085,16,,,,,,,,,,,,,,,,,,,,,,,,,,3198.72,3757.70,4910.78,5827.19,6874.97,8023.10,9150.66,11548.16,14126.01,17007.33,21610.16,25100.67,28388.87,29391.67,28533.99,31184.00
财政收入:山东:德州市,百万人民币,10147.55688,46329742.18,6806.595491,0.274951787,-1.752468937,0.670761995,2271.35,20252,8398.6,16,,,,,,,,,,,,,,,,,,,,,,,,,,2271.35,2432.30,3070.25,3572.91,4200.74,4709.73,5527.72,7290.86,9506.34,12023.56,15001.69,17125.88,18278.00,18350.81,18746.77,20252.00
财政收入:山东:聊城市,百万人民币,9729.825,43426012.76,6589.841634,0.329396757,-1.610652972,0.677282647,2023.56,19427,8353.26,16,,,,,,,,,,,,,,,,,,,,,,,,,,2023.56,2243.28,2624.66,3364.19,4239.60,4893.24,5537.62,7050.22,9656.30,10448.88,13555.03,15619.44,17593.18,18749.83,18651.17,19427.00
财政收入:山东:滨州市,百万人民币,12250.87188,61518302.27,7843.360394,0.123862103,-1.548418229,0.640228751,1756.91,24054,11737.4,16,,,,,,,,,,,,,,,,,,,,,,,,,,1756.91,2200.66,3211.02,4512.16,5937.07,7036.67,8017.07,10398.79,13076.01,15046.01,17009.01,18714.56,20414.81,22000.82,22628.38,24054.00
财政收入:山东:菏泽市,百万人民币,10316.75688,49045284.45,7003.233857,0.080786005,-1.757727038,0.678821256,1596.53,20603,9814.09,16,,,,,,,,,,,,,,,,,,,,,,,,,,1596.53,1722.45,2115.47,3003.55,4211.22,5048.47,6057.31,8468.73,11159.45,14030.04,15930.01,16196.58,17765.71,18504.47,18655.12,20603.00
财政收入:河南:郑州市,百万人民币,53004.58875,1414038256,37603.70004,0.368863985,-1.437479386,0.709442351,6587.37,115205.49,44455.565,16,,,,,,,,,,,,,,,,,,,,,,,,,,6587.37,10482.32,13612.61,17602.66,21951.83,26038.99,30192.48,38680.40,50230.73,60664.88,72360.91,83387.61,94289.68,101118.33,105667.13,115205.49
财政收入:河南:开封市,百万人民币,5850.931875,20426089.75,4519.523177,0.540320713,-1.265448805,0.772445018,875.01,14068.07,4303.9,16,,,,,,,,,,,,,,,,,,,,,,,,,,875.01,1132.57,1398.30,1626.38,2031.60,2612.58,2954.95,3703.06,4904.74,6191.75,8074.19,9618.69,10827.50,11321.25,12274.27,14068.07
财政收入:河南:洛阳市,百万人民币,17658.96563,110348760.5,10504.70183,0.203118487,-1.389161378,0.59486507,3020.95,34266.73,16014.85,16,,,,,,,,,,,,,,,,,,,,,,,,,,3020.95,4280.68,6095.66,7661.93,10017.45,11656.58,12029.07,14202.32,17827.38,20526.37,23404.80,26025.79,28668.87,30265.63,32593.24,34266.73
财政收入:河南:平顶山市,百万人民币,8462.765,20328827.53,4508.750107,-0.164545688,-1.313970715,0.532775057,1374.55,15437.7,8793.89,16,,,,,,,,,,,,,,,,,,,,,,,,,,1374.55,1996.11,2907.76,4040.19,5010.28,6252.03,7029.97,8058.39,9529.39,10735.68,11973.85,13071.55,11787.62,12446.02,13753.15,15437.70
财政收入:河南:安阳市,百万人民币,7405.7125,16809218.61,4099.904708,0.364377214,-0.856008237,0.553613809,1777.17,15405.31,7120.3,16,,,,,,,,,,,,,,,,,,,,,,,,,,1777.17,2369.57,2901.42,3457.52,4247.49,5005.58,5519.31,6505.01,7735.59,8357.01,9220.13,10326.39,10964.34,11744.74,12954.82,15405.31
财政收入:河南:鹤壁市,百万人民币,2994.25,4273715.288,2067.296613,0.390813756,-1.369816469,0.69042218,440.39,6454.09,2508.5,16,,,,,,,,,,,,,,,,,,,,,,,,,,440.39,574.60,811.07,1062.43,1400.21,1587.39,1800.61,2215.41,2801.59,3265.89,3964.00,4710.69,5286.08,5560.89,5972.66,6454.09
财政收入:河南:新乡市,百万人民币,8756.868125,30533270.61,5525.691867,0.142964561,-1.643752938,0.631012342,1554.82,17266.23,8059.41,16,,,,,,,,,,,,,,,,,,,,,,,,,,1554.82,1990.03,2536.81,3197.92,4113.51,4877.25,5588.96,7045.65,9073.17,10834.60,12950.42,13912.94,14456.66,14805.62,15905.30,17266.23
财政收入:河南:焦作市,百万人民币,7501.06125,17165965.4,4143.183003,0.243914861,-1.216625519,0.552346243,1534.63,14550.59,6892.4,16,,,,,,,,,,,,,,,,,,,,,,,,,,1534.63,2267.60,3024.86,3729.10,4652.58,4918.00,5442.35,6333.84,7450.96,8513.32,9734.33,10557.46,11510.98,12417.72,13378.66,14550.59
财政收入:河南:濮阳市,百万人民币,4391.653125,7729880.113,2780.266195,0.41174784,-1.438259924,0.633079643,1026.5,9165.55,3459.4,16,,,,,,,,,,,,,,,,,,,,,,,,,,1026.50,1255.92,1534.98,1857.49,2315.40,2530.41,2533.87,3017.25,3901.55,4809.46,6050.50,7040.00,7899.89,7216.26,8111.42,9165.55
财政收入:河南:许昌市,百万人民币,7707.4675,27469929.24,5241.176322,0.303934342,-1.460759408,0.68001277,1148.8,16613.85,6580.81,16,,,,,,,,,,,,,,,,,,,,,,,,,,1148.80,1618.08,1995.72,2554.90,3376.25,4161.13,4707.86,5744.96,7416.66,9036.69,10850.19,12522.46,13854.96,13188.96,14528.01,16613.85
财政收入:河南:漯河市,百万人民币,3995.8675,7782110.443,2789.643426,0.544611229,-1.29489615,0.698132114,772.57,8835.69,2990.98,16,,,,,,,,,,,,,,,,,,,,,,,,,,772.57,1090.42,1321.24,1613.85,1817.89,1920.43,2041.59,2613.00,3368.96,4160.96,5398.44,6286.39,6828.31,7598.73,8265.41,8835.69
财政收入:河南:三门峡市,百万人民币,5870.53375,13662675.9,3696.30571,0.191531911,-1.391494971,0.629637077,876.75,12020.17,5367.055,16,,,,,,,,,,,,,,,,,,,,,,,,,,876.75,1205.91,1663.00,2163.30,2935.86,3669.56,4150.08,4973.58,5760.53,6861.65,8178.73,9244.88,9393.98,10012.16,10818.40,12020.17
财政收入:河南:南阳市,百万人民币,9179.448125,33702286.59,5805.36705,0.33344025,-1.52938428,0.632430945,2115.8,18143.63,7808.17,16,,,,,,,,,,,,,,,,,,,,,,,,,,2115.80,2524.98,2882.88,3630.66,4482.69,5128.82,5616.66,6906.68,8709.66,10365.11,12362.54,14102.48,15708.28,16706.78,17483.52,18143.63
财政收入:河南:商丘市,百万人民币,6398.833125,21491035.09,4635.842435,0.563214569,-1.047168903,0.724482471,1176.66,15365.93,4972.36,16,,,,,,,,,,,,,,,,,,,,,,,,,,1176.66,1415.53,1655.72,2078.72,2671.14,3159.12,3536.66,4300.29,5644.43,7019.07,8583.81,10074.74,11071.27,11743.46,12884.78,15365.93
财政收入:河南:信阳市,百万人民币,5011.031875,12473625.36,3531.801998,0.47021845,-1.379544578,0.704805335,1075.25,11073.87,3921.39,16,,,,,,,,,,,,,,,,,,,,,,,,,,1075.25,1220.52,1343.70,1625.73,2036.29,2499.45,2802.10,3409.56,4433.22,5545.89,6793.32,7703.88,9103.23,9465.44,10045.06,11073.87
财政收入:河南:周口市,百万人民币,5565.98375,16529226.56,4065.615151,0.500214629,-1.304963075,0.730439637,1283.68,12933.55,4351.57,16,,,,,,,,,,,,,,,,,,,,,,,,,,1283.68,1354.32,1334.09,1523.74,1964.81,2548.93,3086.18,3830.87,4872.27,6013.47,7604.62,9095.00,10041.86,10385.82,11182.53,12933.55
财政收入:河南:驻马店市,百万人民币,5534.9525,17460929.96,4178.627761,0.670801802,-0.846065778,0.754952777,1195.39,13927.43,4177.2,16,,,,,,,,,,,,,,,,,,,,,,,,,,1195.39,1283.69,1253.21,1620.16,2126.69,2560.69,2931.91,3644.43,4709.97,5891.41,7192.82,8564.58,9597.90,10538.62,11520.34,13927.43
财政收入:湖北:武汉市,百万人民币,60757.39278,2780777635,52733.07913,0.543081975,-1.383598872,0.867928605,7023,152870,35312.91,18,,,,,,,,,,,,,,,,,,,,,,,,7823.00,7023.00,8043.68,10402.18,13881.69,17860.21,22167.55,27731.76,31607.16,39018.66,67326.00,82858.46,97852.00,110102.07,124563.38,132209.62,140292.65,152870.00
财政收入:湖北:黄石市,百万人民币,4922.641667,16743265.56,4091.853561,0.516060435,-1.458120879,0.831231245,743,11702,3006.5,18,,,,,,,,,,,,,,,,,,,,,,,,823.00,743.00,808.75,972.31,1195.63,1533.39,1971.39,2409.00,2603.00,3410.00,5384.02,6564.00,7836.00,8937.86,10058.00,10547.00,11109.20,11702.00
财政收入:湖北:十堰市,百万人民币,4900.348889,15845290.96,3980.614394,0.363132063,-1.640741648,0.812312446,808,11330,3476.67,18,,,,,,,,,,,,,,,,,,,,,,,,822.00,808.00,847.14,1016.65,1137.43,1319.98,1558.92,1989.11,2575.90,4377.44,6670.48,7692.81,7352.65,8576.68,9338.29,10026.78,10766.02,11330.00
财政收入:湖北:宜昌市,百万人民币,12157.03611,129581641.1,11383.39322,0.69241404,-1.134447156,0.93636254,1573,33910,6259.08,18,,,,,,,,,,,,,,,,,,,,,,,,1824.00,1573.00,1674.12,1912.96,2252.51,2736.85,3557.09,4427.01,5493.91,7024.25,11398.06,15325.00,20631.00,27151.77,33910.00,30003.94,24208.18,23723.00
财政收入:湖北:襄阳市,百万人民币,12210.36722,159535152.9,12630.72258,0.765945846,-1.210185842,1.034426103,1510,33910,4401.68,18,,,,,,,,,,,,,,,,,,,,,,,,1865.00,1510.00,1690.00,1785.01,1839.58,2061.59,2401.53,3005.62,3702.10,5101.26,9741.25,13985.45,19153.00,24923.43,33910.00,32070.48,31491.31,29550.00
财政收入:湖北:鄂州市,百万人民币,2395.387778,4273751.846,2067.305455,0.553881344,-1.365905478,0.86303582,320,5833.18,1434.165,18,,,,,,,,,,,,,,,,,,,,,,,,430.00,320.00,358.00,397.00,492.57,646.47,850.88,1070.00,1302.00,1566.33,2631.43,3301.61,3843.00,4274.12,4717.13,5290.51,5833.18,5792.75
财政收入:湖北:荆门市,百万人民币,3981.933333,12624536.13,3553.102325,0.758927398,-0.991620929,0.892305829,801,10576,2069.275,18,,,,,,,,,,,,,,,,,,,,,,,,803.00,801.00,858.27,928.87,933.84,1017.44,1206.38,1492.00,1813.77,2324.78,3938.65,5068.53,5984.00,6742.08,8042.69,9018.47,10125.03,10576.00
财政收入:湖北:孝感市,百万人民币,5520.274178,24422039.95,4941.866039,0.605912353,-1.442838654,0.895221121,889,13194.69,3058.565,18,,,,,,,,,,,,,,,,,,,,,,,,1075.00,889.00,952.70,1012.94,1077.76,1273.00,1663.43,2145.98,2696.74,3420.39,5157.64,6950.28,8905.00,10731.61,12277.15,12922.86,13194.69,13018.77
财政收入:湖北:荆州市,百万人民币,5000.01,19526214.1,4418.847598,0.826423213,-0.93662002,0.883767752,1205.02,13431,2498.005,18,,,,,,,,,,,,,,,,,,,,,,,,1435.00,1269.00,1328.00,1345.00,1205.02,1285.96,1524.26,1870.58,2235.69,2760.32,4432.69,5676.32,7195.00,8816.83,10394.99,11544.89,12249.63,13431.00
财政收入:湖北:黄冈市,百万人民币,5527.034444,21299160.43,4615.101346,0.733078287,-1.050120153,0.835004991,1237.28,13924,3557.41,18,,,,,,,,,,,,,,,,,,,,,,,,1554.00,1260.00,1237.28,1311.00,1313.54,1535.37,1993.26,2620.65,3217.00,3897.82,5160.71,6291.65,7998.00,9604.26,11282.44,11952.44,13333.20,13924.00
财政收入:湖北:咸宁市,百万人民币,3668.594444,10861641.43,3295.700446,0.611761038,-1.388921513,0.898355078,530,9132,2073.84,18,,,,,,,,,,,,,,,,,,,,,,,,660.00,530.00,568.00,640.00,743.00,871.00,1109.61,1433.00,1813.80,2333.88,3555.95,4582.29,5871.00,7075.59,8012.00,8334.00,8769.58,9132.00
财政收入:湖北:随州市,百万人民币,1919.367778,3118947.004,1766.054077,0.711982519,-1.283944018,0.920122812,343,4859.62,856.57,18,,,,,,,,,,,,,,,,,,,,,,,,343.00,360.00,441.10,448.16,424.60,475.59,547.42,667.89,759.84,953.30,1707.12,2299.03,2967.00,3668.13,4333.93,4554.89,4859.62,4738.00
财政收入:湖南:长沙市,百万人民币,40942.195,789607034.2,28099.94723,0.31285899,-1.423713303,0.686332211,5989.3,87970,37003.315,16,,,,,,,,,,,,,,,,,,,,,,,,,,5989.30,8065.55,10805.72,13283.45,17457.61,20556.99,24633.00,31428.36,42578.27,49064.82,53663.31,63279.92,71894.68,74369.58,80034.56,87970.00
财政收入:湖南:株洲市,百万人民币,10649.2075,56998972.97,7549.766418,0.271016005,-1.557308854,0.70895101,1681.8,22409.27,9362.86,16,,,,,,,,,,,,,,,,,,,,,,,,,,1681.80,2026.89,2456.33,2968.94,3757.74,4674.13,6658.15,7803.83,10921.89,13543.26,14864.23,16738.23,19136.48,21816.15,22409.27,18930.00
财政收入:湖南:湘潭市,百万人民币,6546.369375,20960004.08,4578.209703,0.185743621,-1.766400267,0.699350959,1007.36,12660.19,5603.39,16,,,,,,,,,,,,,,,,,,,,,,,,,,1007.36,1202.26,1499.40,1909.01,2419.61,3087.81,3870.74,4737.96,6468.82,8477.88,9789.01,10720.00,11726.48,12535.38,12660.19,12630.00
财政收入:湖南:衡阳市,百万人民币,9763.553125,50364978.7,7096.828778,0.167861375,-1.771029678,0.726869479,1493.75,20466.93,8997.4,16,,,,,,,,,,,,,,,,,,,,,,,,,,1493.75,1729.43,2008.25,2502.71,3107.30,3793.88,4661.27,7589.27,10405.53,13550.71,15719.96,17347.85,19464.16,20466.93,16241.02,16134.83
财政收入:湖南:邵阳市,百万人民币,4856.614375,11601408.17,3406.083993,0.419792075,-1.64303777,0.701328895,1195.59,9760.65,3625.12,16,,,,,,,,,,,,,,,,,,,,,,,,,,1195.59,1286.22,1425.74,1628.38,1909.59,2212.32,2548.23,3152.78,4097.46,5366.15,6814.72,7973.28,9159.47,9760.65,9755.25,9420.00
财政收入:湖南:岳阳市,百万人民币,7734.36875,24879017.37,4987.887065,0.362085744,-1.575860134,0.644899051,2058.35,15213.75,6276.31,16,,,,,,,,,,,,,,,,,,,,,,,,,,2058.35,2224.65,2449.55,2875.93,3509.96,4293.00,4355.00,5190.00,7362.62,9047.68,10599.50,12174.04,12802.48,15204.31,15213.75,14389.08
财政收入:湖南:常德市,百万人民币,8757.326875,31970145.38,5654.214833,0.216675686,-1.636623898,0.645655337,1922.35,17440,8195.745,16,,,,,,,,,,,,,,,,,,,,,,,,,,1922.35,2151.60,2472.77,3038.90,3806.26,4430.88,5116.54,7002.05,9389.44,10673.14,12252.51,13491.52,14864.45,15717.91,16346.91,17440.00
财政收入:湖南:张家界市,百万人民币,1826.8275,1330415.224,1153.436268,0.194019343,-1.687569703,0.63138762,378.83,3465.63,1631.985,16,,,,,,,,,,,,,,,,,,,,,,,,,,378.83,614.83,483.75,608.33,787.19,952.36,1203.81,1430.58,1833.39,2261.99,2556.19,2856.52,3157.60,3221.27,3416.97,3465.63
财政收入:湖南:益阳市,百万人民币,3637.683125,6212297.815,2492.448157,0.284927302,-1.716038755,0.685174621,746.42,7105,2920.155,16,,,,,,,,,,,,,,,,,,,,,,,,,,746.42,830.34,923.77,1159.09,1526.65,1849.68,2059.65,2449.57,3390.74,4386.64,5206.09,5943.62,6858.18,6803.00,6964.49,7105.00
财政收入:湖南:郴州市,百万人民币,8881.690625,34486797.07,5872.546047,0.22695766,-1.738193197,0.661196871,2149.22,17513.37,7886.08,16,,,,,,,,,,,,,,,,,,,,,,,,,,2149.22,2316.43,2736.18,3010.06,3405.47,3843.78,4883.57,6271.07,9501.09,11967.61,14654.11,17170.00,16265.09,17513.37,13055.88,13364.12
财政收入:湖南:永州市,百万人民币,5174.083125,14939097.44,3865.112862,0.503465744,-1.348881471,0.747014064,1080.74,11810,3933.92,16,,,,,,,,,,,,,,,,,,,,,,,,,,1080.74,1106.83,1292.25,1477.40,1816.29,2209.84,2678.89,3300.62,4567.22,5946.64,7001.12,8060.85,9247.99,10255.04,10933.61,11810.00
财政收入:湖南:怀化市,百万人民币,4543.83375,9161614.132,3026.81584,0.094327871,-1.844561853,0.666137013,920.38,8970,4160.59,16,,,,,,,,,,,,,,,,,,,,,,,,,,920.38,958.71,1100.98,1353.10,1721.00,2237.00,2553.95,3567.09,4754.09,6907.29,7680.71,6619.00,7356.06,7890.86,8111.12,8970.00
财政收入:湖南:娄底市,百万人民币,3926.85,5472482.807,2339.333838,0.09041041,-1.768188277,0.595727832,913.31,7030.06,3478.585,16,,,,,,,,,,,,,,,,,,,,,,,,,,913.31,1060.23,1227.31,1532.27,1904.75,2233.29,2810.81,3000.79,3956.38,5182.62,6240.77,5891.22,5992.18,6824.71,7028.90,7030.06
财政收入:广东:广州市,百万人民币,86331.75941,2241583782,47345.36706,0.123630466,-1.401786343,0.548411933,20055,163230.26,87264.7,17,,,,,,,,,,,,,,,,,,,,,,,20055.00,,,27477.07,30286.92,37126.33,42708.31,52378.62,62183.55,70265.27,87264.70,97948.00,110239.60,114180.44,124310.35,134947.42,139364.42,153673.65,163230.26
财政收入:广东:韶关市,百万人民币,5057.99,8775498.23,2962.346744,0.113092356,-1.546185289,0.585676671,863,9470.3,4781.33,17,,,,,,,,,,,,,,,,,,,,,,,863.00,,,1428.25,1641.27,1993.34,2279.51,3004.12,3637.73,4070.94,4781.33,5390.97,6147.65,7178.04,8200.82,8522.92,8504.92,8870.72,9470.30
财政收入:广东:深圳市,百万人民币,65255.74975,10046678196,100233.1193,1.813153899,2.290750929,1.536004408,17.21,353840.51,17429.845,40,,17.21,30.43,87.87,91.63,156.05,294.35,628.94,741.60,875.21,1465.21,2286.68,2170.37,2732.91,4295.99,6725.07,7439.92,8801.74,13174.90,14205.57,16438.84,18420.85,22191.84,26249.44,26592.87,29083.70,32146.80,41237.87,50088.27,65805.54,80036.03,88081.68,110681.66,133957.28,148208.03,173126.18,208273.26,272685.43,313649.23,333213.03,353840.51
财政收入:广东:珠海市,百万人民币,14879.48647,109247726.1,10452.16371,0.534393697,-1.118000365,0.702454599,2423,33147.01,12452.8,17,,,,,,,,,,,,,,,,,,,,,,,2423.00,,,3482.15,3445.59,4897.06,6026.50,7582.42,9231.68,10141.06,12452.80,14340.80,16259.97,19419.81,22430.64,26996.34,29236.83,31437.61,33147.01
财政收入:广东:汕头市,百万人民币,7774.073529,21415507.49,4627.689217,0.174509395,-1.595069166,0.595272118,1894,15007.14,7264.52,17,,,,,,,,,,,,,,,,,,,,,,,1894.00,,,2077.85,2465.34,2944.34,3492.57,4248.83,5122.28,5853.53,7264.52,8558.34,9634.47,11210.63,12397.47,13126.14,13709.34,15007.14,13152.46
财政收入:广东:佛山市,百万人民币,33608.43706,442240665.3,21029.5189,0.393898579,-1.152890954,0.625721418,5953,70313.51,30605.45,17,,,,,,,,,,,,,,,,,,,,,,,5953.00,,,9543.59,9528.64,13084.80,15706.22,19454.30,22799.40,25469.88,30605.45,34173.26,38408.03,43821.28,50119.22,55754.69,60450.01,66158.15,70313.51
财政收入:广东:江门市,百万人民币,11504.73235,54900641.27,7409.496695,0.349206625,-1.289085013,0.644039033,2124,24392.95,10428.78,17,,,,,,,,,,,,,,,,,,,,,,,2124.00,,,2937.45,2894.08,4163.00,5065.55,6243.01,7468.42,8363.23,10428.78,11917.38,13503.41,15803.25,17720.18,19901.04,20417.44,22237.28,24392.95
财政收入:广东:湛江市,百万人民币,7001.967647,18474650.08,4298.214755,0.087008608,-1.6497259,0.613858128,1244,13499.58,6622.95,17,,,,,,,,,,,,,,,,,,,,,,,1244.00,,,1682.26,1975.80,2401.11,3038.78,3824.06,4570.92,5265.12,6622.95,8002.96,9208.66,10592.18,11441.68,12185.71,11293.75,13499.58,12183.93
财政收入:广东:茂名市,百万人民币,6390.367059,19351414.63,4399.024282,0.388782611,-1.396034172,0.688383663,908,13613.61,5194.55,17,,,,,,,,,,,,,,,,,,,,,,,908.00,,,1425.47,1776.31,2125.75,2572.40,3166.25,3637.01,4170.44,5194.55,6611.82,7812.29,9035.69,10037.41,11392.48,12142.59,13014.17,13613.61
财政收入:广东:肇庆市,百万人民币,6985.625294,20679606.15,4547.483497,0.128306022,-1.415025085,0.650977301,1097,14336.04,7680.42,17,,,,,,,,,,,,,,,,,,,,,,,1097.00,,,1444.25,1579.79,2044.13,2498.17,3274.30,4355.71,5591.51,7680.42,9223.11,10380.88,12077.36,13913.26,14336.04,9170.02,9485.45,10604.23
财政收入:广东:惠州市,百万人民币,17132.99471,196833484.1,14029.73571,0.466208263,-1.4241877,0.818872354,1294,39300.58,13122.7,17,,,,,,,,,,,,,,,,,,,,,,,1294.00,,,2412.38,2542.08,3472.18,4444.73,6206.02,7806.57,10156.51,13122.70,16283.15,20087.62,25017.21,30074.53,34001.83,36130.44,38908.38,39300.58
财政收入:广东:梅州市,百万人民币,4393.91,14041474.49,3747.195549,0.706219307,-1.10521673,0.852815727,706.74,10855.12,2893.95,20,,,,,,,,,,,,,,,,,,,,,,706.74,718.00,828.38,856.52,946.29,1249.12,1517.72,1825.19,2297.05,2710.91,3076.99,3895.42,4688.58,5627.01,6937.23,8527.53,10359.10,10546.43,10855.12,9708.87
财政收入:广东:汕尾市,百万人民币,2439.07,2490906.68,1578.26065,0.150386886,-1.428875261,0.647074766,416,4922.61,2623.09,17,,,,,,,,,,,,,,,,,,,,,,,416.00,,,505.32,537.34,709.48,927.06,1215.84,1575.08,1971.36,2623.09,3271.27,4109.19,4815.46,4922.61,2882.75,3077.78,3677.31,4227.25
财政收入:广东:河源市,百万人民币,3380.235294,6980486.671,2642.061065,0.456302123,-1.425958429,0.78162046,255,7695.18,2509.06,17,,,,,,,,,,,,,,,,,,,,,,,255.00,,,435.44,586.29,851.77,1253.67,1515.58,1761.10,2018.39,2509.06,3136.68,3764.03,4878.72,6046.71,6748.01,6889.34,7119.03,7695.18
财政收入:广东:阳江市,百万人民币,3269.215294,5734995.315,2394.785025,0.242237011,-1.746701752,0.732525946,389,6793.07,2677.1,17,,,,,,,,,,,,,,,,,,,,,,,389.00,,,658.78,599.02,869.55,1040.48,1296.83,1635.72,2015.53,2677.10,3495.42,4312.21,5371.70,6297.08,6793.07,5798.61,6064.91,6261.65
财政收入:广东:清远市,百万人民币,6049.204706,16463925.49,4057.576307,-0.177750735,-1.788161927,0.670761944,453,11189.73,7278.75,17,,,,,,,,,,,,,,,,,,,,,,,453.00,,,796.50,929.06,1325.39,1960.60,2788.95,3737.74,5003.55,7278.75,8430.52,8687.22,9281.76,10264.61,10838.05,9563.88,10307.17,11189.73
财政收入:广东:东莞市,百万人民币,27667.34105,409586809.6,20238.25115,0.457176206,-1.12215915,0.731485223,3022,64991.12,23115.56,19,,,,,,,,,,,,,,,,,,,,,,,3022.00,4501.63,5529.33,6744.61,8263.89,10396.80,12894.45,18644.68,20922.48,23115.56,27784.22,31307.03,35632.45,40928.97,45521.19,51796.82,54475.43,59206.82,64991.12
财政收入:广东:中山市,百万人民币,15988.45353,112513185.1,10607.22325,0.210045779,-1.528926274,0.663430221,1746,31522.64,13937.43,17,,,,,,,,,,,,,,,,,,,,,,,1746.00,,,3663.27,3454.13,5425.84,6644.77,8611.71,10012.32,11044.09,13937.43,18321.61,20188.59,22541.50,25159.73,28750.55,29503.82,31275.71,31522.64
财政收入:广东:潮州市,百万人民币,2512.828824,2577298.145,1605.396569,0.149590233,-1.641819438,0.638880195,460,4737.06,2325.14,17,,,,,,,,,,,,,,,,,,,,,,,460.00,,,589.59,525.14,864.42,1064.76,1349.87,1601.78,1824.57,2325.14,2727.15,3193.37,3708.87,4126.47,4720.09,4440.22,4459.59,4737.06
财政收入:广东:揭阳市,百万人民币,4166.164706,7798490.112,2792.577682,0.141332324,-1.829372736,0.670299395,924,7933.94,3865.06,17,,,,,,,,,,,,,,,,,,,,,,,924.00,,,1058.19,963.64,1119.29,1375.90,1732.37,2237.09,2886.56,3865.06,4634.99,5669.50,6669.41,7368.79,7740.45,7364.36,7281.26,7933.94
财政收入:广东:云浮市,百万人民币,2981.511765,4427223.554,2104.09685,0.294223681,-1.672822739,0.705714757,365,5870.05,2354.24,17,,,,,,,,,,,,,,,,,,,,,,,365.00,,,592.62,718.49,933.11,1139.00,1397.00,1663.31,1877.83,2354.24,2979.82,3676.13,4576.30,5287.09,5870.05,5742.25,5749.10,5764.36
财政收入:广西:南宁市,百万人民币,7533.1,121402266.2,11018.26966,1.489226222,0.776195383,1.46264747,197.9,35896,1315.83,41,201.02,197.90,236.82,245.35,260.17,262.58,274.46,354.47,388.73,440.78,510.71,573.52,639.30,700.51,734.59,1064.65,734.92,912.36,1035.83,1167.78,1315.83,1497.00,2164.84,2918.60,3128.05,3624.35,4325.26,4519.54,5661.91,7015.10,9288.12,12046.28,15609.58,18629.28,22971.83,25624.69,27485.17,29705.01,31279.21,33215.00,35896.00
财政收入:广西:柳州市,百万人民币,4140.810488,30145325.48,5490.475888,1.571101058,1.265732231,1.325942326,279,19378,1310,41,279.00,299.00,296.00,324.00,341.00,292.00,334.00,437.00,491.00,576.00,643.00,723.00,755.00,769.00,840.00,1310.00,692.00,826.00,778.00,932.00,1305.00,1393.00,1686.00,2176.00,2324.00,2713.08,2981.14,2817.98,3485.38,4036.93,5243.57,6141.48,7462.88,8945.46,11355.03,12512.11,13315.69,14667.65,15916.42,17979.43,19378.00
财政收入:广西:桂林市,百万人民币,6613.998743,25693397.66,5068.86552,0.574295003,-1.375493754,0.766384409,1476,15085,4518.84,21,,,,,,,,,,,,,,,,,,,,,1476.00,1521.00,1589.00,2052.00,2019.00,2213.16,2551.94,2478.38,2969.53,3631.67,4518.84,5514.98,6707.84,8074.85,10600.87,11100.15,12388.61,13452.58,14532.60,14415.97,15085.00
财政收入:广西:梧州市,百万人民币,2117.153171,9745375.74,3121.758437,1.591441067,0.912165805,1.474507598,82.33,9561,592.02,41,90.37,82.33,94.62,104.31,106.00,104.67,114.09,141.75,154.38,189.22,234.28,261.73,270.78,343.66,374.81,516.20,328.76,412.89,465.37,531.32,592.02,616.29,687.13,811.62,819.57,916.82,1193.83,1199.46,1370.88,1527.02,1812.95,2349.22,3242.14,4490.88,7383.03,8574.00,9045.45,9237.27,9561.00,8455.16,7996.00
财政收入:广西:北海市,百万人民币,1459.710732,3722950.753,1929.494948,1.581501723,1.487337036,1.321833775,31.59,7164,654,41,31.59,33.14,36.64,39.71,45.26,46.00,52.00,78.00,86.00,93.00,110.00,132.00,159.00,195.00,285.00,568.00,533.00,587.00,495.00,546.00,663.00,756.00,654.00,685.00,719.00,826.67,971.71,1086.25,1404.41,1902.45,1434.47,1722.27,2750.93,3706.08,4113.11,4211.00,4724.52,4761.36,5006.96,6433.61,7164.00
财政收入:广西:防城港市,百万人民币,1136.20878,2935673.052,1713.380592,1.544519686,0.890430079,1.507980418,7.62,5564.61,326.11,41,31.59,33.14,36.64,39.71,45.26,7.62,91.20,16.50,20.52,24.89,33.18,50.12,50.76,56.02,93.92,292.32,230.22,246.91,262.26,304.25,369.39,386.12,326.11,361.48,356.96,384.02,471.94,451.17,521.18,774.48,1170.01,1846.76,2268.67,2829.91,3554.97,4071.46,4545.22,5204.96,5564.61,4760.11,4398.00
财政收入:广西:钦州市,百万人民币,1284.289268,2999086.912,1731.787202,1.476347731,0.749737006,1.348440141,40,5410,466.72,41,40.00,42.00,47.00,67.00,74.00,61.00,60.00,65.00,81.00,93.00,112.00,135.00,162.00,204.00,228.00,341.00,221.51,267.82,319.51,383.65,466.72,579.20,672.00,552.16,622.93,698.80,783.74,908.41,1047.38,1304.38,1828.00,2101.35,2236.00,2556.96,3358.09,4495.00,4763.91,5034.47,4951.04,5280.83,5410.00
财政收入:广西:贵港市,百万人民币,1173.382683,2394659.336,1547.468687,1.650523423,1.778955608,1.31880989,40,5722,497.55,41,40.00,42.00,47.00,67.00,74.00,61.00,60.00,65.00,81.00,93.00,112.00,135.00,162.00,204.00,228.00,341.00,221.51,267.82,418.96,421.29,497.55,538.56,581.14,646.04,658.73,809.20,955.57,920.90,1096.58,1228.81,1562.48,1952.50,2144.02,2168.97,2657.33,3122.00,3645.13,4256.71,4761.94,5040.95,5722.00
财政收入:广西:玉林市,百万人民币,3793.9392,13415788.58,3662.756965,0.982208146,-0.687893787,0.965423211,536.27,10613,1774.33,25,,,,,,,,,,,,,,,,,536.27,681.94,818.73,903.69,959.30,1084.62,1208.56,1052.76,1087.01,1206.24,1413.24,1486.16,1774.33,2087.76,2557.37,3061.17,3683.91,4894.14,6557.09,7548.00,8881.26,9715.99,10480.77,10555.17,10613.00
财政收入:广西:百色市,百万人民币,2243.342778,7603617.219,2757.465724,1.259920045,0.155676162,1.229177169,47,8472,878,36,,,,,,54.00,47.00,77.00,87.00,114.00,142.00,167.00,195.00,223.00,236.00,374.00,271.00,370.00,456.00,542.00,690.00,762.00,818.00,938.00,954.00,1163.63,1415.45,1523.28,2019.43,2678.92,2946.00,2854.52,3386.29,3968.56,5658.01,6570.00,7091.03,7298.17,7948.29,8249.76,8472.00
财政收入:广西:贺州市,百万人民币,1616.830588,1070851.288,1034.819447,0.508406124,-1.348682937,0.640029608,367,3250,1212.95,17,,,,,,,,,,,,,,,,,,,,,,,,,367.00,463.25,597.90,694.63,850.44,971.63,852.00,1039.01,1212.95,1402.36,1920.95,2195.00,2441.00,2897.00,3241.89,3089.11,3250.00
财政收入:广西:河池市,百万人民币,1104.145854,1332355.904,1154.277221,1.024647708,-0.050573423,1.045402849,41.97,3993,770.34,41,46.84,41.97,43.03,44.40,44.82,50.75,57.57,75.94,81.05,110.92,138.56,177.68,195.81,219.56,254.22,259.28,321.05,454.97,545.60,658.81,770.34,886.82,955.52,1237.88,943.21,984.75,1214.87,1159.89,1318.06,1445.48,1790.98,2104.26,2295.26,2336.17,2217.07,2697.38,2993.30,3144.75,3335.84,3622.32,3993.00
财政收入:广西:来宾市,百万人民币,967.4078049,1426893.58,1194.526509,1.203072359,-0.078753284,1.234770386,20.3,3794.99,439.26,41,20.30,24.91,24.87,23.63,33.05,38.48,38.11,52.13,61.12,85.72,108.39,149.99,165.39,169.21,208.56,274.51,179.82,241.11,301.19,344.74,439.26,491.26,549.25,553.40,534.79,586.48,626.04,663.96,862.86,1038.77,1464.09,2048.33,2493.82,2509.88,3220.49,3637.33,3794.99,3028.63,3032.30,2763.56,2779.00
财政收入:广西:崇左市,百万人民币,2705.7125,2344284.976,1531.105802,0.14015349,-1.478912358,0.56587897,845.8,5011.63,2819.525,16,,,,,,,,,,,,,,,,,,,,,,,,,,886.17,945.36,845.80,851.10,1230.22,1677.21,2079.34,2615.95,3023.10,3949.02,4749.00,4839.41,5011.63,4076.00,3407.09,3105.00
财政收入:海南:海口市,百万人民币,6584.924375,22862931.06,4781.519744,0.683074059,-0.449525142,0.726131307,1225.41,16987.92,5564.9,16,,,,,,,,,,,,,,,,,,,,,,,,,,1225.41,1489.60,1791.49,2112.88,2435.00,3103.13,3844.16,5036.61,6093.19,7316.87,8673.24,10011.74,11150.41,11550.65,12536.49,16987.92
财政收入:海南:三亚市,百万人民币,4745.3225,12491173.37,3534.285412,0.158138703,-1.64296212,0.744793512,407.17,10042.48,4612.42,16,,,,,,,,,,,,,,,,,,,,,,,,,,407.17,532.08,725.26,973.38,1541.60,2109.25,2671.53,4222.31,5002.53,6024.72,6750.08,7777.08,8891.78,8957.72,9296.19,10042.48
财政收入:重庆,百万人民币,80115.99815,7401995263,86034.84912,0.745271723,-1.203882076,1.073878515,3663.25,226551.9938,31771.65,25,,,,,,,,,,,,,,,,,3663.25,4600.52,5494.12,5930.60,7112.87,7673.41,8724.42,10612.43,12606.74,16156.18,20062.41,25680.72,31771.65,44270.00,57757.38,68181.89,101829.38,148833.36,170348.85,169324.38,192201.59,215482.76,222791.17,225237.88,226551.99
财政收入:四川:成都市,百万人民币,65620.52438,2085979649,45672.5262,0.269429341,-1.424212269,0.696009772,8957.52,142419.83,60381.685,16,,,,,,,,,,,,,,,,,,,,,,,,,,8957.52,10803.08,14145.41,18677.03,28637.72,35469.38,38736.26,52694.08,68069.29,78089.52,89853.95,102516.96,115763.93,117541.09,127553.34,142419.83
财政收入:四川:自贡市,百万人民币,2826.32375,3198819.037,1788.524262,0.361129504,-1.281732935,0.632809409,694.48,6040.18,2548.71,16,,,,,,,,,,,,,,,,,,,,,,,,,,694.48,762.70,840.70,1002.79,1372.41,1654.56,1702.36,2183.60,2913.82,3298.98,3833.31,4240.59,4482.56,4875.74,5322.40,6040.18
财政收入:四川:攀枝花市,百万人民币,4089.581875,3566414.409,1888.495276,-0.371604196,-1.437858124,0.461781995,928.64,6290.76,4413.09,16,,,,,,,,,,,,,,,,,,,,,,,,,,928.64,1243.17,1868.31,2249.53,2582.39,3160.55,3490.28,3878.41,4947.77,5719.80,5854.50,6290.76,5334.12,5675.73,6059.30,6150.05
财政收入:四川:泸州市,百万人民币,6899.85125,29804289.52,5459.330501,0.30537509,-1.691197504,0.791224376,879.8,15008.06,5649.675,16,,,,,,,,,,,,,,,,,,,,,,,,,,879.80,971.73,1108.44,1400.56,1929.04,2460.57,3211.66,4758.88,6540.47,8278.82,10960.14,11592.16,12826.53,13866.32,14604.44,15008.06
财政收入:四川:德阳市,百万人民币,5751.25125,13022200.02,3608.628552,0.217952351,-1.548218201,0.627451035,1377.66,11756.71,5644.415,16,,,,,,,,,,,,,,,,,,,,,,,,,,1377.66,1464.29,1869.07,2174.24,2935.77,2533.76,3183.39,4579.76,6709.07,7553.22,8046.82,8351.53,8861.48,10006.53,10616.72,11756.71
财政收入:四川:绵阳市,百万人民币,6203.64625,15975921.57,3996.989063,0.208421301,-1.76256203,0.644296741,1591.93,12454.17,5542.595,16,,,,,,,,,,,,,,,,,,,,,,,,,,1591.93,1639.66,1884.78,2386.20,2811.73,2536.15,3371.48,4520.57,6564.62,8040.09,9047.82,10174.82,10413.08,10762.41,11058.83,12454.17
财政收入:四川:广元市,百万人民币,2159.73,2655707.039,1629.63402,0.303343541,-1.603104426,0.754554514,367.22,4769.07,1974.625,16,,,,,,,,,,,,,,,,,,,,,,,,,,501.22,367.22,392.45,511.07,677.47,617.13,1024.97,1672.67,2276.58,2683.74,3046.21,3478.36,4081.76,4056.61,4399.15,4769.07
财政收入:四川:遂宁市,百万人民币,2644.43375,4511472.615,2124.022744,0.594727496,-1.143273008,0.803205126,433.57,6382.29,2089.15,16,,,,,,,,,,,,,,,,,,,,,,,,,,476.18,433.57,477.99,628.41,826.57,1017.27,1313.84,1776.85,2401.45,2845.46,3356.04,3969.57,4931.62,5455.80,6018.03,6382.29
财政收入:四川:内江市,百万人民币,2825.186875,3909229.94,1977.177266,0.443109881,-1.417362308,0.699839463,616.23,6169.2,2284.61,16,,,,,,,,,,,,,,,,,,,,,,,,,,616.23,681.82,757.41,888.89,1140.95,1381.15,1617.85,2038.56,2530.66,3092.62,3774.91,4508.32,5026.82,5367.99,5609.61,6169.20
财政收入:四川:乐山市,百万人民币,5344.361875,11980210.49,3461.244066,0.140845581,-1.513242237,0.647644031,901.5,10991.73,5298.67,16,,,,,,,,,,,,,,,,,,,,,,,,,,901.50,1076.78,1341.73,1729.16,2321.28,2905.22,3429.98,4576.95,6020.39,7040.39,7510.97,7878.78,8553.22,9310.01,9921.70,10991.73
财政收入:四川:南充市,百万人民币,4763.961875,13881586.58,3725.800127,0.512362372,-1.271928772,0.782080173,837.97,11390.74,3777.13,16,,,,,,,,,,,,,,,,,,,,,,,,,,916.40,837.97,911.22,1124.65,1501.48,1868.07,2352.37,3225.64,4328.62,5287.00,6556.66,7655.68,8507.46,9433.88,10325.55,11390.74
财政收入:四川:眉山市,百万人民币,4305.595,12986946.29,3603.740596,0.474273054,-1.515982068,0.836990148,564.61,10319.64,2937.02,16,,,,,,,,,,,,,,,,,,,,,,,,,,564.61,648.86,708.22,853.42,1192.89,1461.29,1843.98,2468.63,3405.41,4880.88,6360.67,7519.91,8314.91,9030.08,9316.12,10319.64
财政收入:四川:宜宾市,百万人民币,6946.255,24846158.41,4984.592101,0.385524816,-1.236514014,0.717594171,1210.48,16088.83,6143.815,16,,,,,,,,,,,,,,,,,,,,,,,,,,1210.48,1252.38,1491.96,1865.49,2491.70,3381.64,4104.70,5564.65,6722.98,8296.93,10160.00,10561.18,11496.77,12568.43,13881.96,16088.83
财政收入:四川:广安市,百万人民币,3190.535625,6173400.72,2484.632915,0.732099589,-0.819280947,0.778751033,617.31,8007.21,2452.76,16,,,,,,,,,,,,,,,,,,,,,,,,,,617.31,709.24,787.76,950.80,1157.77,1337.90,1620.18,2127.85,2777.67,3280.17,3861.77,4596.37,5669.85,6421.79,7124.93,8007.21
财政收入:四川:达州市,百万人民币,4412.47375,10965353.85,3311.397568,0.408194908,-1.411090032,0.750462837,705.67,10102.75,3587.335,16,,,,,,,,,,,,,,,,,,,,,,,,,,705.67,735.98,871.41,1146.64,1583.21,2009.57,2341.38,3059.24,4115.43,5203.60,6030.88,7241.20,7915.48,8466.36,9070.78,10102.75
财政收入:四川:雅安市,百万人民币,1866.475625,1609444.605,1268.638879,0.18940791,-1.548433968,0.679697534,304.86,4001.6,1865.215,16,,,,,,,,,,,,,,,,,,,,,,,,,,304.86,375.08,454.21,554.23,754.88,812.31,1090.17,1565.22,2165.21,3021.66,2293.86,2737.88,3030.82,3217.92,3483.70,4001.60
财政收入:四川:巴中市,百万人民币,1872.368125,3047898.015,1745.823019,0.57742417,-1.482387549,0.932414409,255.26,4552.8,1027.95,16,,,,,,,,,,,,,,,,,,,,,,,,,,261.39,264.32,255.26,299.26,362.09,446.73,536.99,781.60,1274.30,2005.92,2735.01,3303.71,3905.02,4429.45,4552.80,4544.04
财政收入:四川:资阳市,百万人民币,3044.2025,4101092.491,2025.115427,0.102994516,-1.685368495,0.665236766,569.23,6177.33,2847.085,16,,,,,,,,,,,,,,,,,,,,,,,,,,569.23,580.39,638.16,769.94,1418.26,1621.24,1829.77,2446.79,3247.38,4073.33,4844.18,5546.19,6177.33,4683.60,4976.70,5284.75
财政收入:贵州:贵阳市,百万人民币,19921.68,190856941.2,13815.09831,0.327324369,-1.6785274,0.693470546,4038.55,41134,16169.87,16,,,,,,,,,,,,,,,,,,,,,,,,,,4038.55,4970.19,6248.73,6157.98,7591.54,8898.90,10536.36,13630.34,18709.40,24119.20,27720.77,33159.62,37414.76,36631.81,37784.73,41134.00
财政收入:贵州:六盘水市,百万人民币,7216.550625,29390038.29,5421.257999,0.118187254,-1.938757026,0.751225659,731.44,14172.56,5985.285,16,,,,,,,,,,,,,,,,,,,,,,,,,,731.44,897.40,1323.41,1685.33,2160.64,2971.33,3712.40,4930.83,7039.74,10349.49,12359.04,12874.14,13026.41,13368.57,13862.08,14172.56
财政收入:贵州:遵义市,百万人民币,9922.095625,62427547.21,7901.110505,0.61146486,-1.035178064,0.79631469,1566.72,25213.57,7110.74,16,,,,,,,,,,,,,,,,,,,,,,,,,,1566.72,1803.28,2215.92,2688.37,3407.18,3917.52,4628.43,5759.46,8462.02,11299.58,13677.30,15965.26,17761.05,18749.31,21638.56,25213.57
财政收入:贵州:安顺市,百万人民币,3545.30375,7257470.1,2693.969209,0.496676626,-1.451476855,0.759869788,532.48,7731.88,2469.54,16,,,,,,,,,,,,,,,,,,,,,,,,,,532.48,632.38,744.15,1112.30,1505.29,1612.52,2288.25,1984.30,2650.83,3750.39,4688.96,5847.96,6986.39,7032.31,7624.47,7731.88
财政收入:云南:昆明市,百万人民币,30650.71313,370888418.9,19258.46357,0.136032221,-1.656574648,0.628320245,6011.01,59563,28576.045,16,,,,,,,,,,,,,,,,,,,,,,,,,,6011.01,7257.30,9066.55,10371.60,13309.93,17498.94,20161.25,25383.16,31768.93,37839.51,45075.00,47797.36,50221.61,53000.26,56086.00,59563.00
财政收入:云南:曲靖市,百万人民币,8125.699375,18263848.91,4273.622457,-0.058790188,-1.596193127,0.525939031,2050.54,14190,8036.96,16,,,,,,,,,,,,,,,,,,,,,,,,,,2050.54,2365.51,2945.06,3651.62,4648.68,5601.37,6318.75,7243.26,8830.66,10383.21,12153.00,11567.24,11809.29,12631.00,13622.00,14190.00
财政收入:云南:玉溪市,百万人民币,7806.12625,18219777.55,4268.463137,0.230307959,-1.598091624,0.54680939,2455.9,14249,7099.2,16,,,,,,,,,,,,,,,,,,,,,,,,,,2455.90,2957.11,3122.86,3305.25,3889.65,5016.21,5415.95,6472.97,7725.43,9021.94,10597.00,11358.97,12481.67,13106.00,13722.11,14249.00
财政收入:云南:保山市,百万人民币,2981.484375,4886202.469,2210.475621,0.378228093,-1.471349807,0.741401041,476.88,6616,2478.725,16,,,,,,,,,,,,,,,,,,,,,,,,,,476.88,518.84,652.91,834.77,1057.61,1245.66,1580.71,2137.78,2819.67,3554.93,4284.00,4717.84,5223.64,5751.00,6231.51,6616.00
财政收入:云南:昭通市,百万人民币,3370.23875,5612181.019,2369.004225,0.438299676,-1.125268575,0.702918814,566.14,7821,2910.59,16,,,,,,,,,,,,,,,,,,,,,,,,,,566.14,696.74,852.16,1029.98,1288.74,1712.86,2079.06,2561.82,3259.36,3946.79,4747.21,5102.01,5526.95,5980.00,6753.00,7821.00
财政收入:云南:丽江市,百万人民币,2469.57,3505718.402,1872.356377,0.094595015,-1.969054614,0.758171008,258.92,4825,2136,16,,,,,,,,,,,,,,,,,,,,,,,,,,258.92,340.25,405.95,508.29,728.31,952.35,1165.84,1646.00,2626.00,3800.94,4577.95,4607.01,4776.93,4825.00,4006.38,4287.00
财政收入:云南:普洱市,百万人民币,3047.78,4082569.827,2020.537014,-0.125830681,-1.948921598,0.662953696,506.93,5434,3507.4,16,,,,,,,,,,,,,,,,,,,,,,,,,,528.84,506.93,623.26,779.26,1109.83,1369.74,1660.00,3085.80,3929.00,4790.00,5372.00,4498.92,4748.90,5006.00,5322.00,5434.00
财政收入:云南:临沧市,百万人民币,2156.75625,2442288.529,1562.782304,0.171718618,-1.921073387,0.724598482,419.36,4417,1795.065,16,,,,,,,,,,,,,,,,,,,,,,,,,,446.52,419.36,460.00,555.30,695.54,848.63,1005.43,1451.41,2138.72,3022.39,3685.00,3725.72,3806.08,3827.00,4004.00,4417.00
财政收入:西藏:拉萨,百万人民币,2965.647368,11848030.08,3442.096757,1.099754069,0.026620876,1.160656116,185.07,11010,1004.67,19,,,,,,,,,,,,,,,,,,,,,,,185.07,211.27,222.87,245.37,280.94,321.87,389.76,574.66,803.08,1004.67,1501.59,2342.91,3435.67,5016.16,6478.91,6241.62,7118.00,8962.88,11010.00
财政收入:陕西:西安市,百万人民币,33833.58375,600121771.9,24497.38296,0.280027032,-1.751464522,0.724055221,6480.37,68471,28020.265,16,,,,,,,,,,,,,,,,,,,,,,,,,,6480.37,7531.38,7305.43,8588.54,11291.89,14560.87,18139.92,24185.67,31854.86,39695.97,50197.51,58378.88,65098.53,64106.55,65449.97,68471.00
财政收入:陕西:铜川市,百万人民币,1392.984375,742211.2943,861.5168566,-0.231607629,-1.843027814,0.618468428,215.21,2410.41,1632.39,16,,,,,,,,,,,,,,,,,,,,,,,,,,215.21,245.75,302.00,406.70,600.36,750.49,1007.85,1375.34,1889.44,2100.00,2410.41,2206.47,2311.47,2150.72,2005.54,2310.00
财政收入:陕西:宝鸡市,百万人民币,4734.439375,8891988.256,2981.943704,0.049382476,-1.851960987,0.629840931,1062.24,8776,4510.84,16,,,,,,,,,,,,,,,,,,,,,,,,,,1062.24,1257.60,1196.81,1507.20,1960.12,2391.37,3013.62,3877.79,5143.89,6484.66,7201.96,7805.71,8447.47,7516.41,8108.18,8776.00
财政收入:陕西:咸阳市,百万人民币,4950.77125,9882442.674,3143.635264,-0.044895579,-1.910541831,0.634978896,1078.47,8909,5101.875,16,,,,,,,,,,,,,,,,,,,,,,,,,,1267.13,1182.77,1078.47,1263.04,1945.88,2406.83,3167.07,4348.02,5855.73,6916.77,7899.66,8529.61,8544.41,8150.48,7747.47,8909.00
财政收入:陕西:渭南市,百万人民币,4195.65,7885542.463,2808.120806,0.180158304,-1.489028209,0.669293389,803.03,9091,3915.075,16,,,,,,,,,,,,,,,,,,,,,,,,,,803.03,845.86,901.00,1202.25,1605.50,2136.06,2824.63,3400.47,4429.68,5505.67,6505.55,6746.48,7205.68,6569.30,7358.24,9091.00
财政收入:陕西:延安市,百万人民币,10418.06688,23543429.47,4852.157197,-0.385143635,-1.176544964,0.465744486,2011.98,16810.35,11295.77,16,,,,,,,,,,,,,,,,,,,,,,,,,,2011.98,2897.55,4508.18,6036.82,7269.47,8004.95,9046.60,10518.95,12072.59,13926.03,15538.48,16810.35,16116.73,13054.64,14041.75,14834.00
财政收入:陕西:汉中市,百万人民币,2496.410625,2713611.217,1647.304227,0.271733293,-1.711183911,0.659869098,637.47,4996,2108.95,16,,,,,,,,,,,,,,,,,,,,,,,,,,637.47,753.94,640.48,769.45,1023.58,1233.27,1438.80,1862.46,2355.44,3008.68,3583.04,4089.10,4466.93,4519.05,4564.88,4996.00
财政收入:陕西:榆林市,百万人民币,16357.345,154282242.9,12421.04033,0.248331826,-1.37301999,0.759355527,1235.05,38984,15289.23,16,,,,,,,,,,,,,,,,,,,,,,,,,,1235.05,1954.23,2384.13,3565.85,5012.07,7001.08,9117.50,12553.69,18024.77,24905.82,26073.40,26784.00,29559.00,23269.40,31293.53,38984.00
财政收入:陕西:安康市,百万人民币,1631.441875,1176525.621,1084.677657,0.090279909,-1.870361346,0.664858291,345.63,3083.95,1528.605,16,,,,,,,,,,,,,,,,,,,,,,,,,,404.89,430.80,345.63,405.72,581.12,748.85,971.95,1322.74,1734.47,2165.91,2534.41,2808.86,3083.95,3010.67,2802.10,2751.00
财政收入:陕西:商洛市,百万人民币,1495.88,1109557.792,1053.355492,0.170175684,-1.619286659,0.704171118,245.72,3179,1425.36,16,,,,,,,,,,,,,,,,,,,,,,,,,,293.15,298.74,245.72,337.00,494.01,682.43,895.85,1201.30,1649.42,2149.88,2567.79,2904.00,3179.00,2677.07,2175.72,2183.00
财政收入:甘肃:兰州市,百万人民币,10563.16188,62968015.31,7935.238831,0.729512802,-0.883080245,0.751218141,2056.6,25332,7962.38,16,,,,,,,,,,,,,,,,,,,,,,,,,,2056.60,2495.21,2892.56,3314.17,4662.56,5086.18,5703.85,7275.79,8648.97,10373.03,12449.56,15232.99,18519.17,21547.94,23420.01,25332.00
财政收入:甘肃:嘉峪关市,百万人民币,1051.46875,338680.1394,581.9623178,0.148587992,-1.561445187,0.55347562,266.23,1968,967.38,16,,,,,,,,,,,,,,,,,,,,,,,,,,266.23,350.01,401.33,452.44,558.14,685.07,748.08,833.65,1101.11,1285.37,1533.35,1581.62,1513.00,1709.46,1836.64,1968.00
财政收入:甘肃:金昌市,百万人民币,1211.3,471462.7723,686.6314676,0.253398202,-1.331319615,0.566855005,286.96,2307.94,1080.145,16,,,,,,,,,,,,,,,,,,,,,,,,,,286.96,342.82,429.48,614.13,842.49,611.20,923.28,1022.03,1138.26,1332.14,1586.95,1799.17,1847.43,2074.79,2221.73,2307.94
财政收入:甘肃:白银市,百万人民币,1637.89375,1080204.122,1039.328688,0.119662019,-1.832925755,0.634551959,366.24,3107,1447.885,16,,,,,,,,,,,,,,,,,,,,,,,,,,366.24,425.09,470.52,559.47,703.93,850.59,992.40,1184.11,1711.66,2409.12,2411.02,2599.75,2549.08,2871.91,2994.41,3107.00
财政收入:甘肃:天水市,百万人民币,2086.768125,2377593.02,1541.944558,0.513605907,-1.301270108,0.738915138,418.77,4663,1651.11,16,,,,,,,,,,,,,,,,,,,,,,,,,,418.77,450.72,500.64,615.95,764.59,929.16,1137.18,1438.93,1863.29,2305.48,2760.07,3182.60,3669.39,4221.52,4467.00,4663.00
财政收入:甘肃:武威市,百万人民币,1325.93875,1259003.463,1122.053235,0.564030754,-1.461308974,0.846233082,252.56,3110.34,830.075,16,,,,,,,,,,,,,,,,,,,,,,,,,,266.56,267.18,252.56,313.04,351.89,414.35,484.43,643.01,1017.14,1450.00,1835.23,2218.30,2684.22,3110.34,2861.77,3045.00
财政收入:甘肃:张掖市,百万人民币,1285.17375,919646.0705,958.9817884,0.554180851,-1.490793682,0.746188434,325.63,2784,892.565,16,,,,,,,,,,,,,,,,,,,,,,,,,,376.39,327.27,325.63,393.34,474.25,557.28,631.69,758.43,1026.70,1266.23,1672.23,2213.55,2413.63,2709.66,2632.50,2784.00
财政收入:甘肃:平凉市,百万人民币,1568.373125,900157.6777,948.7663979,0.153978249,-1.725381764,0.604936659,413.2,3047,1451.28,16,,,,,,,,,,,,,,,,,,,,,,,,,,413.20,478.68,510.11,576.49,696.15,824.36,952.26,1301.56,1601.00,2138.98,2259.27,2409.38,2471.57,2655.01,2758.95,3047.00
财政收入:甘肃:酒泉市,百万人民币,1835.295625,1704323.721,1305.497499,0.321344971,-1.743184406,0.711328181,391.22,3652,1420.45,16,,,,,,,,,,,,,,,,,,,,,,,,,,391.22,423.97,424.76,514.02,760.00,854.77,964.90,1190.72,1650.18,2117.78,2669.96,3222.53,3455.80,3621.87,3450.25,3652.00
财政收入:甘肃:庆阳市,百万人民币,3290.820625,4805795.594,2192.212488,-0.046507702,-1.728776715,0.666159824,454.94,6373.46,3639.41,16,,,,,,,,,,,,,,,,,,,,,,,,,,454.94,547.91,672.34,847.57,1041.72,1746.20,2264.29,3002.47,4434.01,5310.91,6373.46,6153.58,5539.93,4276.35,4678.45,5309.00
财政收入:甘肃:定西市,百万人民币,1182.27625,833838.5267,913.147593,0.415480501,-1.708506583,0.772363983,250.84,2509.64,862.49,16,,,,,,,,,,,,,,,,,,,,,,,,,,321.45,316.00,250.84,270.07,323.97,402.92,504.39,724.55,1000.43,1311.15,1704.65,2154.38,2434.89,2509.64,2281.35,2405.74
财政收入:甘肃:陇南市,百万人民币,1463.550667,920062.164,959.1987094,0.124305302,-1.803729935,0.655391529,253.77,2695,1305.94,15,,,,,,,,,,,,,,,,,,,,,,,,,,,253.77,269.36,389.22,576.84,767.22,794.37,933.22,1305.94,1601.04,2147.68,2389.00,2545.00,2668.74,2616.86,2695.00
财政收入:青海:西宁市,百万人民币,4637.88625,10068274.39,3173.054425,0.278359128,-1.590410731,0.684159605,843.97,9478.61,3988.46,16,,,,,,,,,,,,,,,,,,,,,,,,,,843.97,1002.73,1178.60,1415.98,1841.23,2344.68,2814.95,3452.19,4524.73,5476.70,6711.38,8388.21,9478.61,7521.63,7916.24,9294.35
财政收入:宁夏:银川市,百万人民币,6927.150952,48024564.88,6929.975821,0.604488375,-1.38554838,1.000407797,38.8,18117,3581.1,21,72.67,,38.80,,,,,131.72,,,,,,,,,,264.02,,,,,830.64,,,1226.05,1498.48,1816.45,2361.20,2763.84,3581.10,4405.81,6403.68,9662.02,11313.20,13459.99,15359.98,17098.31,17319.60,17745.61,18117.00
财政收入:宁夏:石嘴山市,百万人民币,1506.778095,1357076.864,1164.93642,0.100401199,-1.533181082,0.773130711,21.25,3446.11,1529.99,21,41.41,,21.25,,,,,49.57,,,,,,,,,,95.55,,,,,291.92,,,422.59,515.94,729.00,905.25,1151.47,1529.99,1712.90,2164.60,2638.31,2979.37,3099.48,3446.11,2675.45,2473.91,2306.27,2392.00
财政收入:宁夏:吴忠市,百万人民币,1579.536667,1799149.916,1341.323941,0.30465365,-1.624956285,0.849188227,21.22,3513.83,1259.07,21,33.98,,21.22,,,,,28.97,,,,,,,,,,86.89,,,,,246.10,,,467.87,433.27,501.77,1317.64,1259.07,968.08,1232.91,1566.90,2191.48,2874.26,3247.49,3513.83,3196.59,3255.87,3268.85,3457.23
财政收入:宁夏:固原市,百万人民币,632.2895238,436874.338,660.9647026,0.67041674,-1.357893721,1.045351343,5.38,1726,262.02,21,11.82,,8.33,,,,,5.38,,,,,,,,,,32.08,,,,,78.74,,,133.64,122.35,140.24,166.77,208.24,262.02,352.90,525.81,797.88,1033.45,1305.67,1529.50,1590.94,1578.27,1668.05,1726.00
财政收入:宁夏:中卫市,百万人民币,957.045,784878.6005,885.933745,0.498007368,-1.410292853,0.925697062,10.81,2400.48,627.955,20,10.81,,11.09,,,,,12.36,,,,,,,,,,47.64,,,,,129.12,,,,232.21,275.66,316.19,593.91,520.51,662.00,849.79,1244.97,1474.35,1707.32,1946.36,2129.55,2314.58,2400.48,2262.00
财政收入:新疆:乌鲁木齐市,百万人民币,20811.0225,215703251.2,14686.83939,0.323759001,-1.530087887,0.705724065,4091.19,45828,17709.865,16,,,,,,,,,,,,,,,,,,,,,,,,,,4091.19,4633.95,5140.14,5703.56,7342.79,10098.00,11353.80,14799.38,20620.35,25200.52,30190.47,34062.43,36866.63,36967.34,40077.81,45828.00
财政收入:新疆:克拉玛依市,百万人民币,5165.133125,6860842.154,2619.320934,0.313192662,-1.003307187,0.507115861,1308.35,10050,4669.765,16,,,,,,,,,,,,,,,,,,,,,,,,,,1308.35,2021.45,2330.21,2880.24,3648.26,3914.57,3327.63,4243.03,5096.50,5726.03,6582.58,7354.81,7499.26,7914.22,8744.99,10050.00
